fingerprint,source_countries,source_labels,detected_country,protocol,transport,security,current_status,publication_status,consecutive_failures,failure_category,attempts,probe,latency_ms
000063e5e47b770743555defed91bf1afb8eb7950db9c7f64569e53086fefe38,,Unknown,,vless,websocket,tls,failed,failed_unverified,0,reset,1,,
003a3222287b79f3ac81d54041313aba3a4f8b43d8a00e12158b982458e367ba,US,United_States,,vless,websocket,tls,failed,failed_unverified,0,reset,1,,
003d2b45b214dcef6ccf3000a56d40a7cda6e18698756b1f8427264a53efa94a,US,United_States,,vless,websocket,tls,failed,failed_unverified,0,reset,1,,
0057a25f4fb2f0d51a8190c781fd1fe6ccf3431661abb09808f92e5099b2c961,,Unknown,BR,vmess,websocket,tls,geo_resolved,fresh_verified,0,,1,http,1862
005f5cd2ee035a0a357b2f28bcbb25cb99c107af2671d7d478534a8b41c61ee1,CA,Canada,US,vless,websocket,tls,geo_resolved,fresh_verified,0,,1,http,2921
007344e2a3a838fc5ccfefa9b71455935fa2c1e782f7f16cd64e628516cb9164,US,United_States,,vless,websocket,tls,failed,failed_unverified,0,timeout,2,,
00765a53686805515b9c8c73e0af1b62599b6c6fbb7cbd0ac411c97a1ec238af,,Unknown,IT,vless,websocket,tls,geo_resolved,fresh_verified,0,,1,http,1590
0076acb7504659dde162b574317f11498dd0f2e5e12ddb1d3306818ba03bf9cc,,Unknown,,vless,raw,reality,failed,failed_unverified,0,eof,1,,
00785665f077f1cb25da19d9b883c3357487ceca1bb00f1062a7e6a463a1171e,,Unknown,,vless,raw,reality,failed,failed_unverified,0,reset,1,,
00820e2ac7e0b921866aff24d9734b516ea72048ef582b3e93ef3717786deb80,RU,Russia,,vless,raw,reality,failed,failed_unverified,0,eof,1,,
00964c02a556cce7841db7e4809bb79d38ce0219b4b1f78dabd3b20596b0b0a8,SG,Singapore,,vless,raw,reality,failed,failed_unverified,0,timeout,2,,
00a664a70172f4a8f59448b32dac8c9ec6347ce994378c5b1f39ea32f8b28c50,DE,Germany,,vless,raw,reality,failed,failed_unverified,0,timeout,2,,
00a9c1e6b7d8c998571c8d09227bd843405b157f0fa5b15b5965bd243e10ad21,,Unknown,,vless,websocket,tls,failed,failed_unverified,0,reset,1,,
00b18fef126dd6901b48507adad09b623e74ed05746da3a69af3e71900f03a35,MD,Moldova,MD,vless,grpc,reality,geo_resolved,fresh_verified,0,,1,http,2326
00d893d73d0571d383c3c1d80272dae51d6f5cbdfa2049262b04895df4b1dd38,,Unknown,,vmess,raw,tls,failed,failed_unverified,0,reset,1,,
00f5fba2ded84440527cd8f50f65275e3d3252316f60405945de4dcfae9df18e,US,United_States,,vless,websocket,tls,failed,failed_unverified,0,eof,1,,
00f6ef4825b0b13a6a91619930d420f2cbc072baf15b6879652798b90b541fcc,,Unknown,US,vless,grpc,reality,failed,preserved_last_known,2,timeout,1,,
00fd0f77ad3ecc017784ed41225dd8dc1b47b39632b06d1911526fb8f6eea158,CH,Switzerland,,vmess,websocket,tls,failed,failed_unverified,0,reset,1,,
010b59d313f9c6019e7322360fb6bf3200b4e1f2c00addc95bb54b577ad9d072,US,United_States,FI,vless,raw,reality,geo_resolved,fresh_verified,0,,1,http,2623
011643d6d5d25472e0602b89470f230d07b7964eba9214dd7912269c18b3eefc,,Unknown,IT,vless,xhttp,tls,geo_resolved,fresh_verified,0,,1,http,2245
012bf87a51acffc06424c86137cc36af71c193e6146b39e0b823f88ae9ddd58f,,Unknown,,vmess,websocket,tls,failed,failed_unverified,0,reset,1,,
013a06d6d90fc1a27952a22abe54d3d26acf1ecb32b4308d994824fd394154c4,HK,Hong_Kong,,vmess,websocket,tls,failed,failed_unverified,0,reset,1,,
013bc95a3f459c91516f774006b2f62dca362db849313ce49672157c53a0d77c,,Unknown,,vless,raw,reality,failed,failed_unverified,0,timeout,1,,
01415ddc47aa05f5dcba4523807945161c4142aebcb3aa9fb6fb61352744be8e,FR,France,,vless,xhttp,tls,failed,failed_unverified,0,timeout,2,,
0142f86345df1be75dff49918bc2ad0365efef1ea49ff14369c7ceb2afc006e3,,Unknown,DE,vless,websocket,tls,failed,preserved_last_known,1,eof,1,,
0150967548dc836b2e4d7ed3b35e4f29ddc9835a8d742bf8fbb46bda6cd4676c,,Unknown,,vless,websocket,tls,failed,failed_unverified,0,reset,1,,
0170bd51ab0b25203fa2004c96fcd631f7b7b1910f2d5e04159d9975f285b6fe,BR,Brazil,PL,vless,raw,tls,failed,preserved_last_known,1,eof,1,,
0179568125547005088356f0fb061ccaefa88e1373358f416b4b2c58949acf32,,Unknown,,vless,xhttp,tls,failed,failed_unverified,0,eof,1,,
019027864c941b5df189e5cd662e241ced16983872d5ab206de1b66f007dfc42,PL,Poland,,vless,raw,reality,failed,failed_unverified,0,timeout,2,,
01a17c715857a2653f2ffa6b331b3ed7b80bbad8a295d97a562e1eedfd062d78,,Unknown,IT,vless,websocket,tls,geo_resolved,fresh_verified,0,,1,http,1588
01a44bed09a32126b96573fa900a0e11d999637ce7d595ec92c461e9f166ec38,RU,Russia,,vless,xhttp,reality,failed,failed_unverified,0,eof,1,,
01bff088700e91c4343bfe50d6bc3f9aa07df9a70296e9c6d76f48f706984d71,KZ,Kazakhstan,,vless,websocket,tls,failed,failed_unverified,0,reset,1,,
01c062149a35d2fead207b37b7d5d1957c0ab68e8e84183e60aa1fd4d91b6e85,,Unknown,,vmess,websocket,tls,failed,failed_unverified,0,eof,1,,
01ca611d79415af696ddb5cab7d86bd1743be5b990419de1fcc8cf391195dbcc,,Unknown,,vless,websocket,tls,failed,failed_unverified,0,eof,1,,
01ca92f82f4fb57e8ad4b1e7bf4b472695b68247fe6cb30bff2a0896aee573f1,MD,Moldova,MD,vless,grpc,reality,geo_resolved,fresh_verified,0,,1,http,2518
01ff44546722df500aef030c8931bce47d4b3671e9b6b23b3c1b7b0acc6dcf8b,,Unknown,,vless,xhttp,tls,failed,failed_unverified,0,reset,1,,
01ff5499070013a17868931089124da4801e69580aa45454ed87f36f4d864a1f,CA,Canada,,vless,raw,reality,failed,failed_unverified,0,timeout,2,,
020eca005ce1a2002396db250def336257d084a770aba66ed254a0e5aef47793,,Unknown,,vmess,websocket,tls,failed,failed_unverified,0,reset,1,,
0216fea7a0508e9b35b74e343c2ce4660b6cb669bf06d360303de4614088204a,US,Us,,vless,websocket,tls,failed,failed_unverified,0,reset,1,,
0237a00da8216074c1d436d9e266fef4f2db274d576f2c1ea722d3b4e03b01d0,CA,Canada,,vless,websocket,tls,failed,failed_unverified,0,reset,1,,
024298efe65d76c51aa7810a851ec5f65f657021a40bc59cebd952c30f0976d8,,Unknown,HK,vmess,websocket,tls,geo_resolved,fresh_verified,0,,1,http,2243
0246a5b34988a63d29ec9a6f1cf939cb06a29e55953c617e76a23d1251008326,GB,United_Kingdom,,vless,websocket,tls,failed,failed_unverified,0,reset,1,,
02508d9bea568c688a82d3a119c5ec7580f234721b6e98e9740cc65bbfd0ed08,RU,Russia,,vless,xhttp,reality,failed,failed_unverified,0,eof,1,,
02602f87aa6cf0146157c78fa4d4052476a9ea0f624f482d67e8b0edaa20f6ab,GB,United_Kingdom,FR,vless,raw,tls,failed,preserved_last_known,1,eof,1,,
026480e1a8c2c9fc1543591b57f4aa9c29b0be872023545ff28d7bfe91e83d3d,,Unknown,,vless,xhttp,tls,failed,failed_unverified,0,eof,1,,
027273d16d5afdd801f9493519f101c65660fb01454928c95bad0b268fa28f6b,GB,United_Kingdom,NL,vless,raw,reality,geo_resolved,fresh_verified,0,,1,http,2110
02837e4c794130d094ded58d2c77ab4e7fcf4b2e1b2f2cad7ea65c62f7266fb0,CA,Canada,,vless,websocket,tls,failed,failed_unverified,0,timeout,2,,
02875c6e333cdb2fa1eefb93b065fcc17c49175ffc3b856a486aa9cedda247c0,GB,United_Kingdom,,vless,websocket,tls,failed,failed_unverified,0,timeout,2,,
028fc92b51c5915ef1a693cb9e55b69be31d0d7c6cf5e7142e3eac1bb2dcb409,DE,Germany,,vmess,websocket,tls,failed,failed_unverified,0,reset,1,,
02c2b12eb3c1b91e889e4e91fe05f32598220c79a66f5f10e8b2d1554729f1ef,HK,Hong_Kong,HK,vmess,websocket,tls,geo_resolved,fresh_verified,0,,1,http,1779
02c951b2d73324d09012239af0005e910b2e43c91b03fbfd9c14c6ded0b8b809,IE,Ireland,BY,vless,websocket,tls,geo_resolved,fresh_verified,0,,1,http,4723
02cdf40c33c5a68f033e5f6156148526ac554a160f6b2d2f647f5edd8cfae89d,US,United_States,,vless,websocket,tls,failed,failed_unverified,0,timeout,2,,
02d005c03108fca176661ee158d0324b4cdeaa95e1b12ba09e89197b3e68946a,DE,Germany,,vless,raw,reality,failed,failed_unverified,0,timeout,2,,
02e2240ce6434d4420e7a51681df41f378e088b1b5d90d063d6f5e9a05cfb13a,,Unknown,,vless,raw,reality,failed,failed_unverified,0,reset,1,,
02e30ccc75495ed50a8523e651ceaa488473b4ca65878c9e4054645db88f3d09,FR,France,,vless,raw,reality,failed,failed_unverified,0,eof,1,,
02ee7a34e2a3ae2f802cf7d8de86381e679b991c3d3374b7a7b860582dcd668b,NO,Norway,,vless,raw,reality,failed,failed_unverified,0,timeout,2,,
02fa663e8d3127ff0d4582243bd5224e2d8651003d40b466fe5f1bbfae688854,US,United_States,,vless,websocket,tls,failed,failed_unverified,0,eof,1,,
0320c7fd456514f1967e6f9df744ddffe82a07a3b9b54e5d36b621d0953a05f7,CA,Canada,,vless,websocket,tls,failed,failed_unverified,0,timeout,2,,
03361a74712fa88a78c8a23cb8081feafebf8f792d9ec89fa27c6e4e2d599758,,Unknown,,vmess,websocket,tls,failed,failed_unverified,0,timeout,2,,
03581700efa31a9de34bcb216f3e1f2f28c47f52f409de75f831b33da6318cc1,EE,Estonia,,vless,websocket,tls,failed,failed_unverified,0,eof,1,,
0362aa26601f4a0f8eef993741019283a07aea8f0cc404e66febb33336faaa4b,,Unknown,,vmess,websocket,tls,failed,failed_unverified,0,timeout,2,,
036a3d9c28368bed7f0b15387a93cfb00ec2ecc7e90d03917fc176512b2b50ad,US,United_States,,vless,grpc,reality,failed,failed_unverified,0,eof,1,,
03711c6bd42d9735f537aea6482bec861590926c23cf44b3440a8f847aa67d71,,Unknown,,vless,websocket,tls,failed,failed_unverified,0,reset,1,,
038e42784d3b8d625696d6e3c8f4ebb4187c23e8a3c1a92eff56bf42f9b53ad7,IR,Iran,,vless,xhttp,reality,failed,failed_unverified,0,timeout,2,,
03a0e688ffd01cea684bd26a150e71a302b7856e4e8f8892619af9833587dafe,US,United_States,,vless,websocket,tls,failed,failed_unverified,0,eof,1,,
03b5ac4dc9b11e632ad7bcaa5101d8d0c11f1be6757ee8eba9a0da098ef4a36c,BE,Belgium,,vmess,websocket,tls,failed,failed_unverified,0,timeout,2,,
03b67eb774054e5fde4733b36c987709d8df87ca93e4979a2462e557a94d3dd1,,Unknown,,vless,websocket,tls,failed,failed_unverified,0,reset,1,,
03baa6c357724e50c36890be92a527f00a94181734569f678c512e97b4e699ae,CZ,Czechia,,vless,grpc,reality,failed,failed_unverified,0,timeout,1,,
03bc11ec23a1a5ffb8e59705c1bd55b62daa8d0e8ae022582f14d3eed7bc567b,US,United_States,,vless,raw,reality,failed,failed_unverified,0,reset,1,,
03dbdbbb0554be46875956e430b87f8854a3dec031bc81e85556e25c7672d6e0,US,United_States,,vless,raw,reality,failed,failed_unverified,0,eof,1,,
03e6392170fd90d0c1255a0c4e51862110ad252349e6c320e254db38a13834d6,,Unknown,,vless,websocket,tls,failed,failed_unverified,0,reset,1,,
03fbcc3c7a3893a8408c421dab42d93ae497ae6bc6aa8c897d83407621ac1c90,US,United_States,,vless,xhttp,reality,failed,failed_unverified,0,eof,1,,
0429558dd4b6b1b6176eb3967a71f06bebdbff99810ce2927499c03f16e12aeb,US,United_States,,vless,raw,reality,failed,failed_unverified,0,timeout,2,,
043b2daadcb261e0df9baebdee005637a8fe4317c474396c5e7b6e3c9f8858e7,,Unknown,,vless,raw,reality,failed,failed_unverified,0,timeout,2,,
045045dc87c3ddacd7f17a1e7ba1ef7fffc1453f64cef9197292b03e2c8c67b6,,Unknown,,vless,websocket,tls,failed,failed_unverified,0,reset,1,,
0466502472b286a9071bea7616f1ec9a657f806c4af0d18dff0f7124ece32d52,RU,Russia,,vless,websocket,tls,failed,failed_unverified,0,reset,1,,
047023d000ac6be979ab5d3815a44e3c8101c7fb55da5d47ef2ea4156289b5f9,RU,Russia,,vless,grpc,reality,failed,failed_unverified,0,timeout,1,,
048acf72831c14ab341410fa8a101b7a7547027c8e98cd152d5b2c83b331c9bc,,Unknown,,vmess,websocket,tls,failed,failed_unverified,0,reset,1,,
0498c7e48f09cc28ceaf1e0d7008307a86f1e979acd597bc42577f4012f27b38,,The_Netherlands,,vless,xhttp,reality,failed,failed_unverified,0,timeout,2,,
04ae08f42d8aeb1c4b4d5718d8a60695874112bb3ac03ddbef1b7301a7a9af23,GB,United_Kingdom,RO,vless,raw,reality,geo_resolved,fresh_verified,0,,1,http,2127
04b826c1ad792de9a213633c6f62a60dd5e64c5281564ec72b8f3e60c8b732b9,,Unknown,,vless,raw,reality,failed,failed_unverified,0,timeout,2,,
04cd6e452bc9bc5228fb476921779a8615cf7396afd5873ba208f924304685cd,,Unknown,,vless,websocket,tls,failed,failed_unverified,0,reset,1,,
04d58758cde514ab72fe9566261706e897846ef4a88fa75846af3e9eacb65b43,,The_Netherlands,,vless,raw,reality,failed,failed_unverified,0,eof,1,,
04d65bab8a117097baf72fb89123837ae587391cb3db56fafe6b9a6db5000f44,,The_Netherlands,,vmess,websocket,tls,failed,failed_unverified,0,reset,1,,
04da5c5554457a4428bb827a492a0ac3ef00189511e34f3983ca90181c8c700c,,The_Netherlands,,vless,raw,tls,failed,failed_unverified,0,eof,1,,
04dfd31457c7907272254f8a1edcb6c32255465e30c871f7b5950be7066b22e4,,Unknown,,vless,xhttp,tls,failed,failed_unverified,0,reset,1,,
04fa12282385b005088ae5d06877df0240773ac934c89836fe1ed494fa4662e2,IR,Iran,,vmess,raw,tls,failed,failed_unverified,0,timeout,2,,
04fbc30a3db34de63d4b8136fa450e46ac6983bdc4e3cfd05b622b99dd1ed366,RU,Russia,,vless,raw,reality,failed,failed_unverified,0,eof,1,,
05111c1570f4446504dd4b6cc1ccde43dcf1530018f1c8b5876784d9206e2e5e,GB,United_Kingdom,DE,vless,raw,reality,geo_resolved,fresh_verified,0,,1,https,1074
051f0c68e36212cbd3c9d8f2421afc6282a919087a1018b7f46e690ec19b0e36,RU,Russia,,vless,raw,reality,failed,failed_unverified,0,reset,1,,
052543cf18ef60c27e78b0ed92769ec31efce54a1fe2e610859072cf659346e9,FI,Finland,,vless,xhttp,reality,failed,failed_unverified,0,timeout,2,,
052de285cc3470d0bb7d5ca1e891cb86791f3084d454436a59952d3e9c10f2b9,,Unknown,,vmess,raw,tls,failed,failed_unverified,0,timeout,1,,
05373623e6863de3ad02dcc4e1d8397e0a65a3b1013d29c0a3d1b20880ae638a,US,United_States,,vless,raw,reality,failed,failed_unverified,0,eof,1,,
053f9a4e4634bd57effcdedde186a8f966888c4388c529718150daf9cf326a57,US,United_States,US,vless,raw,reality,geo_resolved,fresh_verified,0,,1,http,2419
0558cb4376361655745dbc0f30beab701bcb8545dbf38ce0a19c54a01537b4f6,,Unknown,,vless,websocket,tls,failed,failed_unverified,0,eof,1,,
0561d6c4d7f0293de724894191d81fca781788ef9eb7cb43e2205c0597515029,RO,Romania,,vless,raw,reality,failed,failed_unverified,0,reset,1,,
05824715725bb2e2bb97d47b7580c2de74ac223402fb4dae9bb33c743a23e376,US,United_States,,vless,websocket,tls,failed,failed_unverified,0,eof,1,,
059205155efe12c012a937b481acd26d59dd80dee0465b05ce23903cf943d5cd,US,United_States,,vless,websocket,tls,failed,failed_unverified,0,reset,1,,
059e369144ac688825a1206b81e396a7e8ebd3942a2d1ef5873f04de2606c946,AR,Argentina,,vless,websocket,tls,failed,failed_unverified,0,reset,1,,
05a092ccb065ebe1f196a83aabc0a41cb718bcc5caf96eaf2050d73b0272a99e,,The_Netherlands,,vmess,raw,tls,failed,failed_unverified,0,timeout,2,,
05a3578960bd4fd59044b7f9ae842a7b8ac7bfee88bfa27dbb9a5a186aedf49c,RU,Russia,,vless,raw,reality,failed,failed_unverified,0,eof,1,,
05ae8020806d26ca8c7e45ad8e62e8c7f67dd71a881228a97f23866269e3ee77,GB,United_Kingdom,,vless,xhttp,tls,failed,failed_unverified,0,timeout,2,,
05b055954b593eeab5fc493290e2c0e9e81f0174b6ac516f61b74759ddf9833c,LT,Lithuania,,vless,raw,reality,failed,failed_unverified,0,reset,1,,
05b8c56e0a0ff2e3edaada78a8e08fc071bb05653c7593c572070be4b45ddb69,BR,Brazil,,vless,raw,reality,failed,failed_unverified,0,reset,1,,
05bc255fa6bd5f5212147cde97ac40d34a4a51017b30deab2e84c8ef33a7c377,,Unknown,,vless,raw,reality,failed,failed_unverified,0,timeout,2,,
05e326ded810ad600da2a6259985d59908cf96a344451d3d144d4732fb40ae95,US,United_States,,vless,raw,reality,failed,failed_unverified,0,eof,1,,
05f766d7869579e1c12d2dd174ad4ba3006135e00dcb12cdbc2cbaece87914dd,US,Us,,vless,websocket,tls,failed,failed_unverified,0,reset,1,,
05fc43a40ebd5a4c817cf45da10469cc0d43a0fd70e4460241bbc073a46e454a,,Unknown,,vless,websocket,tls,failed,failed_unverified,0,eof,1,,
0609213df4b55a2036589f9303d8c3f9005aedfa924639d139813bedcbf6a9cd,DE,Germany,,vmess,websocket,tls,failed,failed_unverified,0,timeout,2,,
060b4a9ec9a3d6300e9fbb39db414c91fcb21884b3071e3040e1351eaf0e5820,CA,Canada,CH,vless,raw,reality,geo_resolved,fresh_verified,0,,1,http,3059
060dc493d7c6e46433df22d22995eb85a08b72d307b80563ba5b01dbd1689e33,PL,Poland,,vless,raw,reality,failed,failed_unverified,0,timeout,2,,
06248537d0ba12d67903484c44b78948fe4e45f8ec9c7af9847273228a5fea55,US,United_States,DE,vless,raw,reality,geo_resolved,fresh_verified,0,,1,http,3667
06352be5d6d525633beb1a85bea3ff9e29d6512d84d15236f449398110db9580,GB,United_Kingdom,,vless,websocket,tls,failed,failed_unverified,0,timeout,2,,
063bd341c6032146ed7a85ae079e87e763583d5b6bbfef620b908de83174162a,,Unknown,,vless,xhttp,tls,failed,failed_unverified,0,reset,1,,
063d309a74f7635ad6257dc7a2396648a22d54c937f248da777e736580ec4ea7,HK,Hong_Kong,HK,vless,raw,reality,geo_resolved,fresh_verified,0,,1,https,7908
063dd2e055bf949d482860ca78ec0c032ac645351553791e157f747a823b1ffe,,Unknown,,vmess,websocket,tls,failed,failed_unverified,0,reset,1,,
0648f574aa772a54e0cdff8a2271c23acf4179bf4a8b59cf025131b110d88ba9,US,United_States,,vmess,websocket,tls,failed,failed_unverified,0,timeout,2,,
067105bcefc77d1014aed8e1a801e1831e77e1680d94f201b3dae17442dc2573,DE,Germany,,vless,raw,reality,failed,failed_unverified,0,timeout,2,,
06783e0a4d1b3e3d4dc3bb11bd49ecd95f26f17681ff0c70b9d8bbd8c03177fc,US,United_States,,vless,websocket,tls,failed,failed_unverified,0,reset,1,,
067858f301e0115cbb632a63f074391b2b6b50ec8baa137520c3149e49955124,KZ,Kazakhstan,,vless,websocket,tls,failed,failed_unverified,0,reset,1,,
06b47ff6246a052783fd316b8329364d19ae0172717bd4a52457a81569368d8d,GB,United_Kingdom,,vmess,websocket,tls,failed,failed_unverified,0,reset,1,,
06bd5ba644a204879a114482c25ef9fb4506fc640aae6295bddf51801c0e854e,IN,India,,vless,websocket,tls,failed,failed_unverified,0,eof,1,,
06c053c95eab25ccc7975bf0f778c4780b541a054becd0134ada66a31c7c9618,US,Us,,vless,websocket,tls,failed,failed_unverified,0,reset,1,,
06cfc09d9a06fbfeab9131c845bce24ccc7f8f579e022a85a18b502c9168cafa,BE,Belgium,,vmess,websocket,tls,failed,failed_unverified,0,reset,1,,
06d91e54de4c2d5c456da49672771eada7123677ec7f36d59256eb69ead9e4e4,GB,United_Kingdom,,vless,raw,reality,failed,failed_unverified,0,eof,1,,
06f751d9c8f232cd126baf43004fcdc09022ecf25756206d2ec79c4e193d7678,GB,United_Kingdom,DE,vless,xhttp,reality,geo_resolved,fresh_verified,0,,1,http,2778
070db1dcdde62271b6578ec38c2658c37d7b90b3c7a526e74cfd76e9fa3fe85c,FR,France,,vmess,raw,tls,failed,failed_unverified,0,timeout,2,,
07162c03789ea498f6ad59c128506ee4702779a22f667387a1f7c5bbba6ff51c,,Unknown,,vmess,websocket,tls,failed,failed_unverified,0,timeout,2,,
072d27856a9f97158e46b61b2f15f4cc606c09154e4b60cc9486678ebfa9ecff,IN,India,,vmess,websocket,tls,failed,failed_unverified,0,timeout,1,,
073654ee650744efc8b3c4fc3a8530508a0fcea4b9794c82e1cd417ae7e7390f,FI,Finland,,vless,raw,reality,failed,failed_unverified,0,reset,1,,
0736816de94ba5a49292fc4d44bbf5207a49a826d92ca47f1cf74432b9845709,,Unknown,,vless,raw,tls,failed,failed_unverified,0,timeout,2,,
0743b01455bfaac72d0b5517b17fd09fe9e2d20f447393da05389f028cc7d59f,IR,Iran,,vmess,websocket,tls,failed,failed_unverified,0,reset,1,,
0743f499a747daad37c2009ce8c7ede47997aea274a41ef1f8f891a9a98fc75f,,Unknown,,vless,websocket,tls,failed,failed_unverified,0,reset,1,,
0745d6341053c4f46ede59ea0c3adb3845e70077261f41f3253beab51c1efeb8,RU,Russia,,vless,grpc,tls,failed,failed_unverified,0,reset,1,,
07659f57a6870187334341835c0444e84a76bac794b058dfd8e09058bd705f32,,Unknown,,vless,raw,reality,failed,failed_unverified,0,eof,1,,
0768fe4f21a8a31a7312839b4799799b54ef1b90c558144e431f30fc31bbb5de,BG,Bulgaria,,vless,websocket,tls,failed,failed_unverified,0,timeout,2,,
077337f77249f8c3f25017a10307b15a6dcd161aafac5ab1f7dccd3b12da6d59,IE,Ireland,,vless,raw,reality,failed,failed_unverified,0,reset,1,,
07785e92f51d103f3e25586e70c2857e7077a5974163deea7ec9454037d11b63,,The_Netherlands,IN,vless,raw,reality,geo_resolved,fresh_verified,0,,1,http,3486
077ecdf56e152716b89524d8d71beafdde86f0f4e44e6d658d08d48b937a3302,,Unknown,,vless,raw,reality,failed,failed_unverified,0,reset,1,,
078853b13a409ea84369d6fc38a5c684f028ed08a66395634b0e48d9ae9c2d8b,,Unknown,US,vmess,websocket,tls,geo_resolved,fresh_verified,0,,1,http,1449
079d8ee781449f2ec78bc32d4b8258f0bf1e0ba96f04423fb1b623bb56377ee4,GB,United_Kingdom,,vless,raw,reality,failed,failed_unverified,0,eof,1,,
07b80efc35ea3028b80c06619f4d9d08ca2503246ce14f9395398e35db622450,US,United_States,,vless,raw,reality,failed,failed_unverified,0,eof,1,,
07c698d62f6f8933cbc9c884a29b5159cec14ca9c92e677669bcc0a0c0e0953a,,Unknown,,vless,xhttp,reality,failed,failed_unverified,0,timeout,2,,
07cb447f6a8f6b24fa64f441a5eb9661e594cc2f9aeb7a43eff55e83de521e4e,US,United_States,US,vmess,websocket,tls,geo_resolved,fresh_verified,0,,1,http,1637
07d4c462a84b2b266fd378c8b38afc67ba736b77a753c7bb6d3b525a1ba3eca8,,The_Netherlands,,vless,raw,reality,failed,failed_unverified,0,timeout,2,,
08058750ad9a51d10ffd238f01c4cd351043ae8f6de73a917ed5fb99fbce550a,,Unknown,,vmess,websocket,tls,failed,failed_unverified,0,timeout,2,,
0816b473e320e3cb19106fb11fc030e8aa96d91087619a8ada3f87d3bba7bd94,,Unknown,,vless,raw,reality,failed,failed_unverified,0,timeout,2,,
0820e6944c570c959de47423ce3f7c891ee126c99eb6ecd5ecb939828bd7d40c,,Unknown,,vless,raw,reality,failed,failed_unverified,0,reset,1,,
0824446d271d982715f3f4c007a652d79f83c4cd29187a68e3fb299eb4858b61,HK,Hong_Kong,HK,vmess,websocket,tls,geo_resolved,fresh_verified,0,,1,http,2222
082c71fc166e206792ac86a858ea3266597a10190f1b7b78b8a4a124b6df143a,IR,Iran,,vmess,raw,tls,failed,failed_unverified,0,timeout,2,,
082cc70d77df7f2f2f7770f3b8b61d31e43b02a2df4949b19ee71aad45d4d18f,,Unknown,,vless,websocket,tls,failed,failed_unverified,0,eof,1,,
083ebd44a28e01786c0ccb4c807f1517133e69fc1ab692e31628d922c7ab3be2,KZ,Kazakhstan,,vless,websocket,tls,failed,failed_unverified,0,eof,1,,
0842b8a2cde3b80eacbcf5cc177a579923b349ebd22fdc2cd80f72144c455271,,Unknown,,vmess,websocket,tls,failed,failed_unverified,0,reset,1,,
084dd430d5f1b1fd9384ecdc1c0c1b865af7020c16d0caa620cb4447db7a4583,,Unknown,,vless,raw,reality,failed,failed_unverified,0,reset,1,,
085b906b0c49a5dfc169f46cfd9ea8faed9609a25d52302a005eeb2ba45c581e,US,United_States,,vless,websocket,tls,failed,failed_unverified,0,reset,1,,
08655894997aec0f86ec7613e61b5ca33d651a5fa7bd67707ab0839f04ed70a0,US,Us,,vmess,websocket,tls,failed,failed_unverified,0,reset,1,,
08769df763edb82ce22c8369e07691f5408a91dfb364508958fff58c46b0c90a,DE,Germany,,vmess,xhttp,tls,failed,failed_unverified,0,timeout,2,,
088514680a3086dc9a176ac939d8732f19ac2bc5b6aad0d01f6639f3907dba5b,US,United_States,,vmess,websocket,tls,failed,failed_unverified,0,reset,1,,
0895d5ae72f48181bf1ae70d7bf4cf5005ec1c04aa6dd761fcef7b9169fffa8f,RU,Russia,,vless,grpc,reality,failed,failed_unverified,0,timeout,1,,
0898484475e7d909223b0c0a049585899080b4be5f2b44acba6a9eb8c732058b,,The_Netherlands,,vmess,raw,tls,failed,failed_unverified,0,timeout,2,,
08a5d57c9f9395f7dc3a35bdd33656385ffd500545fe3074d2383e5b1c774e0f,DE,Germany,,vmess,httpupgrade,tls,failed,failed_unverified,0,reset,1,,
08acb477fe7291fafdbe5132ffbff9e0d52a9c2184ab7ca18e1d25c3ade78359,,The_Netherlands,,vless,raw,reality,failed,failed_unverified,0,eof,1,,
08af30e22e23b7d8a229fa20b57476338b0586b09ce699980eb671e4fdec76b6,US,United_States,,vless,websocket,tls,failed,failed_unverified,0,reset,1,,
08c27562e26dda6c520a186ed8920a3fdf2eef76afc08c4b3f6927abed91ac83,US,Us,,vless,grpc,tls,failed,failed_unverified,0,eof,1,,
08cd25c1e826c3d0fb089c0bcc33c4437b0c26da102cc1365a8870ca91ec2262,,Unknown,,vless,websocket,tls,failed,failed_unverified,0,reset,1,,
08cf2a86e5bb59d86e551d5f38fff39cc4085124afe982c7363a750ebd7d9cdd,RU,Russia,FR,vless,raw,reality,geo_resolved,fresh_verified,0,,1,http,2163
08d137791ce82447230b5026913c9bad760e17502387f32404e1450251ef4640,,Unknown,,vless,websocket,tls,failed,failed_unverified,0,reset,1,,
08da5f6e813d490e81e5a2a0fdaa58da353c47ccebeb2f8760a76e65e3df67cb,DE,Germany,,vmess,websocket,tls,failed,failed_unverified,0,reset,1,,
08e411ab964260be7eb449f16cbc1eb9d21aee6a7c76b0b24050c3da5b761577,DE,Germany,,vmess,raw,tls,failed,failed_unverified,0,timeout,2,,
08fa143d53e21b7c36d4cf6f79e84950dd07d585ba1c76b3cad81dff82a15769,,Unknown,DE,vless,xhttp,tls,failed,preserved_last_known,2,eof,1,,
08fc19266640620707313cd4f52e14d1abcdb709a0adcd28b004556a24ff71b2,EE,Estonia,EE,vless,xhttp,tls,geo_resolved,fresh_verified,0,,1,http,3182
090a5715859da9d211b57436ae98c42ae31905ee9ddd211d7a75fda48e13429b,DE,Germany,,vmess,websocket,tls,failed,failed_unverified,0,timeout,2,,
09255ca43e213bc895d2bacf54761e07bcdcbe50c21df6fc0670ede180383d66,,Unknown,,vless,websocket,tls,failed,failed_unverified,0,eof,1,,
0934c6898754008471fbda6fb0c08c2a5736a0b33f2e86c4c3203e430f3646e1,BR,Brazil,,vless,raw,reality,failed,failed_unverified,0,timeout,2,,
093840d02acc8b592430ffaec2d18a477d449f816b876cdecf495320b9813338,BR,Brazil,,vless,raw,reality,failed,failed_unverified,0,eof,1,,
09391bf0bcaa77f33bdf35a88dd903a30a23f40a624cfc20c2200259d26388a0,,Unknown,,vmess,websocket,tls,failed,failed_unverified,0,eof,1,,
093ddcd8f4bdec168c7d8f06f9afefafb2f4bdfbd748a6bf8f33b880c2a7ace1,,Unknown,,vless,xhttp,tls,failed,failed_unverified,0,timeout,2,,
095f2b1fe12d7aefbe2ce936a216278d5b8faecc47c5228e3328233d7e181fa2,DK,Denmark,,vless,raw,reality,failed,failed_unverified,0,eof,1,,
096587eeda17040077b8c0b94b818ced4a327c9593dca5c717f2f2a93b012b35,KZ,Kazakhstan,,vless,raw,reality,failed,failed_unverified,0,reset,1,,
0967a33156eaec2d695ad1d764b1a17a78c6aebce89cf9e1419eb1d2df4b5ed2,,Unknown,,vmess,websocket,tls,failed,failed_unverified,0,reset,1,,
09a2f297ca4ff15509fdafacfad5d021d0121a3433859bc58541dcfae4468cbe,,Unknown,,vless,websocket,tls,failed,failed_unverified,0,reset,1,,
09a72a8d3bdaa4490f987abdfbeed448c271f78d7005c85e566ff01affd853cf,,Unknown,DE,vless,raw,reality,geo_resolved,fresh_verified,0,,1,http,2059
09a829279fca76cfc0cb28d19f191f5137328ea696fb9b47b5722e1db84a6e53,US,United_States,US,vless,raw,reality,geo_resolved,fresh_verified,0,,1,http,2436
09c04cfbc7863c79b898f42b8225120aec33b96608072f745b6d0e3b38517e07,ES,Spain,GB,vless,raw,reality,geo_resolved,fresh_verified,0,,1,http,2162
09c06d8674fb3ca6b75088d6ddeadb485c8e380e26da3d7d17be71ae25f18399,GB,United_Kingdom,,vless,raw,reality,failed,failed_unverified,0,eof,1,,
0a06e33a1b5fec317e98a58c14e679dba55c5fd69654e938de5ecc2854ff29a7,GB,United_Kingdom,,vmess,websocket,tls,failed,failed_unverified,0,reset,1,,
0a0834371eb1ac5fc8097cdcd63b936be9dec097b03ad4b58b1f9c483e553d77,AM,Armenia,,vless,websocket,tls,failed,failed_unverified,0,timeout,2,,
0a119300d0b20b805233d4d25b726cf762341849668625ad925780383db49b33,GB,United_Kingdom,,vless,raw,reality,failed,failed_unverified,0,eof,1,,
0a1f92e7fdbe667d44c3cd92c7583bfbf967a81e2ef8e4eed3d50bdb9640083f,,Unknown,,vless,grpc,tls,failed,failed_unverified,0,timeout,1,,
0a23062d741231499da10450e6c2503baabe48344c9a3f0b8adfd46f10d8bc5d,US,United_States,,vless,websocket,tls,failed,failed_unverified,0,eof,1,,
0a3c5d57ff3e2c35a99bd4820d73ea2b748ea275ea87fc36aa8049045d43845f,,Unknown,,vless,raw,tls,failed,failed_unverified,0,timeout,2,,
0a4237799f99f0cf47ba082247324ae64deab8bbcba089d0002dde8193be8d88,,Unknown,,vless,grpc,reality,failed,failed_unverified,0,eof,1,,
0a50badddd955a69b4f3c19b79bdddba87d6d2e6ba24269aa673735a1f397edb,IR,Iran,,vmess,websocket,tls,failed,failed_unverified,0,timeout,1,,
0a6531c01c148f5e54cfaae1ab034234e7571345da5fb83e9dab3d1be54cfe77,US,United_States,,vless,websocket,tls,failed,failed_unverified,0,reset,1,,
0a721b4e819a12e3b445105080e554a30965b6ac6c63b6fe41dfbf9c55c403d8,GB,United_Kingdom,,vless,grpc,reality,failed,failed_unverified,0,timeout,1,,
0a8dc97d19da827dda63228895129e6330177c2043a861a9f06fafefdee3e80b,IN,India,IN,vless,raw,reality,geo_resolved,fresh_verified,0,,1,http,2613
0a91a45cc86284077438a7d91f1c34ed5cbdcc35a3f86e7d1eac7391950ec6c8,RU,Russia,,vless,xhttp,reality,failed,failed_unverified,0,timeout,2,,
0aa329f6ebce9dd59c95ee3f4ee477fb9defdd305302b4ced213d332329cdb96,,Unknown,,vless,websocket,tls,failed,failed_unverified,0,eof,1,,
0aa83e0a65e27d25eef868043c9019cfbb4720b87084ca84d0bc5f27f16a4090,US,United_States,,vless,raw,reality,failed,failed_unverified,0,reset,1,,
0aaa186e043b3cc9ec3e5b6ac38512b4e6e3361967e9bc7450c3fc2f8750a5fc,HU,Hungary,RS,vless,grpc,reality,geo_resolved,fresh_verified,0,,1,http,2170
0ab289cf08f6d514b02b4fa4a13b3762ff4142ef5ede984d08f4e067562ea635,,Unknown,,vmess,websocket,tls,failed,failed_unverified,0,eof,1,,
0abca42a109dcb4ad3f03f7f9d10be78205f91f30156eab7f9d3340edfbbae5d,US,United_States,FI,vless,websocket,tls,geo_resolved,fresh_verified,0,,1,http,1087
0ac1afe6833c57e747169f7f2791b5e4440de9afeb3fdf837a3ea93a0a5e53e3,,Unknown,,vmess,websocket,tls,failed,failed_unverified,0,reset,1,,
0ad4ee836691a0c5d49e2ff37dfd6b8bd96614a04a97a92f447431cf6d7901f7,GB,United_Kingdom,,vless,raw,reality,failed,failed_unverified,0,timeout,2,,
0ae5cb4dcfa944baa4e527371b73010224e63152168f7b6037188afee91b32f7,ES,Spain,,vless,raw,reality,failed,expired_after_failures,3,reset,1,,
0af24255fc9a7dd612949217611b983744e067652209822b1dc9475584f9e39e,US,United_States,,vless,raw,reality,failed,failed_unverified,0,eof,1,,
0b127e9f8353542800f6fd2920763e8135f5268016654291c7b067b649b40183,,Unknown,,vless,raw,reality,failed,failed_unverified,0,reset,1,,
0b384aa0afe495fcd2826e25a2c49abda6a97cd00c447d6fd61de73b688d5dc8,US,United_States,,vless,raw,reality,failed,expired_after_failures,3,eof,1,,
0b3ba1aea4648735a7f6b658e695158f1df23a6044e6d0ed98699edbb9c9065b,,Unknown,,vmess,websocket,tls,failed,failed_unverified,0,reset,1,,
0b46db121f3fa0ecd2bd87ea1fc55f66235efed49809052625467dcbcf9d9a38,US,United_States,,vless,grpc,tls,failed,failed_unverified,0,eof,1,,
0b4771f35b3cde61fe0b9c3015c6e3ec7f5807456bffaf2c0cbfd409faf1f9d0,CA,Canada,,vless,raw,reality,failed,failed_unverified,0,timeout,2,,
0b5442cde69af8173b678aaa00c931e654e64dc362fd7e2ed7cf61f5333410f5,,Unknown,DE,vless,websocket,tls,geo_resolved,fresh_verified,0,,1,http,2081
0b558444076dc59f19a2b4297d1bf6ce2a3b174f5abe0b560dffbbf6ab8ec866,,Unknown,,vless,websocket,tls,failed,failed_unverified,0,reset,1,,
0b5c1c26a1cfdd108ab7e355123eccacd7550b0528f95e4b68c24fe3ab16bd8c,,Unknown,,vless,websocket,tls,failed,failed_unverified,0,eof,1,,
0b5d2dc40c72eef8bd7c068a47e1b6ae3aa559f838ef09e9ff149e385aed883b,,Unknown,,vless,websocket,tls,failed,failed_unverified,0,reset,1,,
0b5d84519e7f8fc6e268d5cfd31df6d9f05cf753b4dd05363809f6564685f8c9,CZ,Czechia,,vless,raw,reality,failed,failed_unverified,0,reset,1,,
0b71440920f1b2c5a218811d623ba5dfc372d7dbb9bde781c78aa76b3e882704,,Unknown,,vless,raw,tls,failed,failed_unverified,0,reset,1,,
0b7dfdb985903ca30412aacaa8268200e7f0687a2ffecaf05cd173443214ee7e,IR,Iran,,vless,raw,tls,failed,failed_unverified,0,timeout,2,,
0b842ab11e32c492e0789fa8123b852df38b8b140d163f679b037bfaa0d1e9aa,,Unknown,,vless,raw,reality,failed,failed_unverified,0,eof,1,,
0bb8f5f0d1c50c8006ef0d712e60eff57d44364a7ea4f338a39897f8ecc549fa,HK,Hong_Kong,HK,vmess,websocket,tls,geo_resolved,fresh_verified,0,,1,http,1903
0bbe70049ad24438b2f496c32c38987dd4ec1cb9b8068561141fc5ea67260ec8,,Unknown,,vmess,websocket,tls,failed,failed_unverified,0,reset,1,,
0bc1660b2f7d1c60559cd7c9f847254905b90512151f1e53c8ede1284c72af31,SC,Seychelles,,vless,raw,reality,failed,failed_unverified,0,eof,1,,
0beae81353b4e1e1191d26598a0024c5a7b0db4452862bf3f9b89ab04fd5bedb,DE,Germany,,vless,raw,reality,failed,failed_unverified,0,timeout,2,,
0bec3a4b5c456bd49a6c2b346c0a7402199b4f9f35fe05037787e945396cdb6c,RU,Russia,,vless,raw,reality,failed,failed_unverified,0,eof,1,,
0bed05558fe380e335231a1a7be0541aad6dd0ac6ad5db41b73b918369c5ce83,US,United_States,,vless,websocket,tls,failed,failed_unverified,0,eof,1,,
0bf1fb8b9e55e5eecdca87430323ae4c2b58d2313a671a4f277ccf5f8de9c3a3,,Unknown,,vmess,websocket,tls,failed,failed_unverified,0,reset,1,,
0bfd64f7ec4fae6beaf3231229db092d541ae5e82f617b02f406eebf59e3be85,,Unknown,,vless,raw,reality,failed,failed_unverified,0,eof,1,,
0c04f54fe4f83a52ba7aa3d0cd5f845c97ec9f948b4f76575df7efa321aa1ce2,,Unknown,,vless,websocket,tls,failed,failed_unverified,0,eof,1,,
0c0543a3e5c66f864712313bfaa601e9d39307c2eef90c64b8047dab40319683,HK,Hong_Kong,,vless,raw,reality,failed,failed_unverified,0,reset,1,,
0c151eb9f88d26e0f4a7c6b194e4a5133a75c1e85fe920314bb28ff11bd58767,US,United_States,,vmess,websocket,tls,failed,failed_unverified,0,reset,1,,
0c1fbf5982b06c2c9abdeec90ab4b60fba73376f99403fdcc3a2a10d5553ee83,GB,United_Kingdom,,vless,raw,reality,failed,failed_unverified,0,eof,1,,
0c2817ea47c70eb62a90c803dd8658e1dec90f8f7cfb92fdda2dcabbf3dd2637,US,United_States,,vless,websocket,tls,failed,failed_unverified,0,reset,1,,
0c34e5ebeeedd2ed13c1654da682be5f31abba518fb94527d5b62e304701b302,CA,Canada,,vless,websocket,tls,failed,failed_unverified,0,reset,1,,
0c3a6e38f22824639b123fd55ab840c05db9eb79dc745ca576741b476528ffd8,US,United_States,,vless,xhttp,tls,failed,failed_unverified,0,reset,1,,
0c4695a71ccd31fd201d32a75d62329556ec24d162e28be6c9fe5ff82c716344,RU,Russia,,vless,websocket,tls,failed,failed_unverified,0,timeout,1,,
0c4f0f63c1de84b944da51518ac79a1e7b0f2b7757d3b31a3d6bb66b6e4d24d9,RU,Russia,,vless,grpc,reality,failed,failed_unverified,0,reset,1,,
0c58a07d9482fc355bbeffef59b8c15f98c41025445bb7bf3477f3690fec5089,,Unknown,,vless,raw,reality,failed,failed_unverified,0,eof,1,,
0c5b51056d6ad79532bfebe60fc0559a595601a5ef287b2fe79a421a30886586,US,United_States,,vless,websocket,tls,failed,failed_unverified,0,eof,1,,
0c5e9ab0810215557cbf19d8c6c0d4bb641cab85e3c75a3e5ed01dad35e23125,,Unknown,,vless,xhttp,tls,failed,failed_unverified,0,reset,1,,
0ca7fafea00d02db8c62e3a6e53093b314948bd47b662a37eb35a7627d1f0244,,Unknown,,vless,raw,reality,failed,failed_unverified,0,timeout,2,,
0cb96065c6e2167ef747ddeda470726416345d5ac92399fef7706866b19fdddf,RS,Serbia,,vless,websocket,tls,failed,failed_unverified,0,eof,1,,
0cf47ce4a67e46b63df2c90380068c3ecaf36cb24dcd251338fc68dbd1f1c797,,Unknown,,vmess,websocket,tls,failed,failed_unverified,0,reset,1,,
0cf94f50d5157f241ff019fe42d8d2254d0f432ce0edbac393128f787c9c8ce3,MU,Mauritius,,vless,raw,reality,failed,failed_unverified,0,timeout,2,,
0d06d544b9f34b0ea06b799840e79000b663fbef6e6e8a67f6e3368890404303,,Unknown,,vless,xhttp,tls,failed,failed_unverified,0,eof,1,,
0d1007f6214ef1f4ed669b3f2ce021e08889fdcef20dd02f9b6133d12c6f8b3b,,Unknown,US,vmess,websocket,tls,geo_resolved,fresh_verified,0,,1,http,1447
0d1284c7b9dd295eedf30f56013ff061e8c88341f3b783bd0b10172499589480,,Unknown,,vless,raw,reality,failed,failed_unverified,0,eof,1,,
0d14245def695918ae9a0be08b65c58a2d46bae3fb85e0f90b35cb7eac4f1068,,Unknown,,vless,websocket,tls,failed,failed_unverified,0,reset,1,,
0d164be84e812cb2a5a6fcce23fb02e0cdea0f74a958ded50f0495c7be25bed8,,Unknown,,vmess,websocket,tls,failed,failed_unverified,0,reset,1,,
0d2aefa14f11822dd67ffcf489afc7dcd8194a8df27682edb8fb75b6b9ace07c,,Unknown,,vmess,websocket,tls,failed,failed_unverified,0,reset,1,,
0d2e93547d12d902eb62514c2a13c33663c77c9a3614790b1abe66418674ab46,CA,Canada,,vless,websocket,tls,failed,failed_unverified,0,reset,1,,
0d38850ca0c721e9c74a11c406c1ca79c446e59d7a8e8ca1aa479c1b002a15e7,,Unknown,,vless,raw,reality,failed,failed_unverified,0,reset,1,,
0d3b1b741bb828325eda7798adb5fdd458c09240fc053dce0983e910da1e29b9,US,United_States,,vless,websocket,tls,failed,failed_unverified,0,eof,1,,
0d425234fc46e13de211961dde471b89c98b346fd7a7ab2bd6c92cd25692124d,US,United_States,,vless,websocket,tls,failed,failed_unverified,0,eof,1,,
0d476e062474e8923bf4d870bacf0014c4c451381b880443ef449dfb744c8324,US,Us,,vmess,websocket,tls,failed,failed_unverified,0,reset,1,,
0d4bef09da816aa5f67f598a4bc7e9018008985de15e3828673417b46ca8c361,,Unknown,,vmess,websocket,tls,failed,failed_unverified,0,eof,1,,
0d5791836ba0339a7f5df8f0ddc492d42ed289657a0e44ebb241e81c1a3f1323,,Unknown,,vless,raw,reality,failed,failed_unverified,0,timeout,2,,
0d5f2b0f037e428836cc5a9ed46d0bdaa2311da62f7388257b5eda0fce5ef5c4,,Unknown,FI,vless,raw,reality,geo_resolved,fresh_verified,0,,1,http,2178
0d645d2cc483b7d0cecae644d25a58a214ca6b9e05e1f29c57bac67615a352ce,DE,Germany,,vmess,raw,tls,failed,failed_unverified,0,timeout,2,,
0d6bb1091bc44ca93a54bbcc9492c87aedf8d20d0df07a8eb093348713f0e71e,US,United_States,,vless,websocket,tls,failed,failed_unverified,0,reset,1,,
0d80131c0ad9703c65df876261ef2b943e95eb9d190239a3e009061a5674bbbc,,Unknown,,vmess,websocket,tls,failed,failed_unverified,0,reset,1,,
0d80e7be057b203c023234a7941874852e14fe0d0380c41c7061ad77521c5ea1,,Unknown,,vmess,grpc,tls,failed,failed_unverified,0,eof,1,,
0d832b5484fe8eee791477a8468c3c99d14c2316f61ed3f0163c923f4242c4a3,JP,Japan,,vless,raw,reality,failed,failed_unverified,0,timeout,2,,
0d8ef8480e6345a312b51132e37be8303ba6bcfd21f22650fd7a8d5e62697e25,US,United_States,,vless,raw,reality,failed,failed_unverified,0,eof,1,,
0d997a712c2a7152c507f9103a20dc1ff1b87c61c8fdfc76626efbaa603202d6,US,United_States,US,vless,raw,reality,geo_resolved,fresh_verified,0,,1,http,2520
0db895bf551e60d6cc7a2373a486837af3600526f6ac154ae2fa33013e03e493,,Unknown,,vless,raw,reality,failed,expired_after_failures,3,eof,1,,
0dbcaa4d42f6b2a8634c16d9d14976ffeddfd0513563c2c814acdf34dc9b7d76,,Unknown,,vless,websocket,tls,failed,failed_unverified,0,reset,1,,
0dcdeb8b8d3b74ad365bfd380a6c06c933698674592999f28d934dcfad687091,,Unknown,,vmess,websocket,tls,failed,failed_unverified,0,reset,1,,
0ddee52502de30f19475518329b56f51e4c9b603a4c4e2b917c2f6ea9272679d,US,United_States,,vless,websocket,tls,failed,failed_unverified,0,reset,1,,
0dede63d487e88401467a8cb59d0d3fea40a35c3dd45d37a0087f2c54354dc2a,CA,Canada,,vless,websocket,tls,failed,failed_unverified,0,reset,1,,
0df189cff725e0b17c176623b33b41996ae4137dd6db83296d2efd0bda08bd51,RU,Russia,,vless,raw,reality,failed,failed_unverified,0,eof,1,,
0e02653e2aae90b50a25fe1e3ed0d01e7958f21436f51ebaca26d03ddaae4d13,,Unknown,,vless,raw,reality,failed,failed_unverified,0,eof,1,,
0e512bddf6721a3b45f86ea001315595f73fdc9a6441e12f86c8ddc4edae5eb9,US,United_States,US,vless,raw,reality,geo_resolved,fresh_verified,0,,1,http,2524
0e53b2b8ee93fe71e3a04509864706c7c8abbe4c8a3757e785e592f08f58cd47,,Unknown,,vless,xhttp,tls,failed,failed_unverified,0,reset,1,,
0e57d80a6a9d21ef2389e6aabfeaf67438e0d6b94727dc98c8aa14a161c9b6ac,FR,France,PL,vless,raw,reality,geo_resolved,fresh_verified,0,,1,http,3129
0e6d5c43c011cc58f5c20397e7952bf4490f97d90cad9fb97a8f66038091c77f,GB,United_Kingdom,NL,vless,raw,reality,geo_resolved,fresh_verified,0,,2,http,5005
0e7a734f588955a296b71fd529210f22243dd9c22cd34092a9154cfce170f540,US,United_States,US,vless,raw,reality,geo_resolved,fresh_verified,0,,1,http,2444
0e865f3c56cc8120b6948d069f3e983185720bdf1975858052aadfc52773ac86,,Unknown,,vless,raw,reality,failed,failed_unverified,0,eof,1,,
0e94c6ead938628b3fcbd1fd29955bfdb70483a3bc7d1fcf60643a2bca1c5ceb,,Unknown,DE,vless,xhttp,tls,failed,preserved_last_known,2,eof,1,,
0eaedc4de3df4e6af73bb8ee3661f4d6732e2a714b2642f06d8542c8c8d8d883,IE,Ireland,NL,vless,raw,reality,failed,preserved_last_known,1,timeout,2,,
0eb63dc4f3491d84820dbe211688042a9c5d256f1ea053faa108a82c6aaacd14,,The_Netherlands,,vless,raw,reality,failed,failed_unverified,0,timeout,2,,
0ec279772b610675dd57cb140f980e83f64386eaae2a9f811194ca32947a9a3e,GB,United_Kingdom,,vless,raw,reality,failed,failed_unverified,0,eof,1,,
0ee4f6f2fff69cf37b79f70c462c8eb617ebb76104c00f996a539e4fb2d5b343,,Unknown,,vless,websocket,tls,failed,failed_unverified,0,eof,1,,
0ee5349bd2b93d3b4da545acc64c0114a9788d46d024f61a400d8d3e4a62c3b4,,The_Netherlands,US,vless,raw,reality,geo_resolved,fresh_verified,0,,2,http,3363
0efcdc774613642a55d03054a7e1db2217ee44f0eb89c756ec394cf80ed9eb1b,FI,Finland,,vless,websocket,tls,failed,failed_unverified,0,reset,1,,
0efd6bc8d51a8ccdd7412d1f0e76b8857491b8772c864c67fd2e01c5628caa7d,SA,Saudi_Arabia,,vless,websocket,tls,failed,failed_unverified,0,reset,1,,
0f1a553cfb12734f45b61a5f6653d1b38c64716623df3daef2556504cd1ba71c,RU,Russia,,vless,raw,reality,failed,expired_after_failures,3,eof,1,,
0f3b67ef87b16f69c2b684630890b34a39c6023cfe2c496ff0f05750c28c5a6c,,Unknown,,vless,websocket,tls,failed,failed_unverified,0,reset,1,,
0f3dbc2e9af42984de99761e7ebc03873d7cadbb0ff8e347f1d19a9156a99ccf,,Unknown,,vmess,websocket,tls,failed,failed_unverified,0,reset,1,,
0f5f8b9b472c5df832a9cfa783e01f24017eeea9cfba8e99f41dc212704e931e,IE,Ireland,NL,vless,raw,reality,geo_resolved,fresh_verified,0,,1,http,3102
0f5f9253c88cfbd0def972a306ef3882d3da232ffa47cc63e34f2b0f96365821,DE,Germany,,vless,raw,reality,failed,failed_unverified,0,eof,1,,
0f83b1e5117acff11530e079bb9f5dd11ba61da99745e4eb9a6bcdb2bdb111f2,BR,Brazil,BR,vmess,websocket,tls,geo_resolved,fresh_verified,0,,1,http,1848
0f8634294c48f9d48fe81f68eab2f176dac0ea28cc4f422cf093fb12e9fcb9fe,GB,United_Kingdom,FI,vless,raw,reality,geo_resolved,fresh_verified,0,,1,http,3181
0fb6b581afc582615ef9219ca120b12fd9049bd0211f4836d9c94fb07c40afe5,IR,Iran,,vless,raw,reality,failed,failed_unverified,0,timeout,2,,
0fbe9272407bebe28cfbdde92d7b35c72c9231f66b6d621c5dd25862507d143b,BG,Bulgaria,BG,vless,grpc,reality,geo_resolved,fresh_verified,0,,1,http,2150
0fc27ef112fbcf0ff5ca77b6018b4f827857548f6d0a5e91e1ec7c02acb3797d,LT,Lithuania,,vless,raw,reality,failed,failed_unverified,0,eof,1,,
0fc408cda6dd766f5a72aa115bd2d5118ad7c584984c210edf185c1e88322c76,SG,Singapore,,vless,raw,reality,failed,failed_unverified,0,timeout,2,,
0fc49b1ef366a7dd527392b0a281e054dd39c7fc33b83b6525ec164232e74dbc,,Unknown,,vless,raw,reality,failed,failed_unverified,0,eof,1,,
0fc85f1a1861077af22a46c9fe1d56768551baa51ca3f313e9576103b8c8e2a4,,Unknown,,vmess,websocket,tls,failed,failed_unverified,0,reset,1,,
0fcb557dbaae19dfe2c3e1be5d39f70dabec2379d94fb8861d27b3c94ffea088,DE,Germany,,vless,grpc,reality,failed,failed_unverified,0,timeout,1,,
0fd6c6e89c3b0cb0edc8c944f625bc574064510767a2ef966ce046dba0ac1001,,Unknown,,vless,raw,reality,failed,failed_unverified,0,eof,1,,
0fd987a70db97a4f748965b085c403699e11f482ee00a3b131b6eb548c7b454c,,Unknown,,vless,websocket,tls,failed,failed_unverified,0,eof,1,,
0ff660541fb17e9f353ac50488f1243fb0087fddc67ff5cf9aa2f53bfc1a8469,GB,United_Kingdom,,vless,websocket,tls,failed,failed_unverified,0,timeout,2,,
0ffcfa7ce8b6916606586384a3990f15aa99f3d8ecdaa27373dea0bf8f531811,DK,Denmark,,vless,raw,reality,failed,failed_unverified,0,timeout,2,,
10039daf6bef973bd428aff70543597a56aec5bda1515c864169ffcf763074b0,SA,Saudi_Arabia,,vless,grpc,reality,failed,failed_unverified,0,reset,1,,
10130522ed18fd9498a93ff103e768304139fd79a6b1b6ed1058a8935c7aa5d4,US,United_States,,vless,websocket,tls,failed,failed_unverified,0,reset,1,,
1015a6dcca6b702b3657676f514dc0f8ef555076dfc704af449ac2352a4e8095,CA,Canada,,vmess,websocket,tls,failed,failed_unverified,0,reset,1,,
101ffd56a8d303b3d9e7a0c109d735e80ccfcd3644013202fe788d54c31e94bd,BG,Bulgaria,,vless,grpc,reality,failed,failed_unverified,0,reset,1,,
103798aa540e2a588a3417e87c7baf392292906601cf3eba06955d20c5ebe1bd,US,United_States,US,vless,raw,reality,geo_resolved,fresh_verified,0,,1,http,2418
103de4b09e972c565a0a3120a92792f56adbc3895d469161eedad9595bd30e71,,Unknown,,vless,websocket,tls,failed,failed_unverified,0,reset,1,,
103ec41c0701fa5758e47be24bc6236c6f7e744a12f9eea174d2a8e547061f4d,US,United_States,,vless,websocket,tls,failed,failed_unverified,0,reset,1,,
104044401db84bf838ce9073196bee54cee0731311ffbcc94c2494b3f7255c58,SC,Seychelles,DE,vless,raw,reality,failed,preserved_last_known,2,reset,1,,
104a3c20dd4830725dd66d76242da20cdb35448f57c34b5c47f029b99c43b302,IE,Ireland,NL,vless,raw,reality,geo_resolved,fresh_verified,0,,1,http,3095
1063004282b343c5ed51cf8c1faa2226db4ac32fb7c051c608aa6fe8afbf21b3,US,Us,,vless,websocket,tls,failed,failed_unverified,0,reset,1,,
1071c0ceea1901d1f8d7c21c3d12611a5e637e33836627bfc7f39e819082fd38,DE,Germany,,vmess,websocket,tls,failed,failed_unverified,0,reset,1,,
107af4947a9c58c420276d57c252e5e286d11f64bfe6448e7134e3d573c6bded,,Unknown,,vless,websocket,tls,failed,failed_unverified,0,reset,1,,
107b342fa4ee38753e313f63be68a9a8dfaeff07f45527140b0598c47b10b14b,DE,Germany,DE,vless,websocket,tls,geo_resolved,fresh_verified,0,,1,http,1102
1082502b596dcaa2f7a384fb4358c38bc511a7fa5ba018bb65bcef1153d327d2,DE,Germany,,vless,raw,reality,failed,failed_unverified,0,reset,1,,
1091873bf6eb881789170ce68efd672bab177dec05f8c118d58d2dc757bc0923,US,Us,,vless,websocket,tls,failed,failed_unverified,0,reset,1,,
10923311167fb855332917794fbd940b315d2f8ef693b831ee433ead6a9912d1,DE,Germany,,vmess,websocket,tls,failed,failed_unverified,0,reset,1,,
10a1d02240271436df78dd6147472c59ef56568d8c56e85b4c62b800a278412f,US,United_States,DE,vless,grpc,tls,failed,preserved_last_known,2,eof,1,,
10a5872ce46c6ce2362bd91f065828545e899b0e252acfe9bd8d50151bdc084a,US,United_States,,vless,websocket,tls,failed,failed_unverified,0,reset,1,,
10e3cdd4ef5f303c6dc678d18080f4b4d41a3790d86e289f6dc586e1f3296f39,US,United_States,,vless,raw,reality,failed,failed_unverified,0,timeout,2,,
10f8cfa7cc34ba0c3cba497dc4b80dd67b19a51cae2613d31aac5c38df7288be,HK,Hong_Kong,,vmess,websocket,tls,failed,failed_unverified,0,reset,1,,
10fe5ddb35f13c737ccce26f7f315a1f93bcc55775267421b03d8c82e05484f6,US,Us,,vless,websocket,tls,failed,failed_unverified,0,reset,1,,
1110ca2d65373d13af83068f6129c41134fbdd59acdb0646f192bda1772316b0,,Unknown,,vmess,websocket,tls,failed,failed_unverified,0,timeout,1,,
111f439e9ced9f06a2cc476c9a1c184e41f301d09098b35eabdc39522d5a5cbf,,Unknown,,vless,websocket,tls,failed,failed_unverified,0,reset,1,,
1122a64481ef9657e10b19b77cfd29e3bdbf96129fbf47ffffcfa0c78d1e051a,US,United_States,,vmess,xhttp,tls,failed,failed_unverified,0,eof,1,,
112d2cf27a18ceb95cd42fe821ae7e029f8effb1e449c24874df7661eb68adfd,BE,Belgium,,vmess,websocket,tls,failed,failed_unverified,0,timeout,2,,
11469e4edc4f5a6b803fa1b73a0ed2fa0cc8b531e0d1c8ba81b29fb184928957,,Unknown,,vmess,websocket,tls,failed,failed_unverified,0,timeout,2,,
1153c013a6c39e43450f10f68082a39df586bde8878e1cb467ca12721a35a126,CN,China,,vless,raw,reality,failed,failed_unverified,0,timeout,1,,
115c0df4e18a3f8fa2a2efd4e83c0de58f90e6e7762b95b115dc1a3b6ad259e2,,Unknown,,vless,websocket,tls,failed,failed_unverified,0,eof,1,,
1161c27913ff4458cc555a4aa1ce2b06f8962bc0dfaefbfd4a773c229d835387,DE,Germany,,vmess,raw,tls,failed,failed_unverified,0,timeout,2,,
116baf421b6d9d9fdee70d709eabf24bcb42ecfdee3ca6f5cdd84306e96e2365,HK,Hong_Kong,,vless,websocket,tls,failed,failed_unverified,0,reset,1,,
1177ad46020965380d44e730b3758cfa765c0413655a64824961ec9fdfc291e9,JP,Japan,,vless,raw,reality,failed,failed_unverified,0,eof,1,,
1180239b9dc4ee40eb98f5c79010c7c3cdf3eb92db9835a95463a112aea651ed,,Unknown,,vless,xhttp,reality,failed,failed_unverified,0,reset,1,,
11908ee8c7d11bc9159807f1eefc5fa0b2dd89337d87f5b55e703514c2dbb4de,EE,Estonia,,vmess,websocket,tls,failed,failed_unverified,0,timeout,2,,
119d0d01fefa32b39eed46a7c4940585afb614e36a05b7e2270e9fa0fb68dfbd,US,Us,,vless,websocket,tls,failed,failed_unverified,0,reset,1,,
119e59958d3d7e9c9b277a489240b2e9a920cc659c15975af03285ce2cc355ac,,Unknown,DE,vless,websocket,tls,geo_resolved,fresh_verified,0,,1,http,1126
11afa19bb154e0c534da196f0c18e8a3dd82e825a0ea084429b421eda5ba62e3,GB,United_Kingdom,,vless,raw,reality,failed,failed_unverified,0,eof,1,,
11b72c4117db006c8fa52f85d903dae72f420f2cef66adf3d7803b796dccfd6d,US,United_States,EE,vless,raw,reality,geo_resolved,fresh_verified,0,,1,http,4487
11b9c7fa6f399be91c3845dd977f54c32805f6aef060a63935e279975afaf2f0,RU,Russia,,vless,grpc,reality,failed,failed_unverified,0,reset,1,,
11bdaa70b20902d42573b2b5c9721a9f68bc201b4f0727d81f617a1c141394b7,,Unknown,,vless,websocket,tls,failed,failed_unverified,0,eof,1,,
11c3d5ff6278426840c139fc88303583f7506657cb5ce75a7c40c8ff25e14fe5,US,United_States,US,vless,raw,reality,geo_resolved,fresh_verified,0,,1,http,4127
11c6d17165e76b78e0924e3c65e65e3a56ca86479a4e02a5c79e4c441e95972b,BR,Brazil,DE,vless,raw,reality,geo_resolved,fresh_verified,0,,1,http,2030
11d70eb4398931c90aaf75fa19427d2973a3ccb4d3a2273c41096313fc2bf814,US,United_States,,vless,websocket,tls,failed,failed_unverified,0,eof,1,,
11d78a097957970b65ffcb86e36c0a1ca03a779947632579f7b89b010e30e1ec,PK,Pakistan,,vmess,websocket,tls,failed,failed_unverified,0,reset,1,,
11dbe7a0ecf60059355289ca8f6def7a59b186a461064f46f141222a3d17d29a,US,United_States,,vless,grpc,tls,failed,failed_unverified,0,eof,1,,
11e5bebb2c5e4603b5ae604b149c3491630df78c4400eeb04b1e1a35403ed11f,HK,Hong_Kong,,vmess,websocket,tls,failed,failed_unverified,0,reset,1,,
11e6a986fbf87d8cda4e93a65d73847448fc30ebc616bfc541064399498dfbe3,CA,Canada,,vless,websocket,tls,failed,failed_unverified,0,reset,1,,
11f4beee7f592930848724812362652bdabd817f79069f9fb3b4a1ae867e1f56,,Unknown,,vless,raw,reality,failed,failed_unverified,0,timeout,2,,
11f63e14d6b7e459c39526dc44c2931b192ee096ebeb9d87f0c5ba03e44e5479,US,United_States,,vless,websocket,tls,failed,failed_unverified,0,eof,1,,
11f87088bdc5c400d530824acfc72228bd040c5b36646e4b49a1a43fbd2f25f6,,Unknown,,vless,xhttp,tls,failed,failed_unverified,0,eof,1,,
1214f9894192335e2ae7cd79b1855106a9417511ae86b36aee35008a0715cf7d,HU,Hungary,RS,vless,grpc,reality,geo_resolved,fresh_verified,0,,1,http,2232
124095e93ba832a05b4b1945e7ba5e4c5cec99e5a3777063de258c6c54800e5b,,Unknown,,vless,raw,reality,failed,failed_unverified,0,reset,1,,
12460f9c3ec6065a1a5300886b9e2432c3989f5c75c788c6c5d8a2523543f4ea,SG,Singapore,,vless,websocket,tls,failed,failed_unverified,0,reset,1,,
124cc1d62924cf4062893bb1f540fefa9c63e066b42222926631bd379c33275a,FR,France,,vless,raw,reality,failed,failed_unverified,0,eof,1,,
125c399609c0b35b568b9366b9ab3fc4438ae1ef23734eb8396906d952f7d0c7,SC,Seychelles,,vless,xhttp,tls,failed,failed_unverified,0,eof,1,,
12688af02e39170d34624fe9fb42d9d8ed8162b43e9ad2f2ab353b79d9eb657f,FR,France,FR,vless,raw,reality,geo_resolved,fresh_verified,0,,1,http,2062
1279b58253c9529bb53dde1f6b79f7cfdff75a03199b47005922483b7c76c976,US,United_States,,vless,raw,reality,failed,failed_unverified,0,eof,1,,
127a9b9b2fb125cbe1854c63be81ad1caee6fbc3d38563801ab0ad27a3849a52,,Unknown,,vless,raw,reality,failed,failed_unverified,0,eof,1,,
127dc57144e3f2ffa4a2e8fa8c37dcdd920c9899d4baf21cf83628d4f07d6251,GB,United_Kingdom,,vmess,xhttp,tls,failed,failed_unverified,0,reset,1,,
1299932f6f8f2a1671d736588ccda8230779fb7ffeae72bd66d3fe879cef6ab6,BR,Brazil,,vless,raw,reality,failed,failed_unverified,0,reset,1,,
12f499d482b439ff3b4a83d52a802e1e0b70b277e47ad3fb82784bb1832f5642,,Unknown,,vmess,websocket,tls,failed,failed_unverified,0,timeout,2,,
12fc6b04a77b53977513de743361e9d47520cd2d9baf13e0387724b8f30c81be,,Unknown,,vless,raw,tls,failed,failed_unverified,0,eof,1,,
12ff636eeca2886d67e92b4652fb1960c39dadc76aeb847bd404236edf46301d,US,United_States,,vless,websocket,tls,failed,failed_unverified,0,eof,1,,
13176895a4888d15223b0e832265c407601c2c42fa56385b151bd12ca0464748,US,United_States,US,vless,xhttp,tls,geo_resolved,fresh_verified,0,,1,http,3376
131d7f3746ae5217fe5a32f501d81fdfdb037af50389885f12b277a32df9cd84,,Unknown,,vmess,websocket,tls,failed,failed_unverified,0,reset,1,,
13452e4f24a97beebd3e2eaad4719ce763c3cad809abde39fc32f7a6cf1d063d,HU,Hungary,RS,vless,grpc,reality,geo_resolved,fresh_verified,0,,1,http,2170
1352b9e7a1155c05625a92bfae66fe6b5fd1c3b0dc371e31368b3ba9daeca5c8,,Unknown,,vmess,websocket,tls,failed,failed_unverified,0,reset,1,,
1359ae33e645004f70392c4220f5fb0bdcb862a32556b8cde2247f4fe4a238dc,US,United_States,US,vless,raw,reality,geo_resolved,fresh_verified,0,,1,http,4438
135bfcc9e33e8c11cc602c1efc2f81786775a6dc111d1a99a5de38023c8a31a7,US,United_States,US,vless,raw,reality,geo_resolved,fresh_verified,0,,1,http,2368
135c0d6af59219a54bc0ad7f2b9019ea7e592b584e1d63b8aefe6ae31602b372,,Unknown,,vmess,websocket,tls,failed,failed_unverified,0,reset,1,,
13626f2c9ede9b3aeccd28f58a88833c7f1ae238b6fe1ca0a126f52dec03c172,,Unknown,,vmess,websocket,tls,failed,failed_unverified,0,reset,1,,
138c0e5a1735b3c5ad76b465e23383ec967db4a48d4cd51a48205a78f2f15c4e,CA,Canada,DE,vless,websocket,tls,failed,preserved_last_known,1,reset,1,,
1392920a8241828230710f61903d436562199ed95844c3081dfb7a063bd3a78f,BG,Bulgaria,BG,vless,grpc,reality,geo_resolved,fresh_verified,0,,1,http,2146
1397f44edf190f47f969c82d39e93f76b40c9ae36f0b68c8c45f231c3302d6ca,US,United_States,,vless,websocket,tls,failed,failed_unverified,0,reset,1,,
13a07d31224735464d8f675cb79d3ab8e400dccb410c9724ec48c2158e4eb68e,CA,Canada,,vless,websocket,tls,failed,failed_unverified,0,reset,1,,
13a91a3cb0efb4ddefa9537e3ff9c82623766c922681146a4c0d25702c7081ce,US,United_States,,vless,xhttp,reality,failed,failed_unverified,0,timeout,2,,
13b1414ce37a318f32364a41dab2be4fcd066dfc682da1174213b8ab55e0e876,US,United_States,,vless,websocket,tls,failed,failed_unverified,0,reset,1,,
13b5eba9a20d473d4157a27e36d977c94219c6e8bb4dc04a6f6b64eca95c25c3,BR,Brazil,,vless,raw,reality,failed,failed_unverified,0,reset,1,,
13caeec9de3c62164c51f5db58e438d484020c4b51f239e5f930b1343e0e934e,GB,United_Kingdom,DE,vless,raw,reality,geo_resolved,fresh_verified,0,,1,http,5160
13d6bb93bae46a984633f190829f3d4cdedf86e164b1c1ead0d5697b2ecc7e78,EE,Estonia,EE,vless,xhttp,tls,geo_resolved,fresh_verified,0,,1,http,3177
13ddf9bd04f52efbe2381b568febf517dc5cf8da8d20c904875ccc370ed44e8d,US,United_States,,vless,raw,reality,failed,failed_unverified,0,eof,1,,
13e2b17e3f6cc8323d429a91d9101f1c46dd47c59e462194332c8d7c2284cd68,MD,Moldova,MD,vless,grpc,reality,geo_resolved,fresh_verified,0,,1,https,149
14371267f4fb9fd0adb5914a594b4b811261171784149ddb2a2a9fed7db192d9,SG,Singapore,,vless,raw,reality,failed,failed_unverified,0,reset,1,,
1437d919f677182b48a2577939c6eedf5552f95dc4cb7fb54f90a140e949755d,,Unknown,,vless,xhttp,tls,failed,failed_unverified,0,reset,1,,
144149aa2ba4b1ac74d408a74ae92d5f8dddb9c3dc8ff2b41531bd462c7931c9,US,United_States,,vmess,websocket,tls,failed,failed_unverified,0,reset,1,,
14493154e45edb176603abf011104b8a8f06ff2ef52668c79d2bfb5b3093024b,CN,China,,vless,xhttp,reality,failed,failed_unverified,0,eof,1,,
14542514d30cb12bc0964a368b108c5f63e7bdbd92ce1d279e7fe33a97b099d0,,Unknown,,vless,xhttp,reality,failed,failed_unverified,0,eof,1,,
1457aac84c5dc4898e03992f358a17b7a3bd4926eb82e7129d279ea3ad55bdc9,CA,Canada,,vmess,websocket,tls,failed,failed_unverified,0,reset,1,,
1462642cf51abb13a50fd6a8df0b9967958f264bf1b9b6412ea78061b4da32c2,US,United_States,,vless,websocket,tls,failed,failed_unverified,0,eof,1,,
146f412835e35dcfea8eaf9badb1909f2e895fa8c0816f72b191185e6c24db15,TR,Turkiye,,vless,grpc,reality,failed,failed_unverified,0,eof,1,,
1485d4f58aed7c992332df847ead10f4ae14037e5c8fd656b6925ce3e3e38a7b,GB,United_Kingdom,,vless,websocket,tls,failed,failed_unverified,0,timeout,2,,
148aea99f655d8001b6873eef77bd6b7aa63b0d15b489233358b3ae1c8c1d621,US,United_States,,vless,websocket,tls,failed,failed_unverified,0,eof,1,,
14daff8e1b1dc19acbbe3a1ccb7df3a61eef36578173cac213fcf2ac91cea54b,SE,Sweden,,vless,raw,reality,failed,failed_unverified,0,timeout,2,,
1501e480860e552ad661ffb3a0aa5d4c3ec27992f770b900c50f2a33db64c56a,,Unknown,,vless,websocket,tls,failed,failed_unverified,0,reset,1,,
152d01f20d86b8e105d307ffa7bd2426d2bbdea35acff3710ca9d7b83ab80a26,CZ,Czechia,,vmess,websocket,tls,failed,failed_unverified,0,reset,1,,
153b6b830650d4a8f5bc288ad0d83157de500418d0e27ab12db62cb833e6b6e3,IR,Iran,,vmess,websocket,tls,failed,failed_unverified,0,reset,1,,
154cf3e0924a98a60b8fdbfd29cbe7dd3c4261b78fded8cd37f6db4fe5b899d2,,Unknown,HK,vmess,websocket,tls,geo_resolved,fresh_verified,0,,1,http,2086
154eee14ad35380a7c34c28a8eaf078056177d1d5263cd1167331435bed08f66,,Unknown,HK,vmess,websocket,tls,geo_resolved,fresh_verified,0,,1,http,2345
156dfe6d2b48e1abf1568c0f56af5c43737f3b65dba9abf8ef1330760a265dfa,SC,Seychelles,,vless,raw,reality,failed,failed_unverified,0,timeout,2,,
157ca732f5244d8a358443b83c27eac37316931c01e898a8fb983ee040eb74dd,US,United_States,,vless,raw,reality,failed,expired_after_failures,3,timeout,1,,
1591c9ea1cc2cc285c784f9a270e8c7cb764610bb4cbb39fcda4989cb9b5ba22,US,Us,,vless,websocket,tls,failed,failed_unverified,0,reset,1,,
15a1c175c36ad240af3f89ced90fe8317dc6424fd1ca0f1e285d860f98dbd1b5,US,United_States,NL,vless,websocket,tls,geo_resolved,fresh_verified,0,,1,http,1478
15a506dbe195dd2943517ca6c1646770fd71a06293d430287ec4684ee8fe536e,,Unknown,HK,vmess,websocket,tls,geo_resolved,fresh_verified,0,,1,http,2282
15a97e49ebf73ae43ab8c22d78e790a039fbfe043026983c7070b77bdb928c1d,,Unknown,,vmess,websocket,tls,failed,failed_unverified,0,reset,1,,
15c3078acac77cb78b88a82de61048f8b880636a1725f77d8bce3792cea2e533,TR,Turkiye,,vless,raw,reality,failed,failed_unverified,0,timeout,2,,
15e5b20ed8dcb9a5d08fe18c629abddf5e431a6be56a1225bb1f642802612b52,,Unknown,,vless,xhttp,tls,failed,failed_unverified,0,reset,1,,
1605b0f0b80da71b4c847acaf3e52140383bc6654464e78a1f126b4b7d4b41aa,HU,Hungary,RS,vless,grpc,reality,geo_resolved,fresh_verified,0,,1,http,2200
1625b4f74481141918f30f6a4f8bc659b98e229bf415a26fd3824624710fe7d9,US,United_States,,vless,websocket,tls,failed,failed_unverified,0,eof,1,,
16282a428f1119c5bc9bdb8b2fa626c65a47fdcd342fd96f54bb5c337c568640,US,Us,,vless,websocket,tls,failed,failed_unverified,0,reset,1,,
16289628340ad69aa051ef7b7139b7aa5ba288ccc210fbda55113b5fbbf6045f,GB,United_Kingdom,FR,vless,raw,reality,geo_resolved,fresh_verified,0,,1,https,2580
1645e18bf67b60c23223e56421c91558caa5656dfad35b631b75ff9b2c51c051,RU,Russia,RU,vless,raw,reality,geo_resolved,fresh_verified,0,,1,http,2237
164ad06d624596785884130ad03d9b3aa733d1b5282f53a15433b919352d2eca,DE,Germany,DE,vless,xhttp,tls,failed,preserved_last_known,2,eof,1,,
164f37bb81e1aecaa12560ba24e87fa8bc3fad0b9710658e5847328c1be0c37b,,Unknown,,vless,xhttp,reality,failed,failed_unverified,0,reset,1,,
1650ef55111538996a299cba5f047497862f1c0bf8dafec021e0a3274406135e,GB,United_Kingdom,DE,vless,raw,reality,geo_resolved,fresh_verified,0,,1,http,2147
16564b50c9bc156f5d39dd74b241d4e746bb2e8ccd99c7b285243a82194b6389,CA,Canada,,vless,websocket,tls,failed,failed_unverified,0,eof,1,,
1666cb76882ed34ac8d75bd303e0ba7e319135d7ef75ff034aeb2ae13d3cca98,MD,Moldova,MD,vless,grpc,reality,geo_resolved,fresh_verified,0,,1,http,2222
167b439c0f99a940e5cfc3e33417cb04718cf324f1d62afff22c329a54fb87aa,US,United_States,,vless,raw,reality,failed,failed_unverified,0,eof,1,,
1686fd6ca9f115c9721d753080dc2fcaa326734c709b586dc038666ffc864579,,Unknown,,vmess,raw,tls,failed,failed_unverified,0,reset,1,,
1687853ee1f4323c9f20a0eead0653d639bbe5ce667a9bb8ceb73a3ee479bc68,,Unknown,,vless,xhttp,tls,failed,failed_unverified,0,reset,1,,
16aa20563ca8c65ccd209235fb40af213b46c9631bba2566178e826a3e8eea1a,,Unknown,,vmess,websocket,tls,failed,failed_unverified,0,reset,1,,
16c6032c063a7847bf42402ecc7a1923e4147687cb580e52ac11d69131b5db66,,Unknown,,vmess,websocket,tls,failed,failed_unverified,0,eof,1,,
16d3fa89eb8e979fdc16ddbd14e709643400f7de1937df1223dd04e45c5cf8b9,US,Us,,vless,websocket,tls,failed,failed_unverified,0,reset,1,,
16d9da69e8d2f47b825e115fa107c5136c24fde3dd2eaa0f042491516626e781,US,United_States,NL,vless,grpc,reality,geo_resolved,fresh_verified,0,,1,https,1464
16dc18ca061b797c8e808741841547138ac48b53691e0eb8dee40f476d47df67,,Unknown,,vless,websocket,tls,failed,failed_unverified,0,reset,1,,
16e2a31fc68960a3a2e692e7fc7fb0bfc49a9d498f73b58631bace267945d49f,PL,Poland,,vless,raw,reality,failed,failed_unverified,0,timeout,2,,
16f080c9644873d55fad94549b37f3bd4333888189631a5a8116733dd6f900c3,,Unknown,,vless,raw,reality,failed,failed_unverified,0,eof,1,,
16f0bdbbb55881644f94dcb4459249231c05f8583cef309cdf0fe92f4109a1b4,,Unknown,,vless,xhttp,tls,failed,failed_unverified,0,eof,1,,
16f7df1ebe05195cb7b78390e8aa6375d5c0b4e8a4b550205bf644b773d2660c,,Unknown,,vless,xhttp,reality,failed,failed_unverified,0,timeout,2,,
16f86d78a72089612cf42786fc7de169123853acd54584d50f463755dbada3d7,,Unknown,,vless,websocket,tls,failed,failed_unverified,0,reset,1,,
16fd8eb4d8b1cc968855a14fdf621d7e5ed6294aade5652282a782c55bd38651,CZ,Czechia,,vmess,websocket,tls,failed,failed_unverified,0,reset,1,,
1705c46d02dbd9f584ebbd773f8411bc53d0dc3a3bed16173ad04ea9c8bb2750,,Unknown,,vless,websocket,tls,failed,failed_unverified,0,eof,1,,
170850da9481194edee98433af1d19f165b67f8e8868ad6bbc4cf1ec16104eda,GB,United_Kingdom,PL,vless,raw,reality,geo_resolved,fresh_verified,0,,1,http,5890
170d04baf17c54ac28bee194abb6b88c6360cfe677246c425c9498bc644d54f4,SE,Sweden,,vless,websocket,tls,failed,failed_unverified,0,timeout,2,,
17114b950c734ea6e974a949fec8105cd597a6690ac09372912bd0eec7a1d273,,Unknown,,vmess,websocket,tls,failed,failed_unverified,0,timeout,2,,
17191ffaab467eb15e2756628a92295a660045218f635887d3b914d0e9aafc2e,BE,Belgium,,vless,raw,reality,failed,failed_unverified,0,eof,1,,
1736d5b97f3a1abc8ac24806ccd6e73f9c8e6406ce83e6742a490d1c9f306473,FI,Finland,,vless,raw,reality,failed,failed_unverified,0,reset,1,,
175dc170ab32f436361becab80d5875e0abd1878ece3df64df288a18b89c9e92,CA,Canada,,vless,websocket,tls,failed,failed_unverified,0,reset,1,,
176c4fef169c184fdd0cf496fdc66ef10d24a93de76522d0fbd38bb920ded3b5,,Unknown,EE,vless,websocket,tls,geo_resolved,fresh_verified,0,,1,http,1268
176ff6c23496f4eeac6d558bf659a675ee445f698e6b9be5658337527469a21a,,Unknown,,vless,websocket,tls,failed,failed_unverified,0,eof,1,,
177d4ca935313fc59b797fd7045e393ee447378c1fb44d9c8db50b4b4c82bfd6,BG,Bulgaria,,vmess,xhttp,tls,failed,failed_unverified,0,timeout,2,,
1789e09e2badebe98657ecfd3c392821ca89e6b826655ac170152f6560a7c9ba,,Unknown,,vless,websocket,tls,failed,failed_unverified,0,reset,1,,
17a94ef92bbcc3447164e999be7208be5ef0e641c4973ea700f051a5f61fe96c,,Unknown,,vless,raw,tls,failed,failed_unverified,0,eof,1,,
17b010b556833dff24c57dc3945e5014cb73f056f80668ad4e1cc48d303a4775,,The_Netherlands,,vless,raw,reality,failed,failed_unverified,0,eof,1,,
17b30ce45b048395c0696f330faf16338c935d132f59db6cbdd0509568dac32b,RU,Russia,,vless,raw,reality,failed,failed_unverified,0,eof,1,,
17d82bfb6ac8c265bb5f6a47e152bf2b5e619ef2c4dfa740852ef17518dbb55b,RU,Russia,,vless,grpc,reality,failed,failed_unverified,0,timeout,1,,
17e15cbdb64234837d138e4fe2e15acdef25becdfe528dc10933a9129f9ae0bf,,Unknown,,vmess,websocket,tls,failed,failed_unverified,0,timeout,2,,
17e1bc4322af740024e98ecd84a37cd2c3401bd17c3e133295d7856c2514b524,,The_Netherlands,,vless,raw,reality,failed,failed_unverified,0,timeout,2,,
17ec2d15770fdcd84d052773840afc6943bcda4366cd5a8a1ed740e0736122b8,US,Us,,vless,websocket,tls,failed,failed_unverified,0,reset,1,,
17f4bb07b36edb6e4940a6e17a599b14a1d4a485fe97834626833fb75911c3be,DE,Germany,,vless,raw,reality,failed,failed_unverified,0,reset,1,,
18008fa961ca96a306a7fce5c9ec6943e6fdabf9c5659aa150411936f21dd125,PK,Pakistan,,vmess,websocket,tls,failed,failed_unverified,0,reset,1,,
180aec9c7b01251fed2788f8dfe230f269fca4b253891a273088e8fa770f230c,US,United_States,,vless,websocket,tls,failed,failed_unverified,0,reset,1,,
1814207acc7e28cdbb512d8f0b5729029a5520331c765ac6b0756dab24a2e94e,,Unknown,,vless,raw,reality,failed,failed_unverified,0,reset,1,,
181b0bbfa2f4702765726b062e7a9ebda938b36a784cf83998b3dd3252eb9de4,IE,Ireland,NL,vless,raw,reality,geo_resolved,fresh_verified,0,,1,https,3179
1823585a15722c245df40b0904c353e3a02c546ca50999c68348b690430a8fb1,,Unknown,,vless,xhttp,reality,failed,failed_unverified,0,eof,1,,
183be8188c1cabae0e74ede4a5b77df35ad825f95db5c09d7436755a121b9565,RU,Russia,NL,vless,raw,tls,geo_resolved,fresh_verified,0,,1,http,3220
184387349783c5f823ce67faa1f61f3c30bbb9fd9faf1f133660deb44b30f2ce,US,United_States,,vless,websocket,tls,failed,failed_unverified,0,eof,1,,
1843a239447db6e3e4ddb1dfac488492398051b9b6f405b4afa33da720c55b58,,Unknown,,vless,raw,reality,failed,failed_unverified,0,reset,1,,
184e7059b9215c8a0f8fefc63e5f5799b9d9a9612645d14845672b4aedfe7def,,The_Netherlands,NL,vless,raw,reality,geo_resolved,fresh_verified,0,,1,http,2045
18550560e09d6dfbbd3de7b8b6b43de8d672bf8ba4784305d3d54e937372531b,US,Us,,vless,websocket,tls,failed,failed_unverified,0,eof,1,,
18595f37acce09b9eb0aef34046b74ba782bf33caf54a5d61feadb382fd8ab49,US,Us,,vless,websocket,tls,failed,failed_unverified,0,reset,1,,
187ad31fd7572bdfc3fed31267e596eeb3201f40e0a28d737bde99df2ac0bb37,,Unknown,,vless,xhttp,reality,failed,failed_unverified,0,reset,1,,
188d8bc2045413a240a58b0be7318432e7b191432380222390d1577f97d0164f,,Unknown,,vless,raw,reality,failed,failed_unverified,0,reset,1,,
1895239120c9ba19d6a51efda9049783757f8b2d9eec285d0ebaf22729da3098,,Unknown,,vmess,websocket,tls,failed,failed_unverified,0,reset,1,,
1897ad1e23a1ba46b0e37236189fb57a57d4a197860416d6091228c28c95e89b,US,United_States,,vless,websocket,tls,failed,failed_unverified,0,eof,1,,
18a417157807304bfb524f2f923aa52a10f1ac47715d02c617465e9b08bd17e4,GB,United_Kingdom,,vmess,raw,tls,failed,failed_unverified,0,eof,1,,
18b8b4c1fc5d67d1ecc80633498dead2b0a2cf6bafcf5c37049155c617265adb,GB,United_Kingdom,,vless,raw,reality,failed,failed_unverified,0,eof,1,,
18b99f24bf9b1020e4a947fd85c4fa5016662319e2466827ff82af5498143d5b,CA,Canada,,vless,raw,reality,failed,failed_unverified,0,eof,1,,
18c713ce9a585305dd09f6cfaba0d5ddb919a968e72983f2b663b09a34a1c4de,RU,Russia,,vless,grpc,reality,failed,failed_unverified,0,reset,1,,
18ce6677aeeff46c719ccc42f02db51a667e545ca46d3eba882c925673889cd7,US,United_States,,vless,websocket,tls,failed,failed_unverified,0,eof,1,,
18ec5e9c963a94d7c3a6d74565fc5b6018ce3e2dbc58f7b0c280dd7066515d0d,US,Us,US,vless,websocket,tls,geo_resolved,fresh_verified,0,,1,http,2937
18f4ce5171855794c762c8b86f0d06422609cb8c96cf7ee3f560f0204f68cb06,LT,Lithuania,,vmess,websocket,tls,failed,failed_unverified,0,reset,1,,
1900e1747037bedc81695245b9ca36e69ef8c3f56a097e9fbbf20b861bc26e48,US,United_States,FI,vless,raw,reality,geo_resolved,fresh_verified,0,,2,https,2561
19038b874ffc4057db249667dfee67d7ffa551ba42bd9b0ec450c66718cdc614,AT,Austria,,vless,raw,reality,failed,failed_unverified,0,reset,1,,
1915a2256e885d15f8b33b481357a3a887306ec5082fb7bc31ee2a17b65e854a,GB,United_Kingdom,,vless,grpc,reality,failed,failed_unverified,0,eof,1,,
191d234e92d615f711d4c2ccad8ac1123a2278b6c9a92896d79e4d5f52e49e3a,,Unknown,,vless,httpupgrade,tls,failed,failed_unverified,0,reset,1,,
192758abf915c137f0e9c511c9d8c844071dbc60ce7e5f32c96601a5f92833ed,,Unknown,,vless,raw,reality,failed,failed_unverified,0,eof,1,,
19339862e7947de8bf50a55cee33caf6b83cf4d967ad8ddb7b2c295b43fc77c8,,Unknown,,vless,xhttp,reality,failed,failed_unverified,0,eof,1,,
19366c99cd9ba4e7ab08ca1be6e698e2b0de0d89bfd2c0d36d93071c92b9e6ff,,Unknown,,vless,xhttp,tls,failed,failed_unverified,0,reset,1,,
1956e6b667bb9395ca92037ecfae9edcdfa099b459420f35a868dabe5ace1c26,,Unknown,,vless,raw,reality,failed,failed_unverified,0,reset,1,,
196a4874f965ae01ff2b77cc049653a67183c93a4c6f9607cf3eca9e81c4ddce,,Unknown,,vless,websocket,tls,failed,failed_unverified,0,reset,1,,
19849b8cc5f809660c089f8cf72c1ada15ca6c01c472a4a8dd45dcebcacd5d85,,Unknown,,vless,websocket,tls,failed,failed_unverified,0,eof,1,,
199901a36467628eb3224f5d1abf94ac80527f69f54fe623b13f1716a4fa1e68,PL,Poland,,vless,xhttp,reality,failed,failed_unverified,0,eof,1,,
19a0b289c57180b24a5f1078385fa30f91c00ba3beba2e20b2db6e6eda201f21,BR,Brazil,DE,vless,raw,reality,geo_resolved,fresh_verified,0,,1,http,2054
19a868bb3719a40dfd4d9960b7b82ab4c9a12ad80b3d1f62cdcac2837728aade,HK,Hong_Kong,,vless,raw,reality,failed,failed_unverified,0,timeout,2,,
19ada82eac2824c1b49037b88ad02d95ee8a929ea92f318b79d5fc6afea5b629,LV,Latvia,,vmess,websocket,tls,failed,failed_unverified,0,reset,1,,
19b17d9121caba800d2ab44d41c6f3c391f09bda36f4afd8e363d3096feb4fc7,,Unknown,,vless,websocket,tls,failed,expired_after_failures,3,reset,1,,
19ce952c5f8b0bec3eb3f66bfd701719edd0f8123c10f3c24c0ed18dd2abe268,,Unknown,HK,vmess,websocket,tls,geo_resolved,fresh_verified,0,,1,http,1037
19d826a11a8d3cbdd78853eb780ce144f64d8297168c93dae925c52e1a7c36a6,GB,United_Kingdom,GB,vmess,websocket,tls,geo_resolved,fresh_verified,0,,2,http,95
19dee366a1d10f4c7835f2ce2576bbf83f0185379d6e7ba34db02d7793e8811f,US,United_States,US,vless,xhttp,tls,geo_resolved,fresh_verified,0,,1,http,3389
19e404a2a4df8bddb8f4fc77afb84a7094a0505097d7e63296a5d25bd25de639,,Unknown,NO,vless,raw,reality,geo_resolved,fresh_verified,0,,1,http,2107
19f0743fce82009940643957a5ff205d83185a45b024fb224c1e4b6e6d026c6d,DK,Denmark,NL,vless,grpc,tls,geo_resolved,fresh_verified,0,,1,http,2087
19f59390e84ccaabfb4e5ca3e214b6113643588b5e0e549b6f972bb3eb74f947,US,United_States,,vless,websocket,tls,failed,failed_unverified,0,reset,1,,
19f6b15b32470e835fac469cbaea8dea51272575a142a93162113f8927ee6b80,US,United_States,,vless,raw,reality,failed,failed_unverified,0,timeout,2,,
19f8fa1d8a0bb1f70a17ad5bf5bed7b13db351085252e951b4f95ae74c2cbc6c,US,United_States,US,vless,raw,reality,geo_resolved,fresh_verified,0,,1,http,2414
1a020fef77bcb3b2dd234cbec383b6d6c4a44cfa8f4523de93c61fe68f3ee5f7,US,United_States,,vless,websocket,tls,failed,failed_unverified,0,reset,1,,
1a0837d29fcc4cf62cf1f7432beaded189b25c7778c8e8ed9d81037e96ace7e2,,Unknown,FI,vless,raw,reality,failed,preserved_last_known,1,timeout,2,,
1a1a784ba9bfac057d3a386503a32367276962b28f902adbb26669d664b4367c,US,United_States,,vless,xhttp,tls,failed,failed_unverified,0,eof,1,,
1a296ac40e37df62d11e79273a65f9667b34271478d47d9e405c87a2ec6843d1,US,United_States,,vless,raw,tls,failed,failed_unverified,0,reset,1,,
1a2e949581312b6a6aab9ecf9aa9bed5549d1d67bc1d9de95218de17de05a0b1,US,United_States,,vless,xhttp,tls,failed,failed_unverified,0,reset,1,,
1a36a772397bc7c90802d41fff02c25925fe7d92d3ca8466ce46056e79369098,CA,Canada,,vless,websocket,tls,failed,failed_unverified,0,reset,1,,
1a39faf14128fdb32174f0beeecfeeb105f43111919d830b72c112148218dad8,,Unknown,,vless,raw,reality,failed,failed_unverified,0,timeout,2,,
1a6aab58a5d99974e0f54d487ccbd99af63b62953aba0f17202a3af1169627ff,FI,Finland,,vmess,websocket,tls,failed,failed_unverified,0,reset,1,,
1a7369eddd54212599be5c4018d409ceee3f1d52a938cb974484aee19ff19ba5,CN,China,,vless,raw,tls,failed,failed_unverified,0,timeout,2,,
1a8cc6554f814ac7f6ed5210e14097b09d4638711b6ebaed50bc37284a600765,US,United_States,US,vless,raw,reality,geo_resolved,fresh_verified,0,,1,http,3958
1a9330928e9e4291f288561d3851cdf17f25c047d54e120c6521a25b154ecad0,CA,Canada,,vless,websocket,tls,failed,failed_unverified,0,reset,1,,
1a96e03071a2f665249a91a55709cdbc4d168174df59a0e9237a468d2d1cfbaa,GB,United_Kingdom,DE,vless,raw,reality,geo_resolved,fresh_verified,0,,1,http,2297
1a9839b621229d2af78330a15524244e607e52eb30404a5895c00d4ee2b27c4f,IR,Iran,,vless,raw,reality,failed,failed_unverified,0,timeout,2,,
1aac5a2da3752f0f8810628548f4944212268d67fcb71dc3c9059e61520d3a04,,Unknown,,vless,websocket,tls,failed,failed_unverified,0,reset,1,,
1ab0a944ec18f73cc21a6de388e10ac8f503f4006af48f943a29a9a471280476,,Unknown,,vless,xhttp,tls,failed,failed_unverified,0,reset,1,,
1ae3893689bc88c4ec1b39834a13be0800605ad78915b48634ee8d034a2b5e5b,DE,Germany,,vless,raw,reality,failed,failed_unverified,0,eof,1,,
1aeaa4004fac1dfb59beb6d4750a795b1f7bd059387f7a68e4d33fc3fc7975a0,IE,Ireland,NL,vless,raw,reality,geo_resolved,fresh_verified,0,,1,http,3116
1af2b1f1b254f98aeb5601ab492b73001327a24e6c2809c477210ee1a33124fc,US,United_States,,vless,websocket,tls,failed,failed_unverified,0,timeout,2,,
1b04e8ee5ce7a8ae38a53792dd98e41cae9635ad37b2446d0f958b642f40efa0,GB,United_Kingdom,FR,vless,raw,tls,failed,preserved_last_known,1,eof,1,,
1b064df3aee5b3571329075c0659bf12137e683f80e23d7aa2cc20d5ae85370e,US,United_States,FI,vless,websocket,tls,geo_resolved,fresh_verified,0,,1,http,1142
1b1ac85e1d4b4e8b839cdf1b3d9f33fb4b0b72e98770683f6e2be3007afcc631,,Unknown,,vless,websocket,tls,failed,failed_unverified,0,reset,1,,
1b1e9387dd097cbda11d11d718484fb1d07e985bfd1126118d59f0d1ac3b1fe7,,Unknown,HK,vmess,websocket,tls,geo_resolved,fresh_verified,0,,1,http,2384
1b242779fbd14118661e58cd6f4843bb552a86212b59476cd4c19ffcb78b4470,,Unknown,,vless,websocket,tls,failed,failed_unverified,0,reset,1,,
1b4fded4d34e5233992f040fa225abe693734ca3adc76bf27e067bfd9692f1e1,PL,Poland,,vless,raw,reality,failed,failed_unverified,0,timeout,2,,
1b5dd5e33b2d985f5aa3497a39650e50fb71e438249e376f373c8d8c30162f28,US,United_States,,vless,websocket,tls,failed,failed_unverified,0,reset,1,,
1b67a56365e27ca81436f7ba1f9edca1bd115d67fb5649d2091d350e4040aa4e,,Unknown,,vless,websocket,tls,failed,failed_unverified,0,reset,1,,
1b9221388b680ee43fb9d817addc0b6002938c26da233c546fb1ada98249c1f5,,Unknown,,vless,websocket,tls,failed,failed_unverified,0,reset,1,,
1b9cf06982005de403bcd155fdcf0937b1a76e494664af9b4a578337abeea231,US,United_States,,vless,raw,reality,failed,failed_unverified,0,timeout,2,,
1ba1f1a2a9729860fb5c17a06c47a949e17fdd32b0cac97e66fae41a73104b0d,,Unknown,,vless,xhttp,tls,failed,failed_unverified,0,eof,1,,
1bb7796803683baef1d95914adfcd4426df9105d898e6c79362298d07aab3f1c,DK,Denmark,,vless,raw,reality,failed,failed_unverified,0,eof,1,,
1bba9ddfcc2c0e0653a915c7817f5e00dac1f9d664c670420054ebb4a2e13a94,DE,Germany,,vmess,websocket,tls,failed,failed_unverified,0,reset,1,,
1bbb1d1a1ae83717c331dc0eab86f7bee816fe31b7c3bdbb871d5830d189e138,,Unknown,RU,vless,xhttp,tls,geo_resolved,fresh_verified,0,,1,http,2353
1bbc32b6c5215497e235e3c96dd7e0448c8d56a401bca969f693ac3ee32fe526,GB,United_Kingdom,FI,vless,raw,reality,geo_resolved,fresh_verified,0,,1,http,4163
1bc63c0869618814ab5a305c58e32adb3dd3062f7433ef0ef52f3b6523a3f1d0,US,United_States,US,vless,raw,reality,geo_resolved,fresh_verified,0,,1,http,2510
1bdbc0b90bf34add8b9041ef58df79e1a1a869397427a25d79d4941b75aa3951,,Unknown,,vless,xhttp,tls,failed,failed_unverified,0,reset,1,,
1be84ad2bc0a41f4e1985a7543aa9764198a8c4f3fa615bc03619427f9aee6ac,US,United_States,,vless,raw,reality,failed,failed_unverified,0,timeout,2,,
1be8780d69958e953a99c69ebcd392f17c688a0e51d6f2ce940900f6205590f3,,Unknown,,vmess,websocket,tls,failed,failed_unverified,0,reset,1,,
1be9c60d1129dea6b9a30633b7dbdc81601421c679af77b6b70f4f1e5c22b777,RU,Russia,,vless,raw,tls,failed,failed_unverified,0,eof,1,,
1c02df1375ff82cd27ca25d7c68da619c94e912fbb6d1f085765fbcb6335c49e,BR,Brazil,,vless,raw,reality,failed,failed_unverified,0,eof,1,,
1c2caf3209f246fc9d34f1df2717ac4ce01ff59768e31eab7a1ab57030f5bedb,,Unknown,,vless,xhttp,tls,failed,failed_unverified,0,eof,1,,
1c313b47c47ad88aa8ed76afc66668da9d5d2a77057a40d8d2cbc17e45a3a767,,Unknown,US,vless,raw,reality,geo_resolved,fresh_verified,0,,1,https,5269
1c33faed5fe6a8ed9b538f3838fe148d3d31eba803d379bec609be6f3f61f7ab,,Unknown,,vmess,websocket,tls,failed,failed_unverified,0,reset,1,,
1c3eb163c3c31b53d7311aa1b2c2783a695dfe2f9d33ecf68abb9346d489a9c6,DE,Germany,,vless,raw,reality,failed,failed_unverified,0,timeout,2,,
1c7668e3bdd67467ec5bc830d606de08331d5e1f9f5be58aa81cb7441813c6f3,IE,Ireland,LV,vless,raw,tls,failed,preserved_last_known,1,eof,1,,
1c8d3aece31fe4dfdee7bb634149b65d32f77f04c54c776f9b535df6d84f37ba,FR,France,,vless,websocket,tls,failed,failed_unverified,0,reset,1,,
1ca4afe02c5f62527f95fe54d6eb56a26725254d9232a7d9a44654fdec64703c,,Unknown,,vless,xhttp,tls,failed,failed_unverified,0,reset,1,,
1ca8a43b151c4838b835aebe340ae849a3c2c4bff83d579b619e78da3e854929,,Unknown,,vless,websocket,tls,failed,failed_unverified,0,eof,1,,
1cae0ab51fa0e4facd94c287986efe2a774f3967619532fbde10b15768166ec2,ZA,South_Africa,,vless,raw,reality,failed,failed_unverified,0,reset,1,,
1cb479776181eae4c7a3e62e6c674ee65e5e1da2b62676ac4d62694120eb94d7,FR,France,,vless,xhttp,reality,failed,failed_unverified,0,reset,1,,
1cb96339495f602937650568d38f4646f37bfa773b2356fecba26f7165d950f5,KZ,Kazakhstan,,vless,websocket,tls,failed,failed_unverified,0,reset,1,,
1cbafeb6fa07740801edaf47969f469fae1872d560330ec8f19d37bb5286631c,CN,China,,vless,xhttp,reality,failed,failed_unverified,0,eof,1,,
1cdcdc86e2f46c6e7ceeced0c62727b1eb79ebd42a24d0b6e51379e8c869bdb5,US,United_States,,vless,raw,reality,failed,failed_unverified,0,reset,1,,
1cefbf4d5d53e2d7d10d8cfaca6e614eef93217f8783cdbaaf716ff0a2164981,,Unknown,,vless,xhttp,reality,failed,failed_unverified,0,reset,1,,
1cfd12dafbe1d510601fe32665947c7034a91b5728e78f4b7cecd243e9b2a69c,HK,Hong_Kong,HK,vmess,websocket,tls,geo_resolved,fresh_verified,0,,1,http,2183
1d1379f3a2ebc5245bab686b3bd2565983d6513f5afa1aff42658044a15137f3,GB,United_Kingdom,RO,vless,raw,reality,geo_resolved,fresh_verified,0,,1,http,2235
1d1435fb30df8ad9a823ae6c81eff89a6404b513ea7fb73f8a21a03a2f07e956,,Unknown,,vmess,httpupgrade,tls,failed,failed_unverified,0,timeout,2,,
1d1f960b231650a6aa3cd0552b4651acd05d843282452aed7501c9473372cca5,AE,United_Arab_Emirates,,vmess,raw,tls,failed,failed_unverified,0,timeout,2,,
1d3dde53ec534b5a1a5966e610128e2a3f9cedcba48bbc3e7b860cd8c0caee79,US,United_States,,vless,websocket,tls,failed,failed_unverified,0,reset,1,,
1d414b766de5c386f47e8f1044f952d683c19c978f576a85a0b81b5984ce9271,,Unknown,NL,vmess,websocket,tls,failed,preserved_last_known,2,reset,1,,
1d435ab3b0db0b29d3a07b0201e9c7ca52556febb805277cecc8ab89f63f1cd4,FI,Finland,,vmess,websocket,tls,failed,failed_unverified,0,timeout,2,,
1d537bee5f5a4f98ff0c4add9b79b13ec33f011c570298004417e991211f363a,IR,Iran,,vless,raw,reality,failed,failed_unverified,0,reset,1,,
1d8417d0740506cd557dad94bc9504a307df3bd26d3789c5f31fdfaf52582df4,,Unknown,,vless,xhttp,tls,failed,failed_unverified,0,reset,1,,
1db17e80949223cb9612412edf9359d6305d06912b824b03535cb8ae3783ef06,,Unknown,,vless,websocket,tls,failed,failed_unverified,0,reset,1,,
1db82e388e0c932d3aa1314ca5dc9cff236c01044a824245d70cb22c021d4125,,Unknown,,vless,raw,reality,failed,failed_unverified,0,timeout,2,,
1dbe32ece76e2a09421de9383d18b054a9b06c11a2802436ab03e40c27f4b254,,Unknown,,vless,raw,reality,failed,failed_unverified,0,reset,1,,
1dcb5e9d07876f57df51d2daf7c1a91c171e65379a975361db5e2960aca1c20e,US,United_States,,vless,websocket,tls,failed,failed_unverified,0,eof,1,,
1ddab697851fbcbf1103f8e4e810f9c5830f5994d891a134a409a5b6c441064a,AE,United_Arab_Emirates,,vless,websocket,tls,failed,failed_unverified,0,reset,1,,
1ddad315b37e05b0a6c2dbf1d654cc19e030127161ec9bffe0c34473dcec9b5d,,Unknown,,vless,xhttp,tls,failed,failed_unverified,0,reset,1,,
1dff41e63b7d7418b4085eadd8a90385f9a3526e16933c37af92fd6f815367e6,,Unknown,,vmess,websocket,tls,failed,failed_unverified,0,timeout,2,,
1e051a8d477a05b551c99e389bbfd17a6c15eff19821a23fa4149af7fea85b24,BR,Brazil,DE,vless,raw,reality,geo_resolved,fresh_verified,0,,1,http,2074
1e0a26e58a357f9d56f7bd07802c97d6669bea48d71bdd1cbdf60da12533d968,DE,Germany,,vless,raw,reality,failed,failed_unverified,0,timeout,2,,
1e14e839e6149500219b46fddfe09caa3436dd96d55269616f3c49683237a3c5,US,United_States,,vless,websocket,tls,failed,failed_unverified,0,eof,1,,
1e2d88eb9089491219d3bae68c98aad764ea96c71eebe3c3a9a4ae064e48aece,US,United_States,,vless,raw,tls,failed,failed_unverified,0,timeout,2,,
1e32b77116a30cada4dc64de6d3a9b2fd40c8c75b0e7461bbbf0acd94c1950fd,,The_Netherlands,,vless,websocket,tls,failed,failed_unverified,0,reset,1,,
1e35f374f0388f1187254c28c0c89eb13ff25b2eceb5d9e08d4322111a0826f8,PL,Poland,,vless,raw,reality,failed,failed_unverified,0,timeout,2,,
1e36dc6ae078c0e8ff797e11e0f47ce9ee5742e7fb2c94eec8b06eeec21e799a,EE,Estonia,EE,vless,xhttp,tls,geo_resolved,fresh_verified,0,,1,http,3186
1e3b46ffd1db11b39af30e28e6d5230cd7319e7da5a6d2d8778df3103e035a67,,Unknown,,vless,raw,reality,failed,failed_unverified,0,timeout,2,,
1e4562ac33290dc4a1e5a63e17cc21ad3e23dcb65e6d0601eb098a06fd4c56ec,US,United_States,,vless,raw,tls,failed,failed_unverified,0,reset,1,,
1e774338848450c5eba97edeef122526d381a84eac60a7e9c2407b779cc77d85,,Unknown,,vless,raw,reality,failed,failed_unverified,0,eof,1,,
1e88c4c4263d534c57b0eb708c196d8b4225cbb4bc2466de080ae8cb35c2c892,,Unknown,,vmess,websocket,tls,failed,failed_unverified,0,reset,1,,
1ea83aee09e50bec4e4cba348c2e7c3223dcb426628bb2bd06bb2cd065588c35,GB,United_Kingdom,,vless,raw,tls,failed,failed_unverified,0,eof,1,,
1eb5f960f0295985179928f9d0327b188e201485700275c05ca6d3d44cb1100e,,Unknown,,vless,xhttp,tls,failed,failed_unverified,0,reset,1,,
1ec5c8c6f3d127d56c8f8f3d4465c7b9ad89d8cbd67c1da6b7e00cfe5452e9f4,,Unknown,,vmess,websocket,tls,failed,failed_unverified,0,timeout,2,,
1ed11669ea2c7f8d3d772c38f238a674913ecc4dd00a4c998fbd8a8e2ea9a134,,Unknown,GB,vless,xhttp,tls,failed,preserved_last_known,2,eof,1,,
1eeb1432bf71d6b37b2c2e82af4c6d8d67351cacb8eea18ae1cad042173f47d2,,Unknown,,vless,raw,reality,failed,failed_unverified,0,timeout,2,,
1f0d72795ab603c3c99efcf7866567f47486812a4e4778e804a46981d2f418fb,HU,Hungary,RS,vless,grpc,reality,geo_resolved,fresh_verified,0,,1,http,2173
1f1094e900a3f8c3e95c14f5e3d410f2941bd2c162daf9c564ca119ecaefeeb0,US,United_States,,vless,xhttp,reality,failed,failed_unverified,0,reset,1,,
1f10fafe7884a9720572907d73460074134976154e593af106f6ddf3065ed071,,Unknown,,vless,websocket,tls,failed,failed_unverified,0,reset,1,,
1f11852599098d427a11112ad71ec89bcd67dda7a3ddb9e9a04c86d01da74041,FR,France,,vless,raw,reality,failed,failed_unverified,0,timeout,2,,
1f1ea24e751e7877ea82164d1550b6f083c7dd930a65fc79d55600e0a93e7b74,US,Us,,vless,websocket,tls,failed,failed_unverified,0,reset,1,,
1f29a05184dcb1dafdf1a0fe527e59771a0309615a1cf8e8f4157f35dc040e4b,CA,Canada,,vless,xhttp,tls,failed,failed_unverified,0,timeout,2,,
1f57414787652ee274962ed229950760b81ab4dfd6224aebd9917d0d6cd2b0c5,RU,Russia,,vless,grpc,reality,failed,failed_unverified,0,timeout,1,,
1f590064ba496c84810ab09142943a3f798d2456909e96a51fb1f2c01950ea76,,Unknown,,vless,xhttp,tls,failed,failed_unverified,0,reset,1,,
1f59ed768984bec73f64521296587fdd246b89662fda4fb2dfda945fb911449d,,Unknown,,vless,websocket,tls,failed,failed_unverified,0,reset,1,,
1f6190c76defa08642e4845f59525272a2c7ed37ec4e979fe23454244946843a,,The_Netherlands,,vmess,websocket,tls,failed,failed_unverified,0,reset,1,,
1f84941d13a923f8922d1af77fe23719ca537abdb804762df555b8ad8398db2a,US,United_States,,vless,websocket,tls,failed,failed_unverified,0,reset,1,,
1f8ccff075338b876b5b3bcdbf92f18322709ad8ba7b91cb5c49685a072fde6b,,Unknown,HK,vmess,websocket,tls,geo_resolved,fresh_verified,0,,2,http,5013
1f8cef228ef8a3d297ef004032ff2b5b3826ba9f2a5ccbc1543e5b19309da420,RU,Russia,,vless,raw,reality,failed,failed_unverified,0,timeout,2,,
1f9cb5cbda4b29cac7fdb876deb1e8a5ec3abbee782fc4e1ddbd7f07d46e03bc,US,United_States,,vless,websocket,tls,failed,failed_unverified,0,timeout,2,,
1fad524a82cd7a681cd849ce202470caadaae66b203be8591ecc8614fa26579f,DE,Germany,,vmess,websocket,tls,failed,failed_unverified,0,reset,1,,
1fae933d5adcc355208546fe5e1311e8a9ecc9317af26ad50ec47b6d8068f63a,HK,Hong_Kong,HK,vmess,websocket,tls,geo_resolved,fresh_verified,0,,1,http,1974
1fb0d0b9e383e66a9e3b2f084474c51315a920f598f2b48a68d10d2458a622ad,US,United_States,NL,vless,websocket,tls,geo_resolved,fresh_verified,0,,2,http,1129
1fdb42fb3d87524a9ceb8c02c206978294b5ce3c6b0adc6f228059a844d219da,US,United_States,DK,vless,raw,reality,geo_resolved,fresh_verified,0,,1,http,3090
1fe24b452c32cf898b6c7fab9e86bbd4b9abdfb61befe718dd276fe62ce53961,DE,Germany,,vmess,raw,tls,failed,failed_unverified,0,reset,1,,
1fe9c64d0f84608550bf4a0370fd281f5a0cbb1fc321d3748c86210cf3f3d1ea,CA,Canada,US,vless,websocket,tls,geo_resolved,fresh_verified,0,,1,http,4186
202adce10c4db0db061493474c84f1a5f9c16dc54983b0a4beb3113ec33eb13b,DE,Germany,,vless,xhttp,reality,failed,failed_unverified,0,eof,1,,
2031ba8d2b37e685c9f523e4a44c9c44563d1b82de25900f330fd32365397216,US,United_States,,vless,websocket,tls,failed,failed_unverified,0,eof,1,,
20482af58f5af6dd5181322726d5f137960c9fb29c46a50a48cc7fd7b38ceece,US,United_States,,vless,websocket,tls,failed,failed_unverified,0,reset,1,,
204925dab963caf2d0fcfac7191e7d882b6b4cac8e0eef3f473aa48e176f1c00,PL,Poland,,vless,raw,reality,failed,failed_unverified,0,eof,1,,
204bce6057e2094f6dc037b8fd43ad826e81b106841a67e4dbe2d193978d70b8,,Unknown,,vless,websocket,tls,failed,expired_after_failures,3,reset,1,,
20518bea63c297e2b08b355a8df7f95e0a5ad4facbb064c3c4e1ca303c47d07e,,Unknown,,vmess,grpc,tls,failed,failed_unverified,0,reset,1,,
20640a30639f2d79de22e47ed68efa1a8eb26598c70d06cdcf3e9b0cfaf3d6f9,IE,Ireland,BY,vless,websocket,tls,geo_resolved,fresh_verified,0,,1,https,5090
2068717b992d45d364c19fcac20a216b31f0f7536d186def44c8bc4f2336b979,SG,Singapore,,vless,raw,reality,failed,failed_unverified,0,eof,1,,
206a25ff33dea1ff32d2eaec7e004e13473a9d4211e72d1f4bff4bd7cd9a7e68,,Unknown,,vless,grpc,tls,failed,failed_unverified,0,timeout,1,,
206d63d46ff3aaab5c5fd2b2682d0c6871b65a9fc01c280ebb52f8a2e7565863,PL,Poland,PL,vless,grpc,reality,geo_resolved,fresh_verified,0,,1,http,2886
2078804ca8721cbbaf1b0834af3c503bbc8081478362a91a98e11903b4e52a32,,Tw,,vless,websocket,tls,failed,failed_unverified,0,timeout,2,,
207c2c22aa1d6f2d5d18bc24e06dacf2366799e483f037eb6a18de6b56927686,,Unknown,,vless,websocket,tls,failed,failed_unverified,0,reset,1,,
2081e8f4ddeb7e4ad7e7bc466225701d5ed986f240dfb3c7dc7ffff149fa2240,IE,Ireland,,vless,raw,reality,failed,failed_unverified,0,reset,1,,
20847f8a39daa6474fdd79e04858f6715793d04741142409f6fb486095dcda7d,,The_Netherlands,,vless,raw,reality,failed,expired_after_failures,3,eof,1,,
209af9b85d2325c3d1533f93309c27a1ba2809de1a508d768148f49b643b0d87,US,United_States,,vless,raw,reality,failed,failed_unverified,0,reset,1,,
20a45391299c5bb22a92a0926321b1148b6c515077d6e62b6bd8bc02ab6968c5,US,United_States,,vless,websocket,tls,failed,failed_unverified,0,eof,1,,
20a8bc34a3a5b39d8e527ee63d9000a2fda64d033eed8e7fcad3929b15c8a65b,,Unknown,,vless,xhttp,reality,failed,failed_unverified,0,eof,1,,
20cdc5733ed086c20fe0f507bb6abc16f9a49fe28090b8efd01bf63306817fbb,,Unknown,,vless,websocket,tls,failed,failed_unverified,0,reset,1,,
20cde0990dca2dbc237d8b854c8d8b5d333a1c1e5e93cda81b4270e0a5ff2835,US,United_States,US,vless,raw,reality,geo_resolved,fresh_verified,0,,1,http,2467
20eabeee54fa1f016592d34289c629037ebc07663e3b8d898518e60d06bc0291,,Unknown,,vless,websocket,tls,failed,failed_unverified,0,reset,1,,
20ec03c3973bde0cb0fe426da43b1ab729f2596ac1ccd2255e624b3f093a67f7,,The_Netherlands,,vless,raw,reality,failed,failed_unverified,0,reset,1,,
20fc41c6dd1cd0102e8b42a638d017da86bc0d384d759372ec6ea970686fffa2,,The_Netherlands,,vless,raw,reality,failed,failed_unverified,0,timeout,2,,
211c916de56686c575da9205301e2771ccd8c6915a1b3014c65f69661726a2fe,PL,Poland,,vless,raw,reality,failed,failed_unverified,0,timeout,2,,
212dfe163df866bb4ec58ca4b9d94b9c46a68de704dfa985fd18fc1ff4d97a00,BR,Brazil,,vless,xhttp,reality,failed,failed_unverified,0,timeout,2,,
213089058f1bf23ecda658af9f7a831549eb5e617aa98424b3fd08addd5799d7,DE,Germany,,vmess,websocket,tls,failed,failed_unverified,0,reset,1,,
213ec1eeb1f42cdc4f02d35ea16bff80112ce0318e18d4f838b0d43116e491bb,GB,United_Kingdom,PL,vless,raw,reality,geo_resolved,fresh_verified,0,,2,http,2225
2144d28621881dfe5a7a1f0ef563b46e89e7adcc8ce53720f24b9ee73a7fb282,,Unknown,,vless,grpc,reality,failed,failed_unverified,0,eof,1,,
214bdaf3ca4c08cb67975b1e5fcde7c2305200870f00c95ed9b0ebcdd53c0f19,US,United_States,,vless,raw,tls,failed,failed_unverified,0,timeout,2,,
214d4f5dbe3579412d35ad7f8ab9cbe51729b82037882acb5b1c7b22231fb7d2,,The_Netherlands,NL,vless,raw,reality,geo_resolved,fresh_verified,0,,1,http,2093
2151020c24950e6878d66d7a83ede4e55ebe4adbb268384299185563396cac98,RU,Russia,NL,vless,raw,reality,failed,preserved_last_known,2,timeout,2,,
215d6e0f24511197845ae7996b754403dd00e45af2a4723ab12887395cc449ed,US,United_States,,vless,websocket,tls,failed,failed_unverified,0,eof,1,,
215db4daca16e6c441f358cdc0418f5a1ac8f8246c22998a3260c0714ba6a8d5,ID,Indonesia,,vless,websocket,tls,failed,failed_unverified,0,reset,1,,
216ef78bd9bbb23e98d6bb024a40a36a13b117dc36946b1a7a1d8d98af73f544,RU,Russia,,vless,grpc,reality,failed,failed_unverified,0,timeout,1,,
2189c07bbe5f1e4d72998d4b17e1d382de95aacaa8487b4ec666a40095f185f0,GB,United_Kingdom,,vless,raw,reality,failed,failed_unverified,0,eof,1,,
21914a503353cc47ed2723e53759868195968962ce49450b2f7c3b4c8ecc3f3f,GB,United_Kingdom,GB,vmess,websocket,tls,geo_resolved,fresh_verified,0,,2,http,82
219b093d4bf1a57820e5c8c3e18a8e7bf5ae0492e2188a40111dc28e5cec3b4f,,Unknown,,vmess,websocket,tls,failed,failed_unverified,0,timeout,2,,
21d59ecb06ad822fb23486e575993a66e90542bd68360e2dab9dc6294eaa3273,,Unknown,,vmess,websocket,tls,failed,failed_unverified,0,timeout,2,,
21d811e33375ba51c46ee7b1f7a8459c649fd76c7bc9057132719a81a8ac8ba8,GB,United_Kingdom,,vmess,websocket,tls,failed,failed_unverified,0,reset,1,,
21daf2a0231f7744adfe14252851680007b5712483d8c70dbe36c58430a45b75,,Unknown,,vless,raw,reality,failed,failed_unverified,0,eof,1,,
21eedbc31e1d2ca0566ccabf958cd9595a9eb32d5e47e1c7c2c88e91f18ea3ea,,Unknown,,vless,xhttp,tls,failed,failed_unverified,0,timeout,2,,
22237f7a81f5fa054994aa53bb64ce106b5ea5d485177274416a9eadf5deb1b3,IE,Ireland,NL,vless,raw,reality,geo_resolved,fresh_verified,0,,1,http,3116
2223884dfcd7f8ebe46978b497eb0883351e4ce98dc1457c77ae2a9e442b097d,RU,Russia,,vless,raw,reality,failed,failed_unverified,0,reset,1,,
22272872fd1f99b31a136638717614334fe451ca067178f1b58a5d4494effd74,,Unknown,DE,vmess,websocket,tls,geo_resolved,fresh_verified,0,,1,http,1124
2227a943d158cc66c1b4d36159fd27cd4c3f9e705ff51a214ac0cbe0ca447104,US,United_States,NL,vless,websocket,tls,geo_resolved,fresh_verified,0,,1,http,1402
22475a251497daabbd4b674a45639a1c8024ebc79b8e07ec432bd4e8c506eb63,DE,Germany,,vless,raw,tls,failed,failed_unverified,0,eof,1,,
225c75dab1e0207d02bfa12e7acf4fe2cf5a5e0d3233d52b1e8cc8cb8805e75d,HK,Hong_Kong,,vmess,websocket,tls,failed,failed_unverified,0,timeout,2,,
225e316b668905408b6beb7fb1b6a97a049beae2be4cb2a02fd08be4316c4183,US,Us,,vless,websocket,tls,failed,failed_unverified,0,reset,1,,
225eef5600adeabed6fbdc04b5ac4fe2217290855498621e93f9db4bf74b3961,,The_Netherlands,FR,vless,raw,reality,geo_resolved,fresh_verified,0,,1,http,3096
2263daec9cafcc67c0e7678cea08755911d09802ace7a294c8ef8d2a10f6a40c,HK,Hong_Kong,JP,vless,websocket,tls,geo_resolved,fresh_verified,0,,1,http,2236
22661463da2b8ed16918154f5f2d51662e6c59dc96d13dda5995b3fafdd3d442,CA,Canada,FI,vless,raw,reality,failed,preserved_last_known,2,eof,1,,
226a9c45fdbfe46af2c781242da425f41f3a9ea9d3138ae1193f5d4e70a6befe,PL,Poland,,vless,raw,reality,failed,failed_unverified,0,eof,1,,
226ed9efc771d89f1e77be5a58b3dab82895d778eb3f645029314f02bb04dd40,US,United_States,,vless,websocket,tls,failed,failed_unverified,0,reset,1,,
227d04cbb26fe8a9a4a0a97ff0df7f4c31e8d35321d7e11e871034e6c40bc8e7,GB,United_Kingdom,,vless,grpc,reality,failed,failed_unverified,0,eof,1,,
2292c580be9f624f1c00922131d8ca69839cfd81ee9157951173d849eca70be3,BR,Brazil,,vless,raw,reality,failed,failed_unverified,0,reset,1,,
22a51cce1117b83ec69800f6b3b03cd02e7201651d62f04e5f3bc8d924eef65d,US,United_States,,vless,raw,reality,failed,failed_unverified,0,timeout,2,,
22c4b6cc870920b23fc4aabdfaf926f0d72239900fc8522eb16e501b14e54386,HK,Hong_Kong,HK,vmess,websocket,tls,geo_resolved,fresh_verified,0,,1,http,4144
22cd84c92f93fc98156487c899cdaadd9ca6c54915314f24c5ab040ea49ca6cc,US,United_States,,vless,raw,reality,failed,failed_unverified,0,timeout,2,,
22cf2a72c1484e279e3449fe41e8ef8afcd1a69864715b361f7bc929e51b2f57,,Unknown,,vless,websocket,tls,failed,failed_unverified,0,eof,1,,
22fefd3906c2c0cefc46cf8eae8864bb23e2a8e9caaf370af5e4fbe7fca162af,CA,Canada,,vless,websocket,tls,failed,failed_unverified,0,reset,1,,
230372c5c83a9d943bba4aa889e35d8563e350eeab1e1c8ac6d99f892a5a0b21,,Unknown,,vless,xhttp,tls,failed,failed_unverified,0,eof,1,,
231047e2bff41b9b8d3667a9fa290bd32d36c7a0184f87d5ef53e82743ed9496,,Unknown,,vless,websocket,tls,failed,failed_unverified,0,eof,1,,
23234e751b40d43827e75589eb5261a68498d15ed9d9f3448d596dbe8f899b2e,LT,Lithuania,,vmess,websocket,tls,failed,failed_unverified,0,reset,1,,
233127d37f7596b02a8a41ee38f7eda619e2799484998657c0173961c7372cde,FR,France,,vless,xhttp,tls,failed,failed_unverified,0,timeout,2,,
234ef0b4aafa0c8e0ccae761ea98ad97134786ea156d94a6537aed49121f6c30,,Unknown,,vless,websocket,tls,failed,failed_unverified,0,reset,1,,
235f926e7edb57a0440044daf7f132cf1fb0384a4b01696869326450a56cb648,IN,India,,vless,raw,tls,failed,failed_unverified,0,reset,1,,
236909d8eddb9460bcf94251151288a0a6d8e670f991e792e6e0d63250c50eb2,LV,Latvia,,vmess,websocket,tls,failed,failed_unverified,0,reset,1,,
236f49c1096310c4c78bd560daae63f6e303c257bba8ff3ff8622229d307193a,GB,United_Kingdom,NL,vless,raw,reality,geo_resolved,fresh_verified,0,,2,http,3832
237480f02104c70afb200873cda739f32dfabebdf0ce3879c18fb2bb28403d2e,,Unknown,,vless,xhttp,reality,failed,failed_unverified,0,reset,1,,
23819cb157cf36b8dac6ef8a21940a35836f1f8e7eb88be265476fcab65bbd62,,The_Netherlands,,vless,xhttp,tls,failed,failed_unverified,0,timeout,2,,
239973569d10c5b0b8cec81df068009f64161e02d0b1912b5bb63ae35475df78,US,United_States,US,vless,raw,reality,geo_resolved,fresh_verified,0,,1,http,2363
239c379aca125662790c83c05de1ea5d8287332d109412a7db506fda8eec718b,US,Us,,vless,websocket,tls,failed,failed_unverified,0,reset,1,,
23a680293d572950a546fa66fb2b884edf0aa80d060c74844820ed436dd8ee07,US,United_States,,vless,xhttp,tls,failed,failed_unverified,0,eof,1,,
23afaf3637887cba910228c29f77fe67d5ffa1d6a93365f128fd5462dd93d3d5,IR,Iran,,vmess,websocket,tls,failed,failed_unverified,0,reset,1,,
23b4607798e122049309a70c825217c42130a57910f301db910e36cd72311508,,Unknown,,vless,xhttp,tls,failed,failed_unverified,0,eof,1,,
23cd5e53b58e60fe86b4fd773bd7c84e392c8d971d246e1125f2e9eb184d7374,FR,France,,vless,xhttp,reality,failed,failed_unverified,0,reset,1,,
23d9d0145640fdcb85d32d2525a9fbfbd452546567d59edaaef4fefd01d55098,,Unknown,,vless,raw,reality,failed,failed_unverified,0,timeout,2,,
23f5ea3d04ca90eefdec3b9dc2008b07855991fd51d947b08b9714736705fdbe,,Unknown,,vless,xhttp,tls,failed,failed_unverified,0,eof,1,,
23fad4917a5927c0768c548e73b55a076cf5f11aa69bc06ea6789d9bb49d5e77,,Unknown,,vless,websocket,tls,failed,failed_unverified,0,reset,1,,
2403b510f0befc8f3214b9c02ed82d36c916ab898525f704319d985390d75446,US,United_States,NL,vless,raw,reality,geo_resolved,fresh_verified,0,,1,https,3160
2406137713b553d160d4e8e64cea6307e967ff3bac2ca2c2e62bdabccb998231,US,Us,,vless,websocket,tls,failed,failed_unverified,0,reset,1,,
24077afe07912334a77848286bdd3e8701b27a61abc3fd85c232f8f546eae665,GB,United_Kingdom,,vless,raw,reality,failed,failed_unverified,0,timeout,2,,
24214b1a1a1b45b33c4b943cdb858506a2e1dbae0c5916facd8119cbdd206d6c,RU,Russia,,vless,grpc,reality,failed,failed_unverified,0,reset,1,,
243456d8dd409f9181c8471f6cfd8755d2db880c3074b33ed90e1f0556e74e59,SG,Singapore,,vless,raw,reality,failed,failed_unverified,0,timeout,2,,
244817408dbfe34bda15ba677aa82fa52866242c3cea98e83cdffb7b264f1717,,Unknown,,vmess,websocket,tls,failed,failed_unverified,0,eof,1,,
244ca48f77365d5b6b1a6d4832a59cbf383fbf756ce6dd5fa4a4dc6b2b55f525,US,Us,,vless,websocket,tls,failed,failed_unverified,0,reset,1,,
2462c9c9c9796b716fd43cfaa7766423480fce020dbfec3d6bf2d0e2d09e1fc2,,Unknown,US,vless,websocket,tls,geo_resolved,fresh_verified,0,,2,http,1624
248143b73485d30494eacb0da333a6f15adab1f1543c33cc122eb04f10979df0,,Unknown,,vmess,websocket,tls,failed,failed_unverified,0,reset,1,,
248c7ac490b1e6e524dbf800db188bb997b2da4281eeb26916cff3bff8b68164,,The_Netherlands,,vless,raw,reality,failed,failed_unverified,0,timeout,2,,
248e9a6b8caf62e1c23a20d64f05dd738251f65976a83729dd42e661e45baef5,CA,Canada,,vless,websocket,tls,failed,failed_unverified,0,reset,1,,
24a6f95441d28270ef7872c3a57e6cdb26d7ef3c4ce9fa1d8ab059ec12e46cb4,,Unknown,,vmess,raw,tls,failed,failed_unverified,0,eof,1,,
24b635a74be1039a92faefe55060540f5690cda2c83dfedea82d4162677be7ec,DE,Germany,,vless,websocket,tls,failed,failed_unverified,0,reset,1,,
24c2f22a64da5fdc970c5c58fd2b2893acd08580155406d9fca30a08a98c4e93,SE,Sweden,,vless,raw,reality,failed,failed_unverified,0,eof,1,,
24d302b891babd826c2a2e6ac658cc61006796caa08eaaeb0bb9b99d71d52f1a,,Unknown,US,vless,raw,reality,geo_resolved,fresh_verified,0,,1,https,5163
24dda6de584eb5690fd95fc334d2aa5ef426028eb94e661d540bb2a83eebf168,,Unknown,,vless,websocket,tls,failed,expired_after_failures,3,reset,1,,
24de349e9c18a1be7726ef0ea4e2ab2a3a981db74e28e892523c5d1921234c26,,Unknown,,vless,raw,reality,failed,failed_unverified,0,reset,1,,
24f5d7b32cfdbe9eea688928f4daa7af8d1c682a3c00d7257e752ac1423d528f,,Unknown,,vless,raw,reality,failed,failed_unverified,0,reset,1,,
24f69f9c2ed230c8f198fac8e794e2a30221388f3210c0d5a7835a58e1bc9ec8,,Unknown,,vless,raw,reality,failed,failed_unverified,0,eof,1,,
25054903bb5ae58c5127e06bc64365033451286bff1aaea2d5c52da360683656,US,United_States,,vless,websocket,tls,failed,failed_unverified,0,reset,1,,
25190ba736aa69d70c409eb94a9643760a9366a7072f0031c20c65fdf307e9ad,GB,United_Kingdom,DE,vless,raw,reality,geo_resolved,fresh_verified,0,,1,http,2081
2522c228f52578672bf07e7b7bc83add594a5919395563f2758efd4964b41449,,Unknown,,vmess,websocket,tls,failed,failed_unverified,0,reset,1,,
254185923cde1fbabc53010e257ead4f27fed401c6e2c0c873bf3d0d62663aa6,,Unknown,,vless,raw,reality,failed,failed_unverified,0,timeout,2,,
254607aa2999531f93f2b12ef740cbd18b7e6af3752dd70b7c65841a36e6899d,,Unknown,,vless,raw,reality,failed,failed_unverified,0,eof,1,,
255157a56d96702f8ffc9e3ae2c73412f1c069bcebe962277b79ff61dad6bb90,,Unknown,,vless,websocket,tls,failed,failed_unverified,0,reset,1,,
25628ea3e156158fad711235af9d1545031dff7946ecbdba8adf357d72c7d273,,Unknown,,vmess,websocket,tls,failed,failed_unverified,0,timeout,2,,
2577a440c77b438b5910375f87ba0ce2f81382fe55076ce4c3bd04d8c0017d16,DE,Germany,,vless,raw,reality,failed,failed_unverified,0,reset,1,,
25834b18ec10e1424ef0629f451c70a2c1b597a097eaf388287bb33cf703b9ca,,Unknown,,vmess,websocket,tls,failed,failed_unverified,0,timeout,2,,
25a8cc8de1379fa2dcc057527bb1abf8a50fe9ff33513369b7c5ce159074a0dc,US,United_States,,vless,xhttp,tls,failed,failed_unverified,0,reset,1,,
25bb07e2bd16185d92ac39a18aef371175661671bfc7a83b950fbeb8ff076031,,Unknown,,vmess,grpc,tls,failed,failed_unverified,0,reset,1,,
25d8e95694612116e9ef778c6ffe6b5de2e56409c3777b930894a0357e7b2bc9,,Unknown,,vless,raw,reality,failed,failed_unverified,0,timeout,2,,
25df8fc1b0b8055b1bf0fa7c43abb4c6b076fcaff9afb7c619248b24de03714a,PL,Poland,,vless,raw,reality,failed,failed_unverified,0,timeout,2,,
25f2c4ce14251233d6a62cdb9e83acae8648b8d95e6d85c59d1a2a7ae9b212ab,GB,United_Kingdom,,vless,xhttp,reality,failed,failed_unverified,0,timeout,1,,
25ff57f3855772b593d8a575a42161d02c880c2b28f364027cff9ae60dab7d9b,DE,Germany,,vless,xhttp,tls,failed,failed_unverified,0,timeout,2,,
261ac677a678e2a1c2317a06c81ec7178aa2f5bb882b19096476d48d81969e66,,Unknown,,vless,xhttp,tls,failed,failed_unverified,0,reset,1,,
2637bca664461b4aa257790470b43c6b4bc195409717c45616049ce14494b796,,Unknown,,vless,xhttp,tls,failed,failed_unverified,0,eof,1,,
263fd336a2e1edd1f557f2da89c144fce9d3da86e4b75dc2dde75928703cc5fd,FR,France,,vless,xhttp,reality,failed,failed_unverified,0,reset,1,,
264204de72fae1b78ae5a16cfe24911c5c6ec8b89e938e0935a605ef25d70561,IE,Ireland,,vless,raw,reality,failed,failed_unverified,0,timeout,2,,
265b8e6d08c0ec4221aa451ad8f3067575c52e9286936bedf977d48fc76d5490,,Unknown,,vless,raw,reality,failed,failed_unverified,0,eof,1,,
266cd34e6cb1713724194cafe6ff0291803ed4e9fb7a3ae5000eb96e85d304e4,,The_Netherlands,,vmess,websocket,tls,failed,failed_unverified,0,reset,1,,
26782fadf19d76bda29e01c5db39eb621bfdec62c5bc74fc29c3d980d3b37dff,DE,Germany,,vmess,xhttp,tls,failed,failed_unverified,0,reset,1,,
26817058bdca504a6d001da956fbcf6f172a0422102268120c4fb4a5f31817a4,,Unknown,,vless,raw,tls,failed,failed_unverified,0,eof,1,,
2682e00b176776a6e7bee9fafe010b3bb9e74292048136c3fbb52f40576ec111,,Unknown,,vless,websocket,tls,failed,failed_unverified,0,reset,1,,
2695cfc6a0bcea14522f0364976790e372c531aa5521db93dab1d3918d448b15,,Unknown,,vless,raw,reality,failed,failed_unverified,0,timeout,1,,
26a1789a4a7a5252ba2c1606246a91b62f58c378c507d250085a65d8d0c4ad2f,,Unknown,,vmess,websocket,tls,failed,failed_unverified,0,timeout,2,,
26abab2ac45cedeac80bb61eb41dc7500de6917001ffe5966cb689b3bec5ded6,,Unknown,,vless,websocket,tls,failed,failed_unverified,0,reset,1,,
26aceaa957ca497063d40534b860b0ea2dfef9b27bdc25794447c3954795f254,LT,Lithuania,,vmess,websocket,tls,failed,failed_unverified,0,reset,1,,
26b455d834a5a80f6f3a313cd58f26d04c5fe17c4fbcea6663d341d98d578bf4,AU,Australia,,vmess,websocket,tls,failed,failed_unverified,0,timeout,2,,
26b9f1b77e3baccd1bc39753d20323dd4724fe1af2a4a1317127c26c2b3ce8dc,US,United_States,,vless,raw,reality,failed,failed_unverified,0,timeout,2,,
26c1171970a6346946ec8f63a167d098c02fa305323bcb9b17da88b05e9b580c,RU,Russia,,vless,raw,reality,failed,failed_unverified,0,eof,1,,
26cd3ed262aeef0e1c196a5fcf0d17a3bff146849411ff7f1dc8dbfb0cc74edd,PL,Poland,,vless,raw,reality,failed,failed_unverified,0,eof,1,,
26d00aa378d1898e5548d3d2467d3817087799257ad30bf3c101cea8d5a4348e,,Unknown,,vless,raw,reality,failed,failed_unverified,0,reset,1,,
26ee92dc2ef337a8b2eb7ba87b7e9fbff6c600efb9ba083bc6215c7c12994d3b,,Unknown,HK,vmess,websocket,tls,geo_resolved,fresh_verified,0,,1,http,3644
26f5cc600a4b8931af962c5c57f8c01f052a40416f8d47296a408889b799246f,NO,Norway,NO,vless,raw,reality,failed,preserved_last_known,1,timeout,2,,
26fa0a13d4ed7fdd9514ee322639de0754b2a4fe2eb7b017275c50fe71ef9222,,Unknown,,vless,raw,reality,failed,failed_unverified,0,timeout,1,,
26fe03eab4a7a8d4e749dbabac7be2592f5ea4c3b6dd78484158c45ad69f4016,EE,Estonia,EE,vless,websocket,tls,geo_resolved,fresh_verified,0,,1,http,1198
270d678c50912ac9526efd5307c6aa3d29d6d83013ee3e7583fc1469e95ac1d3,CA,Canada,,vmess,websocket,tls,failed,failed_unverified,0,reset,1,,
271bc83b52d843abef3573f84ece6ba5f060b0eebf90aabf6bb30efd95628225,US,Us,,vless,websocket,tls,failed,failed_unverified,0,reset,1,,
2721880e35dafe835879460ebf4cd132eadce2f66d0d759c872d87a053a875f7,HK,Hong_Kong,,vless,websocket,tls,failed,failed_unverified,0,reset,1,,
2722a12f4f263c1fda80c0cc3d78c383c372fed3264475edec5b3d629199c310,,Unknown,HK,vmess,websocket,tls,geo_resolved,fresh_verified,0,,1,http,1969
272cd169b8f859e2897da7053b00801c4d85a943cf169fe5f88875b9c5e6a30d,,Unknown,,vless,grpc,tls,failed,failed_unverified,0,timeout,1,,
272da0672cffd51d17e75fec81ea63acfd20e7383c093db6d38ac0d1900be90c,GB,United_Kingdom,,vless,raw,reality,failed,failed_unverified,0,timeout,2,,
2730dc30d1203a8e11e6894d4b522a1aa22c64d12d08bcd99dcca645a35a4659,US,United_States,,vless,websocket,tls,failed,failed_unverified,0,reset,1,,
2740c850078716e605f19b59ff2a610f282937afa7b3a058439f561e7c34661f,,The_Netherlands,,vless,raw,reality,failed,failed_unverified,0,timeout,2,,
2765309065eb2030750b54ae964c59bebcf0a1370238eed5c2dabf07d8670800,,Unknown,,vmess,websocket,tls,failed,failed_unverified,0,reset,1,,
2767a17deb244b10e2ed8a88d2492e714f96a70926b2270dd42008797ad8903d,,Unknown,,vless,raw,reality,failed,failed_unverified,0,reset,1,,
276c744c58b463bb25055160a3d8fe2f776a4e03e52b0d62a788ce1188504284,,Unknown,,vless,websocket,tls,failed,failed_unverified,0,reset,1,,
276f0dedd224cd87a345bcfa12d155e3a676699993aeca1e47f972ac552a8b7b,RU,Russia,,vless,raw,reality,failed,failed_unverified,0,eof,1,,
277248842a3988606e2a308db56a8871150b1550a7dd1455f9a959b25f7ac7bb,RU,Russia,DE,vless,raw,reality,failed,preserved_last_known,2,timeout,2,,
2777328b1ba1307ce7d87810f9b6d26c31e639868226a2b7a38b2beb81b566af,JP,Japan,,vless,raw,reality,failed,failed_unverified,0,eof,1,,
2777e132c4792ee8311341d4eba4205c80ad7765973385583bcf15e1ebe19b26,GB,United_Kingdom,DE,vless,raw,reality,geo_resolved,fresh_verified,0,,1,https,2443
2797a0d71b1d1b99d1b9a85c3693ec74402dc266debc813b8e507c2381eef023,US,United_States,FI,vless,raw,reality,geo_resolved,fresh_verified,0,,1,http,2133
279b7dd6d2c554988f8be60c0bea1d93d06140030d34df7a25e2380c9f4f2558,GB,United_Kingdom,FR,vless,raw,reality,geo_resolved,fresh_verified,0,,1,https,3882
27a65004aa46fd11e2cd1bb196818af946c0f1f430482fbc0246a6ec1f93eeb7,,Unknown,,vless,websocket,tls,failed,failed_unverified,0,reset,1,,
27b42599c5ee1038557284252121c1134dd67d598e0fb801bb51ffe4ca4cff6f,,Unknown,,vless,raw,reality,failed,failed_unverified,0,reset,1,,
27bfa88c98b11b66b6906e544598b3fe9ea6496bc868df02026d3316626e580f,,Unknown,,vless,raw,reality,failed,failed_unverified,0,timeout,2,,
27cc773a60b9db2d8e6dc66dba221abde0cc384ac7ea7eac2b910ec012dd34a5,,Unknown,,vless,xhttp,reality,failed,failed_unverified,0,timeout,2,,
27eeab99bafdcbe0d6d985bcaf44697f86ef90c18cde665247a16167a8c9c7b4,,Unknown,,vless,websocket,tls,failed,failed_unverified,0,reset,1,,
27fd42026de4a7ef327273501f9870a80a08a75ecaea7b06922aff65b2ee776b,IE,Ireland,LV,vless,raw,tls,failed,preserved_last_known,1,eof,1,,
27fdbef21dcc0c19be599cadba90ea4cde9babaae46962f5cbe44b5f48f3d99a,,Unknown,,vmess,websocket,tls,failed,failed_unverified,0,eof,1,,
28052aabdeefad6711f17e836045e32183b6a7a7e7ac29d7ba5e3d1c8fa7c0b4,IR,Iran,,vless,raw,reality,failed,failed_unverified,0,timeout,2,,
280c28e9fef1fb8baed264585d4554ecc2cafd62fd29ce91d9f6fa6803c88331,IE,Ireland,LV,vless,raw,tls,failed,preserved_last_known,1,eof,1,,
280e5dee7e0c06c842a826326e4f853ac428c18cd32a3714a9fa0ec72842b8eb,US,United_States,,vless,grpc,tls,failed,failed_unverified,0,timeout,1,,
281c0550efc285d4b345d818011b72148bab018b7bee24b0244d8f9b66215ebd,RU,Russia,,vless,raw,reality,failed,failed_unverified,0,eof,1,,
283c786c27fa2e0600f5da1f2e5b5d575cb4cddb6667064ff01f5c295c69aed3,,Unknown,,vless,websocket,tls,failed,failed_unverified,0,reset,1,,
28423d0594ae958fb7463e623456c90dc6e009eb00e04f312aeb4543a38cbea5,CA,Canada,,vless,websocket,tls,failed,failed_unverified,0,reset,1,,
28506dde929aa88c1f4bbf41abc80f9606e725ca056ce49413646427a0667b4f,,Unknown,,vless,xhttp,tls,failed,failed_unverified,0,reset,1,,
289896d9b79d87d728bf12b323f4f87c6a06ee6c1cc049fe4d45529773c110c8,,Unknown,,vless,xhttp,tls,failed,failed_unverified,0,reset,1,,
289dd4714de19d5a8fd8696f0c925230e2d89ea30371b59214586958c26cb787,IE,Ireland,NL,vless,raw,reality,geo_resolved,fresh_verified,0,,1,http,3092
28b44a122a601214685448e7705139aad3c19c0e7cc1a23181a23ad536d3671b,RU,Russia,,vless,raw,reality,failed,failed_unverified,0,timeout,2,,
28b53eee49b09e5f42a4ef8d808913fe735a261bffc9f3135637f7fe6267543b,,Unknown,,vless,websocket,tls,failed,failed_unverified,0,eof,1,,
28bb8083bab61b44262c6f9fd50e86346a613a91f3a1b50e39ad1b893bacbe8a,US,United_States,,vless,websocket,tls,failed,failed_unverified,0,reset,1,,
28c44bab852b4413b342273ecf729f7eda7a553cdfc83177587a16e1e43c5567,,The_Netherlands,,vless,raw,reality,failed,failed_unverified,0,timeout,2,,
28d15a38746babfa4f4f0d9cf9c1c659df5291a313858539f9be1b771d8d44bb,SC,Seychelles,,vless,websocket,tls,failed,failed_unverified,0,reset,1,,
28d67416ed5db7a9afc4d9c4a85989ae848196f5a998a76f9ef0874345f882be,,Unknown,,vless,xhttp,tls,failed,failed_unverified,0,reset,1,,
28daf5aeda769ab7be9500896cc2ae07d965cb9b204af364a789b83b881cbfd8,,Unknown,,vmess,websocket,tls,failed,failed_unverified,0,timeout,2,,
28e344ef4d7862f6fd057ee77089b23cff8ca1b01a369f32ab56ff575ac89803,,Unknown,,vless,xhttp,tls,failed,failed_unverified,0,reset,1,,
28e9205e64c37a29df4fd173071efa8365f9158bf7accb4252f5b5b048aea672,CA,Canada,,vless,websocket,tls,failed,failed_unverified,0,reset,1,,
2902d5ff851f746bff4354254789688b09bce50f36aa02993c6e6fdd72649e07,,Unknown,,vless,websocket,tls,failed,failed_unverified,0,eof,1,,
290984dd075d11b75d3f34ed744bd46df0c1e3149a257af225e0b2a5acdc8089,,Unknown,,vless,raw,reality,failed,failed_unverified,0,timeout,2,,
291ae8e43ff9fb27eb077e79b011c0e3d59f9aa4d15b6c9baddd47a119448f75,RU,Russia,,vless,websocket,tls,failed,failed_unverified,0,eof,1,,
292d2e8e0377eabb4050eb9b24f338269a5bf4bfe65686c34a74c6844b745ca2,,Unknown,,vless,websocket,tls,failed,failed_unverified,0,reset,1,,
293234054ccf6bf65e5c2749e055083098ee858b7b9bf293ad1dd05044e6632e,US,United_States,,vless,websocket,tls,failed,failed_unverified,0,reset,1,,
293f59893ff49ab0be2e87d69ba31f76e7f92cacfc06844853ccd9399da718df,DE,Germany,,vless,raw,reality,failed,failed_unverified,0,eof,1,,
29520290845753840292f85e5ebfacf5ad4833c872091dc1e2e0f702adaf1a6e,RU,Russia,,vless,grpc,reality,failed,failed_unverified,0,timeout,1,,
2961b2687599a813afc4151320b16d7cc89ff61f96771b2b5fed907e07263594,US,United_States,DE,vless,raw,reality,failed,preserved_last_known,2,eof,1,,
296350b9cd7dae5c72f30573fff20339a53c6a170995b41841c5921161886c6c,GB,United_Kingdom,,vless,grpc,reality,failed,failed_unverified,0,eof,1,,
2971d1c275fd1ca00a0449ec2349e46b0771529a721383677b9e1dacd0e9c1cd,,Unknown,,vless,xhttp,tls,failed,failed_unverified,0,eof,1,,
297e4c455c719743de8a238cc0e32fe511ab9b6c841e0b9813a98fb37eff7068,,Unknown,,vless,raw,reality,failed,failed_unverified,0,eof,1,,
2988a2ad0a57babd41b6ec9f976d0b2ecbc9e660170a32da305db7b5b3d949c9,SG,Singapore,,vless,raw,reality,failed,failed_unverified,0,eof,1,,
298987d43e7501035065b75f1e84f7c995875b5ce0666ef93545d3f96259ca28,,Unknown,,vless,xhttp,tls,failed,failed_unverified,0,reset,1,,
29bd46689f0d701f049a64527dc5c9280287e3d2a5150dfba5c29531aff8796b,,Unknown,HK,vmess,websocket,tls,geo_resolved,fresh_verified,0,,2,http,3928
29be099fbb5853c3a27c1cd38248bfce6fb11c62ee2f526926f1e5cbf37001f7,US,United_States,,vless,raw,reality,failed,failed_unverified,0,reset,1,,
29de39cd4e1d69ecd51989d97ef7ba009eceeaf7bf72ef5e151b4fa25d424d35,,Unknown,,vless,websocket,tls,failed,failed_unverified,0,reset,1,,
29f5b502e8aa8888e63fbaedb5afb89b2c71e455339d0ec6a3f018486ce419aa,,The_Netherlands,,vless,raw,reality,failed,failed_unverified,0,reset,1,,
29fd9143fa65d18f1a206c035120405f0c5d4a9e0a0eead066c5832b0fd30c02,,Unknown,,vless,xhttp,tls,failed,failed_unverified,0,eof,1,,
2a070bbcc46b5989e9a9d08e2ad0ee7278ee1cea2df3c9f60e6cb777d995bb60,SC,Seychelles,,vless,raw,reality,failed,failed_unverified,0,reset,1,,
2a0925feaadc9486040a0ba7bc4396557904b93b47b00805557d66aeed523cf7,US,United_States,,vless,websocket,tls,failed,failed_unverified,0,reset,1,,
2a0eef7175af99de407417bf5f1357ffdd4e7cd487f6417af1889347726337f4,,The_Netherlands,,vmess,websocket,tls,failed,failed_unverified,0,reset,1,,
2a14fcb07a29563b224e2cc7299e2585f7bf2a09be8d79ecd763651770070ef2,,Unknown,DE,vless,websocket,tls,failed,preserved_last_known,2,reset,1,,
2a29c7f0b93d83138908ba3f7579770ceb6a6b45e6359ac641d6037c520b08e2,US,United_States,,vless,websocket,tls,failed,failed_unverified,0,reset,1,,
2a3c3b022579068f3e6a90e5f8375702b22a51c883addff9838f35254d81d092,,Unknown,,vless,raw,tls,failed,failed_unverified,0,reset,1,,
2a59edf71b1b8908a7c1ff739fd1fc4038a726ec5581bcbc09dd0d002039fe69,CA,Canada,,vmess,websocket,tls,failed,failed_unverified,0,timeout,2,,
2a674634ef087d7263927c8b5eb69e60a8085adaa600fa9fa3ee663b9a7786dc,,Unknown,,vmess,websocket,tls,failed,failed_unverified,0,reset,1,,
2a6aaca2b2d92d31d06eae144e5883cfa478687596776f8ab0c6a5ed9dcccca3,LV,Latvia,,vmess,websocket,tls,failed,failed_unverified,0,reset,1,,
2a8358692df44283a6d1948c6d7a5f7be253bb6f71c68f30d7e0339b111ecf60,,Unknown,,vless,raw,reality,failed,failed_unverified,0,eof,1,,
2a882a9679c92fef8111f86377d1e17d72644fec2458805d699a7e1d7cdf05f1,US,United_States,,vmess,websocket,tls,failed,failed_unverified,0,reset,1,,
2ab7ea8253c34ea710401f53bbbb7976e596e2f94ebc47e58205143dadda1d54,,Unknown,,vless,raw,reality,failed,failed_unverified,0,eof,1,,
2ac202dd32cea3a71fef7536e4ccf653d8dd75087667d80894e7fc22c569ca86,DE,Germany,,vmess,httpupgrade,tls,failed,failed_unverified,0,timeout,2,,
2ac20cc43fcb47dcb9530d9f4ac57c9d5d8c4eadacf915d497ac1f4d863a33e4,CA,Canada,,vless,raw,reality,failed,failed_unverified,0,reset,1,,
2ac32a3364303566fc6c98214f0f0080ca7e4e792d3bc8c8842c8586ff4a11be,US,United_States,,vless,websocket,tls,failed,failed_unverified,0,eof,1,,
2acd8ba00912c150e62664ca2bcc878ec30e76750cd4baf8f6ce7490581f6c3e,CA,Canada,,vless,raw,tls,failed,failed_unverified,0,timeout,2,,
2ad7107943f5e402aa01636aeb076e78a813fe56d3adf48ea1c01dd04d7ffea1,GB,United_Kingdom,,vless,websocket,tls,failed,failed_unverified,0,timeout,1,,
2aefcd7b54d9da643c1d92507b4f4abc851f71858b1c6b6ffe596d153108f5b4,,Unknown,,vmess,websocket,tls,failed,failed_unverified,0,eof,1,,
2b08a325a264ffda051a59187dcd879cb5ad31c642950728909a85fbfb549c15,US,United_States,,vless,websocket,tls,failed,failed_unverified,0,reset,1,,
2b08bb94e4de3dd71caded531e6001836b65580796006257550c0f15e1bc019a,,Unknown,,vmess,websocket,tls,failed,failed_unverified,0,reset,1,,
2b0e41597baf62025ff66da9f8bf77218da7116474d1bd29aab60d34e6d93ba8,SC,Seychelles,,vless,raw,reality,failed,failed_unverified,0,eof,1,,
2b0f7adbed077dd9f8ad82104cdf85631c813aca85e39cf1b225f1ba5eda1443,IQ,Iraq,,vless,raw,reality,failed,failed_unverified,0,reset,1,,
2b299215967282f9c2cebc72b859d0ea253e21da046010a63d29a786e0305033,RU,Russia,,vless,grpc,reality,failed,failed_unverified,0,timeout,1,,
2b3a17b6c7d53aa1b564ff372313b9d3a4c40c5ccd6fcf0a107a3f3377ba8bea,CA,Canada,,vless,xhttp,tls,failed,failed_unverified,0,timeout,2,,
2b3d4d7c43cd35c7675e8153db01972dbf91eec55f04f7753a7d7ba6fdfe5919,US,United_States,,vless,xhttp,tls,failed,failed_unverified,0,timeout,2,,
2b43f88c2444d945b3624a7511be4e78a59084f6eb966090a0206614b29783dc,,Unknown,,vless,grpc,tls,failed,failed_unverified,0,reset,1,,
2b4c3fd9547661cb29d71c5d96d2d506c338086f590b25f2e17d6a646240db0b,KZ,Kazakhstan,,vless,websocket,tls,failed,failed_unverified,0,reset,1,,
2b51fac58e658f045c95ab38c2d84294f17f81d01d73793bbdc4600ff3ede971,,Unknown,,vless,grpc,tls,failed,failed_unverified,0,reset,1,,
2b73cc1ae4fe055d8eab8afc6c8d1271dd63f7f6877c7d4831597ae394fbc89f,US,United_States,,vless,xhttp,tls,failed,failed_unverified,0,eof,1,,
2b74e734141402914b44c549ffca25b9c197fd29b25104e208b9a5f286397679,,Unknown,,vless,raw,reality,failed,failed_unverified,0,eof,1,,
2b86f44dbb00c97616a6066db5f1183f1afc4c049b7f0cf3bf658a0935fe8895,,Unknown,,vmess,websocket,tls,failed,failed_unverified,0,reset,1,,
2b8e310d2f276f5411a94da9222b30eebe08f48d8e40f53eafa33416da6478e4,,Unknown,,vmess,websocket,tls,failed,failed_unverified,0,reset,1,,
2b985a710fead5641c68f37acea49efca5719f0de518ccdb842f46d835cd7fc6,IE,Ireland,EE,vless,raw,reality,geo_resolved,fresh_verified,0,,1,http,3139
2bb4d0b9be3f0348c8e28e9c2aba3f4fd0d4b519f886b5e4e2080cbccf70f595,US,United_States,,vless,raw,reality,failed,failed_unverified,0,timeout,2,,
2bc5b3da0e597ce721e2ce967380af9df410b7e9b0947dd8d13b8feb5099f769,,Unknown,DE,vless,websocket,tls,geo_resolved,fresh_verified,0,,1,http,1211
2bcbbd3fb61e00b70823623e85e6e0809c9b72aaf8065c916e44a75a6e7abb68,,Unknown,,vless,websocket,tls,failed,failed_unverified,0,reset,1,,
2bcc815ac0c78769cf23c5795af3acb8b6ee9c3c1deab98644fd7048588c47ae,,The_Netherlands,,vmess,websocket,tls,failed,failed_unverified,0,reset,1,,
2bd432d2f525469b95eb94b6179d41fbdedbbcd75be22568696097dc824b6752,US,United_States,,vmess,websocket,tls,failed,failed_unverified,0,timeout,2,,
2bf0bebb317167e5820ec5167e1c1833c31293044db4f8038fc498dcd4376468,GB,United_Kingdom,DE,vless,raw,reality,geo_resolved,fresh_verified,0,,1,https,3392
2bf4219790f465db1ee7c181541dbbdfa8177784539bf6019295a15fd63cfa0c,,Unknown,,vless,websocket,tls,failed,failed_unverified,0,eof,1,,
2c1028f6b31a7adb8417f3fbe12a7594a451245f8f95d351ddb37f2e93938a56,LT,Lithuania,,vless,raw,reality,failed,failed_unverified,0,timeout,2,,
2c15cf1fde31577612352fb52ebe67f5d86bd061c6e8bface9f3206fd882e451,GB,United_Kingdom,,vless,xhttp,reality,failed,failed_unverified,0,timeout,2,,
2c1ad747402578323c0be69f74a62bb44c9ced26efe5d3e117b320c434ab77e1,,Unknown,,vless,httpupgrade,tls,failed,failed_unverified,0,eof,1,,
2c1adea4ffd37377d9a3bc893dfbefbd80f73cf95588b66efa691870fd4a7e7b,CA,Canada,,vless,websocket,tls,failed,failed_unverified,0,reset,1,,
2c1c7c6ad4193471f3ff1a18dde5174e9b1bcb7841e2aee2154be866859ede05,GB,United_Kingdom,,vless,raw,tls,failed,failed_unverified,0,eof,1,,
2c2b23b8a13b1f13949362d3b94c12599151bc3d6314eccdb37916d24cbb1166,,The_Netherlands,,vless,xhttp,reality,failed,failed_unverified,0,reset,1,,
2c4efbfafc5979dd7a0f88b8d5cf05e54af136c2789609e220ae3ee7d14d60c4,GB,United_Kingdom,,vless,grpc,reality,failed,failed_unverified,0,timeout,1,,
2c6587a842eb1883493d192b50f3e9682a063ad8685fd3950d3af90f7e6c1155,US,United_States,,vless,websocket,tls,failed,failed_unverified,0,reset,1,,
2c66b06234d343eada6dd52a262b6724f5d271b8d77c389a5e147610ee008a40,,Unknown,,vless,xhttp,tls,failed,failed_unverified,0,eof,1,,
2c681b22dacdb1396354c943363b78e4cfdd0ede9335150763d555a3e2e3a37c,GB,United_Kingdom,,vmess,websocket,tls,failed,failed_unverified,0,reset,1,,
2c71e0315b11f36a2c94546a17fa825a4ab2efcceccc05f73d3614ba2421b1fb,,Unknown,,vless,websocket,tls,failed,failed_unverified,0,eof,1,,
2c7bb06d892a9ce2fefa8fca065bc0891f647c60233fd26f0f0738e94b643e99,RU,Russia,,vless,raw,reality,failed,failed_unverified,0,timeout,2,,
2c8bec23d54a0b9fd63ccac03627109c719f435fa0f095f3ee485b32498c3810,BR,Brazil,,vless,raw,tls,failed,failed_unverified,0,eof,1,,
2c8c5e4867332b482f02c66afea3417ee97a6d234f96efce974dc28956ce4245,,Unknown,,vless,raw,reality,failed,failed_unverified,0,eof,1,,
2c9acc5401049f56ae8b7462fa47fb1b3c38f823860db3fe90aefcb416fe8462,US,United_States,,vless,raw,tls,failed,failed_unverified,0,reset,1,,
2ca231f9f18cbcf4dac7a289e34495a1768c6b746bd10400a83f7f2903928487,,Unknown,,vmess,websocket,tls,failed,failed_unverified,0,reset,1,,
2cae5d6c14f7f6387704a93ab71f90918fc70425cb4a22b55388cf9c5382f73c,,Unknown,,vmess,websocket,tls,failed,failed_unverified,0,timeout,2,,
2cc17cae6b10d15fe4eb34c20892565cefb26d086998fd6638982f4b77f6af1a,,The_Netherlands,,vless,raw,reality,failed,failed_unverified,0,reset,1,,
2cc1a6461b13fbb7670a49f92c5a3c01f232bd4fcd12c82525f4ff1019ac14b2,US,United_States,,vless,websocket,tls,failed,failed_unverified,0,reset,1,,
2cc3a60cbf3116ccefcf9e932a00a34b6362b5c39fd2eaa78d08d115f94c11ca,,Unknown,FR,vless,raw,reality,failed,preserved_last_known,1,eof,1,,
2cc52e06d4011d424fdd0f6be0ac286a10b8df7d6898071cce42e19f757d8e84,US,Us,,vless,websocket,tls,failed,failed_unverified,0,reset,1,,
2cde751464acc9251a5a69266d25b8b9cbc5110ab14dd985e44104af9502c6f1,PL,Poland,,vless,raw,reality,failed,failed_unverified,0,timeout,2,,
2ce7ab1deb03044b01d3f638a198a8abc1cc73be182dfee2752a8cab9257dc15,US,United_States,US,vless,raw,reality,geo_resolved,fresh_verified,0,,1,http,2292
2cef28397cc8f9e711e2490a9066160f182305401b1daa45960d0230fa3047e6,US,United_States,,vless,websocket,tls,failed,failed_unverified,0,eof,1,,
2cfa40716ffec0c81ab521bd179c5358e1b1d706341b27a868e696ae86929bc0,,Unknown,NL,vless,raw,reality,geo_resolved,fresh_verified,0,,1,http,2435
2cfd8a31dce267e423e5f95911506a50e54a0c273439aa9efe6e8d8e61eae4bd,,Unknown,,vless,httpupgrade,tls,failed,failed_unverified,0,eof,1,,
2d13e29882817700ee2a979621647acc16442f9444d87c386d6ec8e6206c7eac,CZ,Czechia,,vless,raw,reality,failed,failed_unverified,0,eof,1,,
2d1cd28100c6c6aee5ccf9c49f614d534e9274d329c0a1707adc6902ec30fb68,DE,Germany,,vless,raw,reality,failed,failed_unverified,0,timeout,2,,
2d3bdbfd1e8c4ab675eed7695a5912dcf1eb08509250665a878232155bd11047,HU,Hungary,,vless,raw,reality,failed,failed_unverified,0,timeout,2,,
2d4955caa92c50c689b3fa78085f0b125f2fd3cd2365a7ebebb0439d179fd651,PL,Poland,PL,vless,grpc,reality,geo_resolved,fresh_verified,0,,1,http,2879
2d4ecb68c1189bf10425d1aedd609982039149c5c2f90b787be1c8a8238cd142,US,Us,,vless,websocket,tls,failed,failed_unverified,0,reset,1,,
2d70ed3043c08d372fe13fb7d69014e00686711f7913bb338aa7aa9643ddd983,SG,Singapore,SG,vless,raw,reality,geo_resolved,fresh_verified,0,,1,http,3126
2d81e24125a945a90841049cb57f6e2d08673edb4a98b76487d65951f8bc9873,US,United_States,,vless,websocket,tls,failed,failed_unverified,0,eof,1,,
2d896d0ca465f319a48931af497d1b9617307ed5232c2507413e6cacdfc26578,,Unknown,,vless,websocket,tls,failed,failed_unverified,0,reset,1,,
2dafc4652f3dd28934a4b70677b6052c073e6cd22b334d7e40a38caeb3d32418,FR,France,,vless,websocket,tls,failed,failed_unverified,0,reset,1,,
2db96a504c229d7e7db248c70442942c5326e1d3fc253f18a8ae85dbd5e1aec0,GB,United_Kingdom,FI,vless,xhttp,reality,failed,preserved_last_known,2,reset,1,,
2dbd34b212306c1f5343d12ae2af37d8d00f707c62c1127f9431665b27f5f9e8,,Unknown,,vless,websocket,tls,failed,failed_unverified,0,reset,1,,
2dc2b59e70b49089801823f433ba0c1fb8fe20d2f7f7ea83f3ca629381d3d334,,Unknown,NL,vless,raw,reality,geo_resolved,fresh_verified,0,,1,http,2266
2dc32418b7ecffd1fa0516e8770a4311b93a947491e99eddd2ec517433222fbd,,The_Netherlands,,vless,websocket,tls,failed,failed_unverified,0,reset,1,,
2dc80208a7341c6a8f90d77981b0c7c0bf3f77c243cc0833be2bc4dc0ca094a4,HK,Hong_Kong,HK,vmess,websocket,tls,geo_resolved,fresh_verified,0,,1,http,3606
2dc952104f3583ce08e487199ea24eccbf850a5ffe6fbac0fb04f4d6dd172d17,,Unknown,,vless,raw,reality,failed,failed_unverified,0,eof,1,,
2e0aae86f1a31171a183499ed02c9aaa89bef81e5470233f7ab1ac0a5dd78a7f,RU,Russia,,vless,websocket,tls,failed,failed_unverified,0,reset,1,,
2e10bbb4f6838ba71e054ad26a253a5d9a7ba6cd389c348b70e524fe8b359b26,RU,Russia,,vless,grpc,reality,failed,failed_unverified,0,timeout,1,,
2e35c103bbdb545e594b61bb554ac42b48c0b9cff17356bdd4d22f804222d8a0,,Unknown,,vless,grpc,reality,failed,failed_unverified,0,reset,1,,
2e46f0d694dd948df94fe6e1aa64cad54900c138093ed3c135e073dc3c8871fa,US,United_States,,vless,websocket,tls,failed,failed_unverified,0,reset,1,,
2e51955e732453850d49a3a30535377e77c173690ae298da1c7d0b5b4695af88,US,United_States,,vless,xhttp,tls,failed,failed_unverified,0,reset,1,,
2e53f34b707b2658bb2e88137ade43ec2aad4a33c3be20b174284acacac1a532,,Unknown,,vless,grpc,tls,failed,failed_unverified,0,timeout,2,,
2e69a17397cb1b831f2b2407618fde026f59c2f0e105c7979f44780c6e1f08f9,US,Us,,vless,websocket,tls,failed,failed_unverified,0,reset,1,,
2e7748b652f25531a0c1ab23e295e1a79237d7bdf22e7081205af7c85c84fe6b,DE,Germany,,vless,raw,reality,failed,failed_unverified,0,timeout,2,,
2e857b9ddd98904d9df2cf7bfd0b0ce7cd6a4f255f34379fceea53f2a87ae0ab,RU,Russia,,vless,raw,reality,failed,failed_unverified,0,eof,1,,
2e894554a36e90efebc7a6750149c31b2406a10a496b6cf7b94a34069a151732,BR,Brazil,,vless,raw,reality,failed,failed_unverified,0,reset,1,,
2eadb1a4404ff645fcc32e47b3e268347e52907e2859f64761d20382f80727af,,Unknown,,vless,xhttp,reality,failed,failed_unverified,0,reset,1,,
2eadb37b0fc7f841b940477584fa6a15652bd823ff4b842a1d7b0576d5ef1cc2,,Unknown,,vless,websocket,tls,failed,failed_unverified,0,reset,1,,
2eaf1cfa0c990f367cecc428209b6b5f70a2aecd929d71df57978ddb3d828ffc,,Unknown,,vmess,raw,tls,failed,failed_unverified,0,eof,1,,
2eb5596127ef8eb1235595822eb588175c1c9bf78a60a73b267448e350345ab8,,The_Netherlands,,vmess,websocket,tls,failed,failed_unverified,0,reset,1,,
2ebcde34355a43519b247858352eb9acba07f1b3792e7759e7cf7ba4e6f1d52d,,The_Netherlands,,vless,raw,reality,failed,failed_unverified,0,eof,1,,
2ec547cc25b7886dc8965dbfe6fb13373668815e700108fc60a231d8f2e075df,,Unknown,,vmess,websocket,tls,failed,failed_unverified,0,timeout,2,,
2ee03e250bb4c6ebc0db967a439593516db3db5399393b0a5d34628f8d6c7679,,Unknown,,vless,websocket,tls,failed,failed_unverified,0,reset,1,,
2ee127ff5efe1c3cac49584b399a939ab0843da06c25b545f30c4c1fe254a970,MD,Moldova,MD,vless,grpc,reality,geo_resolved,fresh_verified,0,,1,http,2340
2ee33405652680bd3d6d235c3e7aaf5187b4ae5a6456c08b401ef1118e8ed983,,Unknown,,vmess,websocket,tls,failed,failed_unverified,0,timeout,2,,
2ee5280e6de17fb37c921cc48d8009aa5c3a7eb9fd0018a38cd94419e7d0230e,GB,United_Kingdom,,vless,raw,reality,failed,failed_unverified,0,timeout,2,,
2ef4ab7d9a7dfe5759e27f1e3262afe773a42d04a57bf91fc241efbbb40ec586,US,United_States,,vless,websocket,tls,failed,failed_unverified,0,timeout,2,,
2effc504b0c9217a4b1d19453a1c549085000fcd70a2975c12c8ad4674f74223,,Unknown,,vmess,websocket,tls,failed,failed_unverified,0,reset,1,,
2f0f398cbfff69c53df8d5d38d9c4d0b7f19bc2e8cf221b16c082911f057e00e,,Unknown,JP,vmess,websocket,tls,geo_resolved,fresh_verified,0,,1,https,7800
2f1f7b5b1a50450ef7a881b1cf65afdc32e3dd1a20474ea48a88a2ef8443dd83,GB,United_Kingdom,FI,vless,raw,reality,geo_resolved,fresh_verified,0,,1,http,3183
2f33746603ee780f8ec85ea3af45f9faa85821ef6fe8b9dd48720d1b9cf34a90,TR,Turkiye,,vless,xhttp,reality,failed,failed_unverified,0,eof,1,,
2f6b1ed9c77b2438d3a24a02b2f21b4f9761b938e0fc4ec0b1ef6b94d27db8ef,GB,United_Kingdom,,vless,raw,reality,failed,failed_unverified,0,timeout,2,,
2f79537845247748bca9335f01f34b7c2782450fef9c912f62de1c56df31287b,US,Us,,vless,websocket,tls,failed,failed_unverified,0,timeout,2,,
2f975be36c455b1750b4521abb1e3c94447fd97c1372d4d74e7968ac1fd9a8ba,,The_Netherlands,,vless,xhttp,tls,failed,failed_unverified,0,eof,1,,
2fc3083bebe8b9a9a71f3e583c3d793a0fc6abead2ae71b549e5cf0bcc27575a,ES,Spain,,vless,raw,tls,failed,failed_unverified,0,timeout,2,,
2fe1b6950517ab7b03096aa29f5da06c7971e021c29d65ce1e0798d321c07921,CZ,Czechia,,vless,grpc,reality,failed,failed_unverified,0,timeout,1,,
2fe2660baa849230abfd319622149698347268734e89c9db8819c3380944511d,MD,Moldova,MD,vless,grpc,reality,geo_resolved,fresh_verified,0,,1,http,2366
2feb920148002ff318ccf40f6268fb37d0f44936d384616042b313740ea5fc9e,CA,Canada,,vless,websocket,tls,failed,failed_unverified,0,reset,1,,
2ff9b6f7b76ff568a49c1aceaee9ef405395ad809cf5e2ba66eeed7c8f6e557a,,Unknown,RS,vless,grpc,reality,geo_resolved,fresh_verified,0,,1,http,2223
300bee56c96fc701640466fb190b5abde13749bf8e1854115599447797cbb1d2,,Unknown,,vless,websocket,tls,failed,failed_unverified,0,eof,1,,
30167b96c388bab35115cc188314ed9557074e2cf3066585cb9740a92f1c86a8,,Unknown,,vless,raw,tls,failed,failed_unverified,0,reset,1,,
3020e15e58fa339a4190cb0e77d87366180cb46ce7ae7992d39df9d362d20738,DE,Germany,,vless,xhttp,reality,failed,failed_unverified,0,timeout,2,,
30278a97613ff04ea32a656c82485f159580484dcaafaa1248cc9e9cc4f0fc92,,Unknown,,vmess,websocket,tls,failed,failed_unverified,0,reset,1,,
3038411697d1e4b3a17312cf71549b57214f39cef80c3ad0803339286bd95ac5,PL,Poland,,vless,raw,reality,failed,failed_unverified,0,reset,1,,
303c197fa1b07640991b0ff2ed4b4f039230cf2677f5c559240a5b2b990890ab,,Unknown,,vless,raw,reality,failed,failed_unverified,0,reset,1,,
30419feab37494c97811a69fe2e83149fdfe28ae7083d237661a7cc1176aebc5,BG,Bulgaria,BG,vless,grpc,reality,geo_resolved,fresh_verified,0,,1,http,2161
3043c130bb5df83f49fbc79c4de2b4b0d14c80eca89de159beb9860c519c77a9,DE,Germany,,vless,raw,reality,failed,failed_unverified,0,eof,1,,
3066a81aa9a3db782955a7d749877ddeb8a66812012ce23cad8d12df92cf46af,GB,United_Kingdom,,vless,raw,reality,failed,failed_unverified,0,eof,1,,
30760da6b03bee5d76b1760a2c169693ba7551d90dea9a61078ca948ae904a3a,,Unknown,,vless,websocket,tls,failed,failed_unverified,0,reset,1,,
309fdc79ca7dd0a600deaafba52dbad4e9ff10ab211204c83365eee0820e8032,RU,Russia,FR,vless,raw,reality,geo_resolved,fresh_verified,0,,1,http,2109
30a4c8050b3f293abf8ce5deed592121d99b4fffd33d50fd33106cc95279ae1c,US,Us,,vless,websocket,tls,failed,failed_unverified,0,reset,1,,
30a7c37ccc86f2ae753001ffdf7eb963e450a9efc2511efa52cb283a423d5bbc,US,United_States,,vless,raw,reality,failed,failed_unverified,0,timeout,2,,
30d92733a01fdeb41f62a2e5a644ffca84c84486d5b9d026775feb4ebdf06f49,GB,United_Kingdom,,vless,raw,reality,failed,failed_unverified,0,timeout,2,,
30f768b37873c84847f5cebb96d9ca1dc2df9d85ad232124d415fcb84fb65a55,US,United_States,,vless,xhttp,reality,failed,failed_unverified,0,eof,1,,
30f80027c7abd0e4c8872089ed9b20acbac13d4d000d9ea97ac10d7ad51acc1e,RU,Russia,,vless,xhttp,reality,failed,failed_unverified,0,reset,1,,
30fa24c138fa25ab928536af64851a65156c8a042fc7d056b8561eb7a704a437,GB,United_Kingdom,DE,vless,xhttp,reality,geo_resolved,fresh_verified,0,,1,http,2194
3110ce174f067d8f2805b608b7ac158c32c3190d61c04e5f5a26c5ba62e9a906,FR,France,,vless,raw,reality,failed,failed_unverified,0,timeout,2,,
3113acb323d86442c5f634d1ee5a23609443904c25a8e5dae533ed4932ec1c7f,US,United_States,,vless,websocket,tls,failed,failed_unverified,0,eof,1,,
311f332b9b43afac9750a6694791b2f2aba292f49393f4f1f4c91782da1db4fc,GB,United_Kingdom,,vless,raw,reality,failed,failed_unverified,0,reset,1,,
312547477a92192b2ac6baf0574ae0a4a0bd25e49675e77f6a0e7237b22470dd,US,United_States,,vless,raw,reality,failed,failed_unverified,0,reset,1,,
3128f49489d6028a8246d425b537d865b9ec75243dc3cb5364cff837b43d9cb9,CA,Canada,,vmess,websocket,tls,failed,failed_unverified,0,reset,1,,
312ae2f25c8bc64834e5cabc8c24cfa0c9fc3c31252d607efbe51a16ba4a2911,US,United_States,,vless,websocket,tls,failed,failed_unverified,0,timeout,2,,
313af9dfca4721ee7086e1ec279273bef5db9d4b7f4c899703554a692b4cc6c5,,Unknown,,vless,raw,reality,failed,failed_unverified,0,eof,1,,
3151674737e44e4c6c1083c16ab8fc3fb3bb181fef4ada7364f7d0729cbce981,US,United_States,US,vless,raw,reality,geo_resolved,fresh_verified,0,,1,http,2503
31586db2bd7f5241a3d271fc7a04eaa8a0f233dd9e603b118aab50c8811010c8,GB,United_Kingdom,FI,vless,raw,reality,geo_resolved,fresh_verified,0,,1,https,3456
315c585000b035b48859d422a3d27c869a40a484f57f3462993d2713d7a1ebc4,PL,Poland,FR,vless,websocket,tls,geo_resolved,fresh_verified,0,,1,http,859
31608d47e25ba81629285e0ac76719103a7ae339acbd83829d5cd277d2b3508e,,Unknown,,vless,xhttp,tls,failed,failed_unverified,0,eof,1,,
316cdb0164478adae536ae710e330047e19793865987d55cedadeb4adc16db2a,,Unknown,,vless,websocket,tls,failed,failed_unverified,0,eof,1,,
3195adecefd8d9063fd5ea97f9deed811c931ffc27981a16095b6148617bd39e,,Unknown,,vmess,websocket,tls,failed,failed_unverified,0,eof,1,,
31aae1becd92e8b3badb66b9bf9b2617a87b28c248747d565da762db490cafe1,FR,France,,vless,websocket,tls,failed,failed_unverified,0,eof,1,,
31b0110ce0c8c19351666d76163167b7e87e7d3ce5f49cc46e741e92925da355,,Unknown,,vmess,websocket,tls,failed,failed_unverified,0,eof,1,,
31b2a44814a325fa177c331fa4dbe0785cae19ce2fca98ed56eccb9b6df7c05c,,Unknown,,vless,grpc,reality,failed,failed_unverified,0,eof,1,,
31b768a4d9f2e4ace4f173d37a2bbd83b38881201974e0734034a2f79edac5a6,CA,Canada,,vless,websocket,tls,failed,failed_unverified,0,eof,1,,
31c27547ec125e10e5f83c2b74733d00fd1fa4e781b127ecc5b40ded4fd67dba,,The_Netherlands,,vless,websocket,tls,failed,failed_unverified,0,reset,1,,
31e69ecf08b7a91629bb022d88eafe59859faf6a667ec60793908a6a0a6e92fc,US,United_States,,vless,xhttp,tls,failed,failed_unverified,0,reset,1,,
31eb2c2bce32800b1605be86bf640ccd6df05314d8636138153e1471bf8caeb2,US,United_States,,vless,websocket,tls,failed,failed_unverified,0,timeout,2,,
31fbfbfb6e2f89db664b57e174ec025bf76b315d73350c87ebe0693aa756216f,,Unknown,,vless,websocket,tls,failed,failed_unverified,0,reset,1,,
32016af2c5477a34d415040799da874edfde3dc553fc3470a9d5d1ed36a1600a,,Unknown,,vmess,websocket,tls,failed,failed_unverified,0,reset,1,,
321fa16d528581746d35b6f2967d3d75a127165c958c7a57fdd38129e9f7a534,US,United_States,,vless,websocket,tls,failed,failed_unverified,0,eof,1,,
322355b36c982fd35f9175fd2544df68a00791a749b2a98369e75d4413676334,US,United_States,,vless,grpc,reality,failed,failed_unverified,0,reset,1,,
322a09aa457714396522f6eb89fe8e9b4f4fe51eb9edb93241baad99246137c6,IR,Iran,,vless,raw,reality,failed,failed_unverified,0,eof,1,,
3241619f430dee25271677fda5b20576dd258ecd479d25fc47cdfe3edb58d5ed,US,Us,,vless,websocket,tls,failed,failed_unverified,0,reset,1,,
3268cfc178ed901b419970a6543634ac5b364df42ccd95606793a388c6e20ad7,,The_Netherlands,,vmess,websocket,tls,failed,failed_unverified,0,reset,1,,
326c84a53917f61f249ecd5e01887c40bfe65caee17494f11f59e140f16a1216,,Unknown,,vmess,grpc,tls,failed,failed_unverified,0,reset,1,,
3291963bea1236add9e3891c03292f33b7ee5356e3b263caf381e5b66c7f7088,,Unknown,,vless,xhttp,reality,failed,failed_unverified,0,eof,1,,
32a408c921270c7817f5445dc2e7dba0581a5f16a2d996cba10fddd5e5d21509,ES,Spain,FI,vless,raw,reality,geo_resolved,fresh_verified,0,,1,http,2152
32ad1b7a847c2f520dd0e62c8f72dedde699f19487528c2cb4d674d78b0a5ed9,,Unknown,,vmess,websocket,tls,failed,failed_unverified,0,reset,1,,
32b17c962181638e46bdf9aa2d1cdcc538dc1120ca97cf5d975253e0fba10592,GB,United_Kingdom,,vless,raw,reality,failed,failed_unverified,0,reset,1,,
32b993cd63d582a3fb3a0eb2955418a461aba939e38985d74a2f56443e9d3906,,Unknown,,vless,websocket,tls,failed,failed_unverified,0,reset,1,,
32ce40944700eee5863f666b7e300cab23b75aa25c40ac2e92e5c29d6daaf462,,Unknown,,vmess,websocket,tls,failed,failed_unverified,0,reset,1,,
32d17e61aaed2062fc1b54cb86996b1640d1c3909dbe70cc53784d8607d1c312,US,Us,,vless,websocket,tls,failed,failed_unverified,0,eof,1,,
32e1f0ef48603888981a52d32b7411cf850878d11ebdc2db87490c25fce21874,,Unknown,,vless,raw,tls,failed,failed_unverified,0,reset,1,,
32ee270a638072b1ab08ffd827e0cc0124823940d5577e281af01ef490a391d4,,The_Netherlands,,vmess,raw,tls,failed,failed_unverified,0,reset,1,,
32f9ffc55c4c91bd76cbaa0d2cc971235a57f65af33600c9b7b84bcc329a8766,,Unknown,,vless,xhttp,tls,failed,failed_unverified,0,timeout,2,,
33160dbf39c646622ac9a45d07b01a5afe126ac98876e106a312d876f234319a,US,United_States,,vless,raw,reality,failed,failed_unverified,0,reset,1,,
331e9c9caa456ca7d2cfdaf0260b732e7a6d70af3ecfa5aa7eff571bdd51a27b,,Unknown,DE,vless,raw,reality,geo_resolved,fresh_verified,0,,1,http,2039
331fbc03a9935c1b4b5c12911b55ebeec1d58f150b1f82d4140729c7ad7d849a,NO,Norway,,vless,raw,reality,failed,failed_unverified,0,timeout,2,,
3334e7eb63d5579a42660346e58783e23ab7effcc47dbbf1b6c0169f207d71cc,,Unknown,,vless,raw,reality,failed,failed_unverified,0,timeout,2,,
334fc8b7cf36c8c507619abd3988672f78439de454eb91434311145676ee2ca6,US,Us,,vless,websocket,tls,failed,failed_unverified,0,eof,1,,
335643ab443f023e4e860482929364718b23a05f3e04cc029968418f58b2fdef,BG,Bulgaria,BG,vless,grpc,reality,geo_resolved,fresh_verified,0,,1,http,2139
336bb43d7c4634b7e63be9ad5a8611ef6d0cd84962f7a3ce005c48b0b31d7029,GB,United_Kingdom,FR,vless,raw,reality,geo_resolved,fresh_verified,0,,1,http,3172
336d2ea2d1b2cb8ff11c2fc7ba98e14e8cc28c1c1d88356a2ffd0ae7c881c7b7,US,United_States,,vless,websocket,tls,failed,failed_unverified,0,reset,1,,
33841d17c026842a3cc16c0b61470f26f3e566591077a7d5af760dfa5437055e,LV,Latvia,,vmess,websocket,tls,failed,failed_unverified,0,reset,1,,
338ba87ceab731c8824d5d28f9408201bfd932d472af9b1900b0237b83e5fa1f,US,Us,,vless,websocket,tls,failed,failed_unverified,0,eof,1,,
33950574e9bd9051e5398eb6d3339dfb7bbdddf0e522641b3bea2132266d7747,US,United_States,,vless,websocket,tls,failed,failed_unverified,0,reset,1,,
339e4db717ec42030964733c8053471497cb0342d1083e982c93b1955e8b4838,,Unknown,,vless,xhttp,tls,failed,failed_unverified,0,reset,1,,
33a02871c656b93b481a083778bffe9e1c603dd54dd6e08238c02449036b48e9,RU,Russia,,vless,xhttp,reality,failed,failed_unverified,0,eof,1,,
33a672b7667590f32684a2f85d669de70a69c8fb4cf763049cfaa61bb047ecdc,BG,Bulgaria,,vmess,xhttp,tls,failed,failed_unverified,0,timeout,2,,
33b10918e1ab1b401a657e8054ace040c8383601e03fa114ee3c818566b16709,BR,Brazil,,vless,grpc,reality,failed,failed_unverified,0,reset,1,,
33ebfec08c7ff53d8c3f04824997db36cd8b10cfa4b393166765df23e71db5ca,HK,Hong_Kong,,vmess,websocket,tls,failed,failed_unverified,0,reset,1,,
33ecda63eb10109a14e46774d19d503dcd088111ac5d43cd32e89596095e233e,,Unknown,AU,vmess,websocket,tls,geo_resolved,fresh_verified,0,,1,http,2061
33fec090d174ee51c7510b812b1fd5dfcdfdbc2b896eb5e5ce0b8fac330aa930,,Unknown,,vmess,websocket,tls,failed,failed_unverified,0,eof,1,,
3426533d3a1f73d221d57cdc7f36d384a798d741ec15de6ef7071d60d4c788b0,,The_Netherlands,,vmess,websocket,tls,failed,failed_unverified,0,timeout,2,,
342e58bdb7872873e4268fa0fc412d40e518a0e40d82324414140c3c19343f95,,Unknown,HK,vmess,websocket,tls,geo_resolved,fresh_verified,0,,1,http,2161
34332c62ccf173b9d362925d967a1edf8ed44c69898733969e0e14d27f408213,US,Us,,vmess,websocket,tls,failed,failed_unverified,0,timeout,2,,
34346662f6989fba3401b1c4c81dfd2b1d591b8aac7bb1f9e0511fd459707e88,RO,Romania,,vless,raw,reality,failed,failed_unverified,0,reset,1,,
343c350150f2b871de3c338a97fa1902c8c3e7cb5d0bcb9c327ed697278723eb,,Unknown,,vmess,websocket,tls,failed,failed_unverified,0,reset,1,,
3443c3d4d8cfd7bd9269723f873ec4c810b3c2f3b92e820462614b794fdde69b,GB,United_Kingdom,DE,vless,raw,reality,geo_resolved,fresh_verified,0,,1,http,2234
344cb30a4c431463431c879ff348f1003ba9b03dba3e4558a0e50e8a047cf10f,GB,United_Kingdom,,vless,raw,reality,failed,failed_unverified,0,timeout,2,,
34573baf24200954161d544e08ab803439ba9aa7790cd011733f7447dab7c80f,HK,Hong_Kong,,vmess,websocket,tls,failed,failed_unverified,0,timeout,2,,
345cb41b1a35c5025ee3caa2da274d6f612223235cb595676be0e04fa62cf28f,,Unknown,,vmess,websocket,tls,failed,failed_unverified,0,reset,1,,
346043fb389be32bb5f60a42332648a5980aff326c1fa4a63867467e5f5e9ccf,RU,Russia,,vless,grpc,reality,failed,failed_unverified,0,timeout,1,,
347bc2355fdac570d871a106a3fb55d5d75c55357730048a68b219469094b5fa,US,United_States,,vless,xhttp,tls,failed,failed_unverified,0,eof,1,,
34811e6986453b82355926df9844a5b2b59708cba6c0d905edad8d289c6e1366,,Unknown,,vless,websocket,tls,failed,failed_unverified,0,reset,1,,
348ac7a832245c5e9f3cb7c0713fea500c465d3e03c3371342dea0756fa98c33,DE,Germany,,vless,raw,reality,failed,failed_unverified,0,timeout,2,,
349b6e5f6121d7925e03328599e2d2983b12a8efecdf2de674f27c8c6a4db951,US,United_States,,vless,websocket,tls,failed,failed_unverified,0,reset,1,,
34a437bf8a1a62ec67b9185eafc136660bd6dd3be6e4180b8ae80e78f713297d,,Unknown,,vless,xhttp,tls,failed,failed_unverified,0,reset,1,,
34adb105c99e55da4b6f6380f8ee69586160ca1235ddd16336c6335690e17ad7,,Unknown,,vless,websocket,tls,failed,failed_unverified,0,reset,1,,
34b3b77fa568662ce687c1502c7cf3485fc0ad210fcd2e7414d6d56a2da38d2e,US,United_States,,vless,xhttp,reality,failed,failed_unverified,0,reset,1,,
34b487a90ccb386c85fcebb34bf2983a6b178d50e243eb3766b4c31d0f5c9207,,Unknown,,vless,xhttp,reality,failed,failed_unverified,0,reset,1,,
34d2747b92b3e976eb0a2b73acf99ebfe493013c2e41bfe95d71564c959ceeae,,The_Netherlands,,vmess,websocket,tls,failed,failed_unverified,0,timeout,2,,
34ff2af68ada7fb78a9f9d574631b63fcd0faaef977d07056541238190511abb,BE,Belgium,,vmess,websocket,tls,failed,failed_unverified,0,timeout,2,,
350b541022d641be29b9b3f21407937e4832e57e616c802bd527edb48b92afc7,,Unknown,,vmess,websocket,tls,failed,failed_unverified,0,reset,1,,
352107b13c76065458472de5e855604e1ac2f510cced7a188548f2a9c23b3109,US,United_States,,vless,xhttp,tls,failed,failed_unverified,0,eof,1,,
352704d0ee144c5762ff96eb82fe143a2d63eb50a20bda28228ffd26ef9e09ae,US,United_States,,vless,websocket,tls,failed,failed_unverified,0,reset,1,,
3562efd26fb10697b4948ede22bafdd38409822d367371688acbf3cbdd17699e,,Unknown,,vless,xhttp,tls,failed,failed_unverified,0,reset,1,,
356378120e5223f3a4e7496f1a81ce626a56454bf7fc75278ae6cc6b49c929b2,GB,United_Kingdom,DE,vless,raw,reality,geo_resolved,fresh_verified,0,,1,http,2233
356397d3cc2d8a52b69c2068068c634b9629549a17433bd89561fd6848bf58d4,US,United_States,,vless,xhttp,tls,failed,failed_unverified,0,reset,1,,
356b6b06bd99009ed5773a597e337fca27a1efb3576046e9c4869ee6b2f91321,GB,United_Kingdom,,vless,raw,reality,failed,failed_unverified,0,timeout,2,,
35970f08a54d7dba845c540c1433bde670d2e2951e9e805e1bf7af13fc43f66e,,Unknown,,vless,raw,reality,failed,failed_unverified,0,reset,1,,
359c3dd6bbd776df4cbcc0124705ce33b9d1288a4345c1c6b15b54c35850dda9,US,United_States,,vless,websocket,tls,failed,failed_unverified,0,eof,1,,
359cf2ec6d2194acbc9103b7300023950bbf06d3d9faa8d6d202770ec74491d3,US,United_States,,vless,raw,reality,failed,failed_unverified,0,timeout,2,,
35b0d976ad98869728ae41328e7a988381b3b8e67647c07adca3505fd1a1d7f7,US,United_States,,vless,websocket,tls,failed,failed_unverified,0,reset,1,,
35bcb3f9007523a5e09b5762e65577d5cc8807c2c1ca61cef065f72790b71b76,US,United_States,,vless,websocket,tls,failed,failed_unverified,0,reset,1,,
35c29d2e7001aca83fe3667ff36dc8af91fa5ada6c2327e0b3c80c3deabfcfc2,DE,Germany,,vless,raw,reality,failed,failed_unverified,0,reset,1,,
35cede8b074efa1fde464f040e98fec5083582dcb3de1657292c6bc82d1208ea,,Unknown,FI,vless,raw,reality,geo_resolved,fresh_verified,0,,1,http,3581
35da338541973be61f725b662e825b55a22fdea5ca4a84c71ca87e30b2dc8935,US,United_States,,vless,websocket,tls,failed,failed_unverified,0,eof,1,,
35e35df2faaaa42630b37018e76a9621b46e561a555cefc5d8e9d1d9e8089955,BR,Brazil,,vless,raw,reality,failed,failed_unverified,0,eof,1,,
35e99f1ecb87a2763116b58fa69689d7e413501a184b714470138c61502816f3,US,United_States,,vless,raw,tls,failed,failed_unverified,0,reset,1,,
35ff76ca6f524c44eaf9e4c4efed136d4d0db4143e839cecf66b177f19a8711e,KZ,Kazakhstan,,vless,raw,reality,failed,failed_unverified,0,timeout,2,,
3611cd1e693bbb22a88e7d559dc02639c3cb104f7e3b0869da5471eed65057cf,US,United_States,US,vless,raw,reality,geo_resolved,fresh_verified,0,,1,http,2300
363390763e1cdc1eab36a752809c6e2ec69c05d0bdfa1d4f31a765f6f1229dde,,Unknown,,vless,raw,reality,failed,failed_unverified,0,reset,1,,
363d2b0d94dcdc675fbae550135c42844919d1fa3be94fd6f8dc22b2b295b56d,,Unknown,DE,vless,xhttp,reality,failed,preserved_last_known,1,timeout,2,,
36409e7842fa71b217c13c1d66c5a0c07fdf10707e1d3d2cee1b3a5f93b6a0b6,,Unknown,,vless,xhttp,tls,failed,failed_unverified,0,timeout,2,,
36444b9441e3bd01a4d90ec8078c226f7f6ec7fda1593221eb015da34fcf8b91,US,United_States,,vless,raw,reality,failed,failed_unverified,0,timeout,2,,
36468bdc38944f00bbb045c8940fedde9b2a1c9087d1c8c7549d04a85fe4c698,RU,Russia,DE,vless,raw,reality,failed,preserved_last_known,2,eof,1,,
364cdb90801d47b66f0aabfe1393194ce52c7a2553d486d3e2ff8b59032ab738,,The_Netherlands,,vless,raw,reality,failed,failed_unverified,0,reset,1,,
36508456402790a4db8db37ad2eef79b7c140af123311793b96f03630700a0d1,RU,Russia,,vless,raw,reality,failed,failed_unverified,0,eof,1,,
366c604d9d25c8d289738e00be495d8887894d2bfaaac8c61979f1e36b36b447,,Unknown,,vmess,websocket,tls,failed,failed_unverified,0,reset,1,,
368fc8b837b7623704cb9fe490e89328300d0f86b5a8151b61369264497d5af6,CA,Canada,,vless,websocket,tls,failed,failed_unverified,0,reset,1,,
3695e795793956031cda8949022cac9731476f4bbd210438e0f8fc385c1529af,,Unknown,,vmess,websocket,tls,failed,failed_unverified,0,timeout,2,,
36a5171c5594ebda71893c90059c2260bbcb8944a60101e700f6a32632eb1889,DE,Germany,,vless,grpc,reality,failed,failed_unverified,0,timeout,1,,
36b09b2563c1a18c7a7ee77e65137e47db88caff5e3e5397e68684fd8597da64,IR,Iran,,vmess,xhttp,tls,failed,failed_unverified,0,timeout,2,,
36b562d52fc52a2b9a70a9bd0d4cd5933116f400d7a2f010d9b2f87b6143dffb,,Unknown,HK,vmess,websocket,tls,geo_resolved,fresh_verified,0,,1,http,4445
36d3aad84c5e712a9bf49f42261e705f5ce3a032c2ffb37406263edd696073a6,GB,United_Kingdom,RO,vless,raw,reality,geo_resolved,fresh_verified,0,,1,http,3480
36d8e021c44c96d619f14323c611462a9bf621f6f7272685e68b175d5f5c6901,,Unknown,,vless,websocket,tls,failed,failed_unverified,0,reset,1,,
36eb4acc9319b29486aa955e2fb392ef97f316a81ea2414cb2e85b5a63d67105,BG,Bulgaria,,vmess,httpupgrade,tls,failed,failed_unverified,0,timeout,2,,
36ed53e1d8afd07b2c79d2bca86256160c4abf7d4939aa0d5690906d67d85c32,,Unknown,,vmess,websocket,tls,failed,failed_unverified,0,reset,1,,
3713cfd45b250de7e7a4d4a2d0437931a06d02145588dcaec9b9edc2b0db6af6,US,United_States,,vless,websocket,tls,failed,failed_unverified,0,reset,1,,
3714098bf56b0ff030001246cb13987c65b426328a145e2969570b074db74d15,GB,United_Kingdom,,vless,raw,reality,failed,failed_unverified,0,eof,1,,
372f01c44bae1624bf6c671a0c01f2d35e2fd1972b2a1633fb833e4615c7f216,,The_Netherlands,,vless,grpc,reality,failed,failed_unverified,0,eof,1,,
373dc16f226168b7315516ceeba221a008876705f1e040fb8d6dec1be96020cd,RU,Russia,,vless,grpc,reality,failed,failed_unverified,0,timeout,1,,
3741cc9ba3a54a01939d7a33d4804f28c1829d2697f6c0eecd412d517d857a32,,Unknown,,vless,xhttp,reality,failed,failed_unverified,0,timeout,2,,
3754bd8a843021436ca922160bd2baddef1a056eea3fd0847719dfb4dbc94db2,,Unknown,,vmess,websocket,tls,failed,failed_unverified,0,reset,1,,
376a6174fde1f0117f96d5d78f77234f4ba32f07fa8a965a30a327196f7a263b,DE,Germany,,vless,websocket,tls,failed,failed_unverified,0,eof,1,,
37714aafc24e2bfed50beea25f0f280ae3d91cab5025410b016cd5ceefb187e9,US,United_States,DE,vless,xhttp,reality,failed,preserved_last_known,2,eof,1,,
377594f89316743948676ef7806135524a312b112d0cb0a12066444d67fb24b7,RO,Romania,,vless,raw,reality,failed,failed_unverified,0,reset,1,,
377e7ddcd71d1a5d145159ed961603c84b0f0f45ed6f37dd68a43f5eda55d4a9,,Unknown,,vless,xhttp,reality,failed,failed_unverified,0,eof,1,,
378ee8af25f6ed688583aa6e7b034b4923723600fd6dcbf2ab82b19b4793c784,,Unknown,,vless,raw,reality,failed,failed_unverified,0,reset,1,,
37995ba022a6e81a8704138c6ea5087d8976edadbdc565256bd276f307f2d55a,BR,Brazil,,vless,raw,reality,failed,failed_unverified,0,reset,1,,
37a9a594051162262455bd65248f59719f5aba6d4265fe6d281370d28f2dc5cc,US,United_States,,vless,websocket,tls,failed,failed_unverified,0,reset,1,,
37c8f9ba85d0cb753b05fefc0c85adbc491915ce1c3e46f9cd68e6ec713aceff,,The_Netherlands,DE,vless,raw,reality,failed,preserved_last_known,2,timeout,2,,
37d825e5850731b05515fc0be52cb972adc72eb035d34eff3a14a63ef81cd86c,PL,Poland,,vless,raw,reality,failed,failed_unverified,0,timeout,2,,
37dcf22f54030b625b1d68ef1e29a42581d1399f73e25c07cbe4d2abdc10cfee,,Unknown,,vless,raw,tls,failed,failed_unverified,0,reset,1,,
37e25d8bdb3ee9e7ccfdbdea104ec33a82b56e7194249d1eae1397abc563410c,RU,Russia,,vless,websocket,tls,failed,failed_unverified,0,eof,1,,
37e91ec02704a332b52bd4f5977b67d52411b5ed78d1ce2dc89f63a1481bb3c6,US,United_States,,vless,grpc,reality,failed,failed_unverified,0,timeout,1,,
37f0a9d61c9963d0e332df325612b85f01ecd7d21170a5bd0425063daa6aed39,US,United_States,,vless,websocket,tls,failed,failed_unverified,0,reset,1,,
37f10cebcca3f021d188465a5a6f6ecca6ed912277bde6a5d578429e40993b15,,Unknown,,vmess,websocket,tls,failed,failed_unverified,0,timeout,2,,
37ff6de0df2c22eaf32ff4c981d8653eeb52f88c4c228585630266c75c51d2e3,US,United_States,,vless,websocket,tls,failed,failed_unverified,0,eof,1,,
380260144e526b4da0a6bc8771d8d65addaa1f2346128967610f72ffca06974c,FR,France,,vmess,websocket,tls,failed,failed_unverified,0,reset,1,,
38343b300ce19778e418e2df01456c6ffa94e148ff7ce70a3ad680c94ed9eacc,,Unknown,,vless,websocket,tls,failed,failed_unverified,0,reset,1,,
3837b4c576b8f426a02e715af7525a05c28382b45172a4fcbb8b15aea970aad0,,The_Netherlands,,vmess,websocket,tls,failed,failed_unverified,0,reset,1,,
38459115245aa7ff12e09b72fd8b393cd46443b773f987c9c63f1170fb6cf813,,Unknown,,vmess,websocket,tls,failed,failed_unverified,0,reset,1,,
384c042515f21e2e678481a6b3bcedac340471dc9eb05b6b3b85ec910489f819,IN,India,HK,vmess,websocket,tls,geo_resolved,fresh_verified,0,,1,http,2337
384d7d3bca459efa179d8c7f79b1582cd2bb1437728190a28847f9d16a669aec,,Unknown,,vless,raw,reality,failed,failed_unverified,0,eof,1,,
3865750d6cae0758fcaa12ed0365d29c8a2ea0ec9924b3d2b793c627d28b3841,DE,Germany,,vless,grpc,reality,failed,failed_unverified,0,eof,1,,
38706a680567946773c8e3246e2a762f1ec056265319df75fe10d83469939b89,SG,Singapore,,vless,raw,reality,failed,failed_unverified,0,timeout,2,,
3878e9bc6f4adcbb3972da7976203a9d210c1cb3d64cad57b23da88001b5e3b7,,Unknown,,vless,websocket,tls,failed,failed_unverified,0,reset,1,,
387f588124b32556799032c2784863b577f36558485e46da74bb140ccf1d7282,LU,Luxembourg,,vless,websocket,tls,failed,failed_unverified,0,reset,1,,
388c3ce9418df35fb9151d04d75e63d30de266e063754e43877f2a988c914226,US,United_States,,vless,websocket,tls,failed,failed_unverified,0,eof,1,,
38b66a8699430139118b1fc7ebaf37ddefa2fe9cb78909670ddb51451696838c,,Unknown,BY,vless,websocket,tls,geo_resolved,fresh_verified,0,,1,https,2260
38bb0f8afce85006dbc4d4ab0f94aa3917669d1f69f373aece11bd9806d2ecfb,,Unknown,BR,vmess,websocket,tls,geo_resolved,fresh_verified,0,,1,https,1054
38ca540e3fde5494b2af0e487083568262da002fd0eeda50de43f071da3237c1,RU,Russia,,vless,raw,reality,failed,failed_unverified,0,eof,1,,
38f8adb21055f91b3923a077ae405a7b9955b7e46987a0f7718bf5a922c06864,US,Us,,vless,websocket,tls,failed,failed_unverified,0,reset,1,,
393e987dfa4160b809a67665805acc69aaa63108edfc5e4727b0c7a8a3dbade5,,Unknown,,vless,httpupgrade,tls,failed,failed_unverified,0,timeout,2,,
394cfbfd8ec08c750134c175d64cb3f4a0df503e70695d8d9c3a407a483cf9f9,,Unknown,,vmess,websocket,tls,failed,failed_unverified,0,reset,1,,
396b9f58f03cc4a880bd030f97e48dbf827588ced8a3b8e09f6b0f21539e1973,,Unknown,,vless,raw,reality,failed,failed_unverified,0,timeout,2,,
39727ccbee13042b1f5780a3e8743bcb3e902d9953c682ace98adb53db7db244,US,United_States,,vless,xhttp,reality,failed,failed_unverified,0,timeout,2,,
397340ca1d8ade78797fedc1fe708fcd7abd798152f5288d828f4baacef9d19c,,Unknown,,vless,websocket,tls,failed,failed_unverified,0,reset,1,,
39782ddbb8b671a13948476ae4f0c1ab250866019f96ab56b63aabe07f493fdc,,Unknown,,vless,xhttp,tls,failed,failed_unverified,0,eof,1,,
39a5cd19679ab3941f7eb1ec19f57f2e972c6cdcc9330e983c7f4d7a34ac55e2,DE,Germany,,vmess,xhttp,tls,failed,failed_unverified,0,reset,1,,
39a87a87d4463c0120b1a57db07c8d06d76c4585bf330e884e0312ac77f28121,US,United_States,,vless,raw,tls,failed,failed_unverified,0,reset,1,,
39b178c1e5d32c44223254a253f01a4b059174effd5a442978c8b5f1077bee45,GB,United_Kingdom,DE,vless,raw,reality,geo_resolved,fresh_verified,0,,1,http,2205
39c8f6edff6622dc7b072f54ba4ad07205b958c233d945ee2f419d1f25f72e2d,US,Us,,vless,websocket,tls,failed,failed_unverified,0,eof,1,,
39cd333316504752e0b50de6d242fc8d5fbd76e599397ce50e987a88d706f2b6,US,Us,,vless,websocket,tls,failed,failed_unverified,0,reset,1,,
39e3289d979f289f20588a0b6de4e5dedc3782046eb7691c6c3484980e1a0055,FR,France,FR,vless,grpc,reality,geo_resolved,fresh_verified,0,,1,http,2078
39e56daa7a7680368e5011ae95def55eae57cb17e53a8f5d7179c48b5ad0ac8c,IE,Ireland,,vless,grpc,reality,failed,failed_unverified,0,reset,1,,
39f083fcf2b573ec3dedbed4251a8415197ed62f45d67b4a2b430ad28c7a89ae,US,United_States,,vmess,websocket,tls,failed,failed_unverified,0,timeout,2,,
39fc726819264da4cd40504c41cb189b8a926dc51495a85d429e9b460bb45005,US,United_States,,vless,websocket,tls,failed,failed_unverified,0,eof,1,,
3a0371edbceaf2b9bb8a565185b6994a9b4c58e7a121869a37e3f615428e3b0a,US,United_States,US,vless,raw,reality,geo_resolved,fresh_verified,0,,1,http,2295
3a324406ee8350f1ad2935d0021036851a6b6688d56beabff9bc4bd9b1b7d252,DK,Denmark,,vmess,websocket,tls,failed,failed_unverified,0,reset,1,,
3a394d06a2d273ad209e85d6612876600b62729e5aa2d9730fb7a06544eb5190,DE,Germany,,vmess,websocket,tls,failed,failed_unverified,0,timeout,2,,
3a4e803ad9efaa1bd765c3429d38e257a0377b1f4c243cb32777d8cc5ed43d1f,,Unknown,,vless,raw,reality,failed,failed_unverified,0,eof,1,,
3a60af440aff5b2c5e4eb90ac0e31bc058bd4c5d575999cb1f1d17a28bf28426,,Unknown,GB,vmess,websocket,tls,geo_resolved,fresh_verified,0,,2,http,162
3a7172d649097c6d9246de2f096b69ed1df2b464f291bd1fdc9748535f621936,AM,Armenia,,vless,websocket,tls,failed,failed_unverified,0,reset,1,,
3a7a0a96e7abf7ad0706ae7fce91f20ebdea6296e49a6c9908d363d93d1f44f7,DE,Germany,DE,vmess,websocket,tls,geo_resolved,fresh_verified,0,,1,http,1043
3a7dccdd7cb29f10d21a19208e052719b5850ae2bfa668f3b4bb4bd6445b4129,,Unknown,,vless,xhttp,reality,failed,failed_unverified,0,eof,1,,
3a888e10bf44c6d9e8dbc98b75aa28ff2905f84268383b23a1ed6057b9fe30a4,RU,Russia,,vless,raw,reality,failed,failed_unverified,0,eof,1,,
3a9286d0ffcb646ccd99641e81fe6439c448d01b1131151f75809fdf853a40c3,,Unknown,,vless,raw,reality,failed,failed_unverified,0,eof,1,,
3a9577fcea0b48a5ab1e64b41792cf80d50cc7689c1c1c8c5708711ea4acc7cd,,Unknown,,vless,raw,reality,failed,failed_unverified,0,reset,1,,
3a9c8faac068964e12ec481cdec7494907519c4b4955f7ba6dd1e92dbe75a3a0,,Unknown,,vless,xhttp,tls,failed,failed_unverified,0,eof,1,,
3aae4687a6dbf93257dc22ade29efc91530c08d6f7012ae1c1de819542c4760e,,Unknown,,vmess,websocket,tls,failed,failed_unverified,0,eof,1,,
3ab0030a95048fbc3709b3f633e540ae925fc6d15628767737681f63d168df4f,TR,Turkiye,,vless,raw,reality,failed,failed_unverified,0,eof,1,,
3ac0760a40f9335971dc3bf2a72d863ae3ef7c0f60016fc083efc24cd9ef969c,US,United_States,,vless,xhttp,tls,failed,failed_unverified,0,reset,1,,
3ad51034e2487e55c12f923217ac4b7eae77d202c036a2f46ecbd0b89f89945b,,Unknown,,vless,websocket,tls,failed,failed_unverified,0,reset,1,,
3ad7cfe3207cef074ccd890ad54527dc37d42012b64b9870728c08a3b871a709,EE,Estonia,,vmess,websocket,tls,failed,failed_unverified,0,timeout,2,,
3aeaeec2e0fa2e3f749a7896697e8be089388daa1abb8467de0095b77100bf06,RU,Russia,,vless,raw,reality,failed,failed_unverified,0,timeout,2,,
3afda5891b93538beb1c51244bf6ac71bde0a8cbfb73cde2eb626797d54c153f,DE,Germany,PL,vless,grpc,reality,geo_resolved,fresh_verified,0,,1,http,2122
3b21572c584d6685ffa9b205f40af3cd671466fad13ba169b1135d14f34053d9,US,Us,,vmess,websocket,tls,failed,failed_unverified,0,timeout,2,,
3b2bb9efc9b65777f63d0a60df687115b6c8dd7e5320ebbf8289fb553b8803a7,GB,United_Kingdom,,vless,raw,reality,failed,failed_unverified,0,timeout,1,,
3b30d8b3f94dc686e222a8a5497ad85055e87af5f7ce16ba2d445837ae1d23ce,HK,Hong_Kong,HK,vmess,websocket,tls,geo_resolved,fresh_verified,0,,1,https,1457
3b3a11128225c3ceffb95244d41274d702a721db117af7638f20b0ee199dcd28,SC,Seychelles,,vless,grpc,tls,failed,failed_unverified,0,eof,1,,
3b4b346b0f453812a9d400d74767858a33cfae6bb1c1169665e827c183ff34dd,GB,United_Kingdom,DE,vless,xhttp,reality,geo_resolved,fresh_verified,0,,1,http,3800
3b5436c7e4de9a34dea960d38bf4b2ba9fecc47d43ef3482be28a71dd39c5ca7,US,United_States,,vless,websocket,tls,failed,failed_unverified,0,reset,1,,
3b5663a946ca8718926511b0c5ea58a33a91a1ee459627b2c96583e27dd10ee2,,The_Netherlands,,vmess,websocket,tls,failed,failed_unverified,0,reset,1,,
3b5f80e0835bad109a105f8073de0b3e14ca5fc87fdfa2c68e9e3d1e034a1d2b,RU,Russia,,vless,raw,reality,failed,failed_unverified,0,eof,1,,
3b664f06c0b3240c52c34c294eea682f3223f88b6e8dcea311de6419b091c6df,,The_Netherlands,,vless,xhttp,tls,failed,failed_unverified,0,eof,1,,
3b67e72c26df5310cfa95cd401e17b5a06c52991f15fe7a5042d4c8457e433f2,US,United_States,,vless,raw,reality,failed,failed_unverified,0,reset,1,,
3b6a65c9ae17d8f2917582a13b96f0663ad9e6da262fd8125b2e5f132f4b07b1,,Unknown,PL,vless,raw,reality,geo_resolved,fresh_verified,0,,1,https,235
3b762f2a053f54d517e4259436ec80000701252d6d0ca501a31b22db1427aa64,SA,Saudi_Arabia,,vless,websocket,tls,failed,failed_unverified,0,reset,1,,
3b786e327cb49c3cf119eecd3d426dd0799a446e74d474a9a076d993dbc5153a,GB,United_Kingdom,FR,vless,raw,reality,geo_resolved,fresh_verified,0,,1,http,2773
3b99c49fb9e9d7d386c922f47a80ace9a21f79cb1ce36eb41134df676fdbbc68,RS,Serbia,,vless,websocket,tls,failed,failed_unverified,0,timeout,1,,
3bbbd5d8fc32a4d2efc707f222898b83fde742835c2bcc8b606a5c4a6598efe6,,Unknown,,vmess,websocket,tls,failed,failed_unverified,0,timeout,2,,
3bcb1241a1b0fa136e2358fc30d34a7b2c330d1f770fb9cc7ca5a113c32bcd88,,Unknown,,vmess,websocket,tls,failed,failed_unverified,0,reset,1,,
3bd32038f918136366dd12ea60906eb073aed9c394061883d1b02b026f57d7ea,US,United_States,,vless,raw,reality,failed,failed_unverified,0,timeout,2,,
3c00d99d043ffc25e347759fc0345af6ef8fcd7b19b7eb0b91daaa40ad4b5a68,IE,Ireland,NL,vless,raw,reality,geo_resolved,fresh_verified,0,,1,http,3092
3c03c39783f117318958ae92eabe5dad767c2641680ed2fcd88ae59596ca4c4a,DE,Germany,,vmess,websocket,tls,failed,failed_unverified,0,reset,1,,
3c0964064b40293275a5bc26355d5c9ba11ef73e626c2b1cffbe726d5abf34d9,,Unknown,,vmess,websocket,tls,failed,failed_unverified,0,timeout,2,,
3c18661047799e71f9dbe2ec74f1aad4bebb2a7a546a3d2c8ff816b01c95a1ea,US,United_States,,vless,websocket,tls,failed,failed_unverified,0,reset,1,,
3c218d36929953f48bc2860334755f863759fc36d2c7ecd20a7204521b18a7f4,US,United_States,FI,vless,raw,reality,geo_resolved,fresh_verified,0,,1,http,2156
3c22a5e0c459d4e0e1c254ffaf0b8a30a3c0bcacb16a148fc556106a02ff5592,,Unknown,,vless,raw,tls,failed,failed_unverified,0,timeout,2,,
3c2605fc81e97fe38a8d335d75700b31ffda195efcbcf3d9eb775660b2726e0b,,Unknown,,vmess,websocket,tls,failed,failed_unverified,0,eof,1,,
3c50215926d939f2d0dbeb62cdd12fb6f3379cd4c5ec7bf3aec04f7da157408f,,Unknown,,vless,xhttp,tls,failed,failed_unverified,0,reset,1,,
3c5f4e52f3ff18c180b9fc6b8839fbe30e253cf86ddef73c4592a2e14ecfcb94,,Unknown,,vless,websocket,tls,failed,failed_unverified,0,eof,1,,
3c642ddd6489e8b1aa6e01b965e50b39edc622d0f8fabc05b732b5e9e473538e,GB,United_Kingdom,IN,vless,raw,reality,geo_resolved,fresh_verified,0,,1,https,648
3c68398e7f8ac57f59c52a7bcdd3a23d89871101fd38438fabcd9de97a4a5f57,US,Us,,vless,websocket,tls,failed,failed_unverified,0,reset,1,,
3c6dc9cbf9fbf236854b4c65ce8d6e26afd06fd62a85a6f03de1b97a38a4dbd1,,Unknown,,vless,websocket,tls,failed,failed_unverified,0,reset,1,,
3c71c18613f9f0f127d1db61e4bd5c1e7c8ae6a0b18809e04f98bc413dc2070e,,Unknown,,vless,raw,reality,failed,failed_unverified,0,eof,1,,
3c79a4afba71f672ce385ebe702496ae297a5fffea53bf74f8a4cc9567e66758,BG,Bulgaria,,vmess,httpupgrade,tls,failed,failed_unverified,0,timeout,2,,
3c8270025d1af7084ec1b3bf0cca9bba031220ef131beed64005592894304fe5,HK,Hong_Kong,,vmess,websocket,tls,failed,failed_unverified,0,reset,1,,
3c91cfc7f5c5fa9b0772a8b63f5b6275a9a70d9d9e78c2a2d3df1caedc2914c7,DE,Germany,PL,vless,grpc,reality,geo_resolved,fresh_verified,0,,1,http,2123
3c9290699984afcb8a52a4b7678489e307cbb27beafb654004c21df18fa7fd0c,US,United_States,,vless,xhttp,tls,failed,failed_unverified,0,eof,1,,
3c954db9518ac6f0d65efd6a04c165842ed669f5f14f179bf41a72e948a1e33c,AE,United_Arab_Emirates,,vless,grpc,reality,failed,failed_unverified,0,eof,1,,
3c9a32266da0b5a2be9269cb074efa09f3570a5414e766576379400bdd4b4eda,,The_Netherlands,,vless,websocket,tls,failed,failed_unverified,0,eof,1,,
3c9c0d2b209ecab843fd6543a4a109e030d4fbdc140c5fe0238bd7ea0c4af639,,Unknown,,vless,websocket,tls,failed,failed_unverified,0,reset,1,,
3c9e865659141586b8fb9d501638631772b83260b7c1b731be707e1863fdba4a,DE,Germany,,vmess,websocket,tls,failed,failed_unverified,0,timeout,2,,
3ca0b5f2ceab1dcd2f4e64bbadfd820354b7943e8a03f153f0fe71dbd11b718d,CZ,Czechia,,vless,raw,reality,failed,failed_unverified,0,eof,1,,
3ccf88bc7184492a342ce992b2797b4175d8b3a8d62938b24625d5c428718a7c,,Unknown,,vless,websocket,tls,failed,failed_unverified,0,reset,1,,
3cd093808bf2df772147b435b3197713e3febb21bc3674953fbaef35c33f2a4b,,Unknown,,vmess,raw,tls,failed,failed_unverified,0,timeout,2,,
3cd981cb79362c71ec94a695feb97187a9469c56dc905eafa17aad4f96732111,,Unknown,,vless,websocket,tls,failed,failed_unverified,0,reset,1,,
3ce8d8690758b97fcd42f26dabb8b943ee066e2ef220c7036381dd325151bfbc,,Unknown,,vmess,websocket,tls,failed,failed_unverified,0,reset,1,,
3ce9fc167c78ba3f810485d1076893207b0915958f4a3f10aae4acb3d31366d3,PL,Poland,,vless,raw,reality,failed,failed_unverified,0,eof,1,,
3cf53f70d29ac7569a71b0896be93c25b7686fa2731c3206b2237e4bb1f5f810,,Unknown,,vless,websocket,tls,failed,failed_unverified,0,reset,1,,
3d1cb6f3c3bb2ae3639e59bf4eb1e19f9fc9be8811fbc50ab701350d3dde9a30,,Unknown,,vmess,websocket,tls,failed,failed_unverified,0,timeout,1,,
3d4ac742c3dd3b3892bb2510b9d65843e82a25b6f622cbc7c1837a714ff1eb15,JP,Japan,,vless,raw,reality,failed,failed_unverified,0,timeout,2,,
3d53b0addc5e40882c4d13a592716325afa554463a3ff2634744dc12e6da0dd9,,Unknown,,vless,raw,reality,failed,failed_unverified,0,eof,1,,
3d63ce32e4f159ce394682b75d515eaffbd80060adcf425a54b5fd60cd94e91a,GB,United_Kingdom,,vless,raw,reality,failed,failed_unverified,0,timeout,2,,
3d683a58c110ebd096fa6a17e1216508b45cb90d5803e0c33be1795efe953bd5,MD,Moldova,MD,vless,grpc,reality,geo_resolved,fresh_verified,0,,1,http,2435
3d7b0369274e449fbfd4936723d66808fe4bc43fe9d8ebe23a5edbb562b26e93,FI,Finland,,vless,raw,reality,failed,failed_unverified,0,timeout,2,,
3d8370b05a0deb3b9f8f38e38eebfaca96f2f5338ce46a87113e18b6024a12ce,,Unknown,,vless,websocket,tls,failed,failed_unverified,0,eof,1,,
3d8e5ab3afb7352a083e6837d032034541fd585c4b19e760257016aa811bdad8,LT,Lithuania,,vless,websocket,tls,failed,failed_unverified,0,reset,1,,
3dacda4a405df8a71d783262404c6391ef7b9a9962e0c3c8a33fb538a23a7561,US,Us,,vless,websocket,tls,failed,failed_unverified,0,reset,1,,
3db44520f30f5fadb75a7e962af34c0d9c268904ff420e686940e1508afb7a3b,US,United_States,FI,vless,websocket,tls,geo_resolved,fresh_verified,0,,1,https,148
3db46e48e81cb7e1feceeeb1a607695dccb17ec0c033ae5685353d8b930df1e3,SG,Singapore,,vless,raw,reality,failed,failed_unverified,0,eof,1,,
3db77fc0669809e1e5902ffe257a033b17df793bb9769c3e60fe88197662314e,US,United_States,,vless,websocket,tls,failed,failed_unverified,0,reset,1,,
3dbc9a7402cdbb7daacaa5774aba16ececad5cc654ed594c8da78edcf809d001,,Unknown,,vmess,websocket,tls,failed,failed_unverified,0,timeout,2,,
3dc1be2ecff39077c04bfebf2ba9c3219ae8b90bfe66c6d3e181612d4da2d9d7,,Unknown,,vless,raw,reality,failed,failed_unverified,0,eof,1,,
3dcc1c2234cc3eb1ccc16b11168b678b8b232763331788dffc5651ba87b868aa,NO,Norway,,vless,raw,reality,failed,failed_unverified,0,timeout,2,,
3dd661f302ebb921538c7382bbab8361d8dfe193473294408e5b81ef0a486c1e,,Unknown,,vmess,websocket,tls,failed,failed_unverified,0,reset,1,,
3dd6f87938c16b31fe774a6a5688c39b0735dff00f864e5d9b432aa04a0dc351,,Unknown,,vmess,websocket,tls,failed,failed_unverified,0,reset,1,,
3de4dfe5b872c083fc340f2c280e37b1b39b46df239e8f7f4b686b8f89064e2f,IR,Iran,,vless,raw,tls,failed,failed_unverified,0,reset,1,,
3df519351e301d318c595744bcbb3c39f4edabe8cf9757299f77ca2f4a03818b,US,United_States,ES,vmess,websocket,tls,failed,preserved_last_known,1,timeout,2,,
3df7b88784cfdc8b413662a0126ed11d81d34609f5acee3d00f52c5c0e2bd6db,,Unknown,,vless,raw,reality,failed,failed_unverified,0,reset,1,,
3e04d24fd172cabe9494e96d895d97d47dbb4f7d1f1b35994837badc52530ea1,US,United_States,,vless,websocket,tls,failed,failed_unverified,0,reset,1,,
3e1f0e1c46f76d41ffadf52a97fdd9c7dc619d31ef503cfcf6d2734ab1ff1876,,Unknown,EE,vless,websocket,tls,geo_resolved,fresh_verified,0,,1,http,1227
3e2ed1a8e7e69d9012b59daca992f84fc18bea975950d462cf0ef6ee781bc743,US,United_States,,vless,websocket,tls,failed,failed_unverified,0,eof,1,,
3e6402cd2c10af68db86c8ba63158b08cede3fecc9ad06a48ad55098cb04889f,KZ,Kazakhstan,,vless,websocket,tls,failed,failed_unverified,0,reset,1,,
3e64ed29731ea53db8ce89536a517dfa5b386593c71e4ee7836774d8e1d9bd33,GB,United_Kingdom,,vless,raw,reality,failed,failed_unverified,0,timeout,2,,
3e74966bdb8f1b74d913204dfb5d3e29c6de70e9ccb4d64f598af9936ad6b17b,,Unknown,,vless,raw,reality,failed,failed_unverified,0,reset,1,,
3e92e147b424fba54dea837cb6b26bc67e4e9f212e1492e56b8f2e7479df236c,,Unknown,HK,vmess,websocket,tls,geo_resolved,fresh_verified,0,,1,http,3440
3e965f984b57673172b98a3d9f7e2af3a44de5e49baf4873bf74bad2ae811623,US,United_States,,vless,websocket,tls,failed,failed_unverified,0,reset,1,,
3eaa2de9cde7324e630595173939ea4fd32bb671fe38fd7ba13bfc9a0b0b259a,,The_Netherlands,NL,vless,raw,reality,geo_resolved,fresh_verified,0,,1,http,2114
3ec225a2f9d38995a487fc7a7dffdea38d3aa4ade7a564520879f628a6662f0d,,Unknown,,vless,websocket,tls,failed,failed_unverified,0,reset,1,,
3ec6fa346986801f1a7dd0ce1006309fb9b558e9137b8536351c36b0c21a5f84,US,United_States,,vless,raw,reality,failed,failed_unverified,0,timeout,2,,
3ed1c8b2f8c09f23503cffa57ba2ec7b19189949668c3137be0340374d7d100d,CA,Canada,,vmess,websocket,tls,failed,failed_unverified,0,reset,1,,
3eecf39aba52c0c982ac71455aff35cd812dae95017c5bccb171ff8ac83d2943,GB,United_Kingdom,NL,vless,xhttp,tls,geo_resolved,fresh_verified,0,,1,http,3079
3ef6259761352e7efe5a58a77981704a71463b6b89748508ef8dcc18df94c6a4,US,United_States,,vless,websocket,tls,failed,failed_unverified,0,eof,1,,
3f1f0a2bad903514071cda2650710758d38ed896cc4ab5af7a96b0959ec1d5f7,,Unknown,,vless,raw,reality,failed,failed_unverified,0,timeout,2,,
3f2070c4eb2ff7fa2a9b69160c1d21c1a489acac32594586c126e2c8fdc3389f,EE,Estonia,EE,vless,xhttp,tls,geo_resolved,fresh_verified,0,,1,http,3182
3f2136c586263fc373d85bab7f77a1489dbbd0bff7e4a68970998feecdd3e8e9,,Unknown,,vless,xhttp,reality,failed,failed_unverified,0,timeout,2,,
3f255643125b7b812ec7da09ad04e9a794996676dc550ed673616262c800723b,GB,United_Kingdom,DE,vless,raw,reality,geo_resolved,fresh_verified,0,,1,http,4955
3f333117cb285445a8ad2cb8e96a98e0be40d72081a8d37714a245d2af3851c4,,Unknown,,vless,xhttp,reality,failed,failed_unverified,0,timeout,2,,
3f4e5b13b8f22f296db474b45af6a52f27f89da55ec807ad80ae37fbcc110ad2,US,United_States,,vless,raw,reality,failed,failed_unverified,0,eof,1,,
3f522c6d591ea7c91ed576b6c43b3d78c7be6de806d82bdb139027b02e014140,US,United_States,,vless,websocket,tls,failed,failed_unverified,0,reset,1,,
3f5746ac30e15f57f6fb61a0feadc67fe4a800dfe0d7d787a7422014572f725b,,Unknown,,vless,xhttp,tls,failed,failed_unverified,0,reset,1,,
3f8c7bdfe308bc2aaa3e5ed57a217c77a2d468ac8e39e8c0ac306a227d21ea4d,NO,Norway,,vless,raw,reality,failed,failed_unverified,0,timeout,2,,
3f93fa9d43dc529e3e0be820a293696e2fa404a43570e3b5677c06bf833d2f46,BR,Brazil,DE,vless,raw,reality,geo_resolved,fresh_verified,0,,1,http,2351
3f991693314c06d0d1bb88ee7c3bb8887dfdb5a42c2be64acdcfde21370efbda,,Unknown,,vmess,websocket,tls,failed,failed_unverified,0,timeout,2,,
3fe0a5bc9b47a96f0751b2f04f5000794f5dd141e07134cd0efb8190c73c2289,US,United_States,,vless,websocket,tls,failed,failed_unverified,0,eof,1,,
3ff2e91ed140b74bc03acc6e79a9ca14874613de8dc633cb7923dc8f12c88c9f,NZ,New_Zealand,,vless,raw,reality,failed,failed_unverified,0,eof,1,,
3ffd851912e2612577728b8678efa438b8d1498d0759703b42f34258ed5bc173,,Unknown,DE,vless,xhttp,tls,failed,preserved_last_known,2,eof,1,,
40076405c4f17b089825b492ac47928c7805bd67e7ee43d37b912ec334743bcb,SE,Sweden,,vmess,websocket,tls,failed,failed_unverified,0,reset,1,,
400db6d93c071adafcb4a881bc91b720a893bd24d5da7b2922e5fe58c24da356,US,United_States,NL,vless,websocket,tls,geo_resolved,fresh_verified,0,,1,http,1760
401155185c5ff2a2be478c74473641b8dcecdde5407c3f7d6a7fb31c5afa10cf,BR,Brazil,,vless,raw,reality,failed,failed_unverified,0,reset,1,,
401547adb28fd816ca188c6bc0dde437cd716c5512b2a31c760a9c9666cbbe74,,Unknown,,vless,websocket,tls,failed,failed_unverified,0,eof,1,,
40239bc6cee49c90530f6f38a63268569e2442a3c690863ff0b9c990ffe5e060,,Unknown,,vless,raw,reality,failed,failed_unverified,0,eof,1,,
4023b43e073aad8cd200d74129ea19afe9d1cbee35863c5ad5b3c9494aaa4049,,Unknown,,vless,raw,reality,failed,failed_unverified,0,reset,1,,
4024e8df47f23d2de6ca6e4266de8f53ef03cd96dcd60726fe0d0bf10a1c6cde,,Unknown,,vless,websocket,tls,failed,failed_unverified,0,reset,1,,
402ce331cb979aa04bc9a9bbabe62e3d7e320eb7b3c199d00147b7a92ce6601e,BR,Brazil,,vless,raw,reality,failed,failed_unverified,0,timeout,1,,
4034c5df8b717ef604fc5944f97ff5385beb78ee2f1148727bcce5891751cab4,,Unknown,,vless,raw,reality,failed,failed_unverified,0,eof,1,,
403cad4f1d09d65189ddc7ffef3aad2b572c28292e19d35cedb1c00568758b5f,,Unknown,,vmess,websocket,tls,failed,failed_unverified,0,reset,1,,
4050f36950e07c30f8c666a6a18fb4ee634e4f8cb38efcd3c2f154487a70e829,,Unknown,,vmess,raw,tls,failed,failed_unverified,0,eof,1,,
40607e96ac7b684160f4b431f66d66c9924687b25c9e5d33d33e3664c9fdf2ef,US,United_States,DE,vless,websocket,tls,geo_resolved,fresh_verified,0,,1,http,1253
4067cfd0a9aa7064264c78b34b193833c51106c6098bd58677c3a6edc7283be6,US,United_States,,vless,websocket,tls,failed,failed_unverified,0,reset,1,,
406f38534f81e67fe4284118242422bf4eecad8fb48d509c3fb2afc0ce1a1e26,GB,United_Kingdom,,vless,raw,reality,failed,failed_unverified,0,timeout,2,,
4083ee7b30a7ae20b05bcdca6563b8320eebc45d728821e31b96e38bd58c8d2e,US,United_States,,vless,raw,tls,failed,expired_after_failures,3,timeout,2,,
40884e72bf31b4dbac79f799889dddcc0af9f5a9a44389eb4328423009ff4530,DE,Germany,,vless,raw,reality,failed,failed_unverified,0,eof,1,,
409c47a5961ecdf4bf7f0205c9c9a93694db8c8ce197351aeab715b73f157079,,Unknown,,vmess,websocket,tls,failed,failed_unverified,0,timeout,2,,
40b62d4e3d7bf774088a680b4d2d5bd389ae58ad1e410b19751428171c98767c,,Unknown,,vless,raw,reality,failed,failed_unverified,0,eof,1,,
40bcf417845bc7f1265da44e7aae92206c8a294248308fcbadfa09537828929c,US,Us,,vless,websocket,tls,failed,failed_unverified,0,reset,1,,
40fc96ecf8d5ace59c7b31e1a117a56ec33e422ef4b3159086224db50fbd81bf,NO,Norway,,vless,raw,reality,failed,failed_unverified,0,timeout,2,,
4108e1e670379d876ba7a4654e1281bf1cce922833ff7b60dc30db01bfebea47,,Unknown,,vless,raw,reality,failed,failed_unverified,0,timeout,1,,
410c885ebd11190d7303b4cd579ae74021f8d9a40a58510bb4237f5ba5bd13c3,GB,United_Kingdom,,vless,raw,reality,failed,failed_unverified,0,reset,1,,
410dc962e10dff41001efbfba4bdb28105fde72471534e59abae3f071248a2eb,,Unknown,,vless,raw,reality,failed,failed_unverified,0,eof,1,,
411fc4436593e25c5e0f33424b6b8054a1f82b19a1e4f82d37fc95369c2e041c,,Unknown,US,vless,raw,reality,geo_resolved,fresh_verified,0,,1,http,2442
4127f9c15c4048b6e465ed48b1265499f944e76d8c9bb2fd3f23d453eb1aa397,,The_Netherlands,,vless,xhttp,tls,failed,failed_unverified,0,timeout,2,,
413b7953ac745ba0067a3545da6c85d3bfbf33b3b7f91ceaaded71a3ac1c3683,,Unknown,,vmess,websocket,tls,failed,failed_unverified,0,timeout,2,,
413f269f79f76a7bbc24f83abdad09c758522e116b02dc851159d6af97a123e0,,Unknown,,vless,xhttp,tls,failed,failed_unverified,0,timeout,2,,
4148ebadaf177385c14bf4240b225788e850157988d4f604159d7759c514c598,,Unknown,,vless,websocket,tls,failed,failed_unverified,0,reset,1,,
414c8fad991ae47f63ec68cdc5ed2338e6edabc8406225e548c5e8916a5783e9,,Unknown,,vless,grpc,tls,failed,failed_unverified,0,timeout,1,,
415227c692b40f4863038ec4f546166d98142199fed28e08ab4c4faa55d58170,,Unknown,,vless,raw,reality,failed,failed_unverified,0,eof,1,,
416198031b4b41ca050bd81a9962190b7ac97f7a0ee422c267dd8db7f4f831c5,,Unknown,,vless,raw,reality,failed,failed_unverified,0,eof,1,,
417012e76dc4fdffee1c6b284c5748ee254e27b96a03686c7d115b2ab491d7cb,US,Us,,vless,websocket,tls,failed,failed_unverified,0,reset,1,,
418833d863ff94f1b5a97bb085ed5d9a82c53d6902880edcd6553c2e3053210d,RU,Russia,,vless,raw,reality,failed,failed_unverified,0,reset,1,,
418d241cd9688ce14db1e69bc700b2360de5c018968115d6e7f9f7fc85357984,,Unknown,,vmess,websocket,tls,failed,failed_unverified,0,reset,1,,
4190ff955377ac7f1f88511be37a219c056a6d1ca66285a8ad5fe59864e5b573,,Unknown,,vless,xhttp,reality,failed,failed_unverified,0,eof,1,,
419fc3155e01ae8a8c358ce2d172e5a114ed2f27fd3fa06610c8d53ddc0721fb,US,United_States,,vless,websocket,tls,failed,failed_unverified,0,eof,1,,
41b147fb4ef12c073bc58de6df06e5f320bff0820b4792f3922deda291762200,,Unknown,,vless,raw,reality,failed,failed_unverified,0,reset,1,,
41bca9239eb8d6b09d18451f7ea539d936659deb860328512e4b7d4bab4dad79,US,Us,,vless,websocket,tls,failed,failed_unverified,0,reset,1,,
41cd1f570e6b08e703979e04835fc40207eb532ba298e5ad0696ee42cb2fa10e,,Unknown,US,vless,raw,reality,geo_resolved,fresh_verified,0,,1,http,2512
41e30322de98625dd17cc1598468b92795df258eeabb53cb7d66184a92ddaeea,,Unknown,,vless,websocket,tls,failed,failed_unverified,0,reset,1,,
420aec450fb142e2a039633149ae8980a7f36f086ea42e55686612524a3f9b7b,US,United_States,,vless,websocket,tls,failed,failed_unverified,0,eof,1,,
42382b74161bbad8dfe926128ed7a5cce439091ed15f57349a19667093fd7d9c,GB,United_Kingdom,DE,vless,raw,reality,geo_resolved,fresh_verified,0,,1,http,2343
42615e1efbe1854e2e0d15d4d8b899bc8d0e276302b97e38b29660304aff2098,,Unknown,,vless,raw,tls,failed,failed_unverified,0,eof,1,,
426c2180754640245d83a334f1a02df335e125577ac9ddd0aaba8acd49049900,,Unknown,DE,vless,xhttp,tls,failed,preserved_last_known,2,eof,1,,
42a1bd6c11c582a035148be9427debe79b061da4e169d257bd5f9834f8e53aad,US,United_States,,vless,websocket,tls,failed,failed_unverified,0,reset,1,,
42a43810a6f03f99c78864fbd673bb242b724c094fdec3ce1e0549c9cb6c8003,FR,France,,vmess,websocket,tls,failed,failed_unverified,0,timeout,2,,
42b409b4dc746171afd7b91df997f81e4d178c8887141f77797c4d84f55e2940,,Unknown,IN,vless,raw,reality,geo_resolved,fresh_verified,0,,1,http,3704
42b71f6725f12fd754c5fefd88ee014db5c20024ee1644c94d03a23c109c40fe,RU,Russia,NL,vless,raw,tls,geo_resolved,fresh_verified,0,,1,http,3219
42c38b55ab5e002ebfea2581ef03b821769543a692d49d5f6a3ed3cc83cf3806,MU,Mauritius,,vless,raw,reality,failed,failed_unverified,0,timeout,2,,
42c8775b67b957101f057abe009fb9048b46591445c4f5fcd4f8c3397177c781,,Unknown,,vless,raw,reality,failed,failed_unverified,0,timeout,2,,
42eebd0d1e79ab24efaf13e1fe382a3209cb4e42e043399a572dc7087fb9e329,,Unknown,HK,vmess,websocket,tls,geo_resolved,fresh_verified,0,,1,http,2162
42f030640aea0eb13a8f4c9084f1a4fcae61f4fe2f65cb077885b8f65d68ead8,US,Us,,vmess,websocket,tls,failed,failed_unverified,0,timeout,2,,
42f7e4b8f1acb14454a391317dd73a553d86a76aa3962c74dcc04ac2f0771f74,,Unknown,,vless,grpc,reality,failed,failed_unverified,0,timeout,1,,
42fcfede17bc7154b6475a816c8ce5db17562a661c2cbc4d329db3fbb3c4d211,,Unknown,,vless,raw,reality,failed,failed_unverified,0,eof,1,,
43303c958dc857664a1619595ee0d78984020ac91b54c9ee2f6f2b3b0f94330f,IE,Ireland,,vless,raw,reality,failed,failed_unverified,0,eof,1,,
433d3c971579df8a7862b059826bbc3077180675cc1de623139801775f29b0f5,,Unknown,,vless,httpupgrade,tls,failed,failed_unverified,0,reset,1,,
43500b523699b4d1bb548db0b86ef4c4b8e956cbd8b6a742411d11900cf8d372,MD,Moldova,MD,vless,grpc,reality,geo_resolved,fresh_verified,0,,1,http,2543
435b555b127f81f87c9497727158013e16e8a83eae52a0ca1352b29f4d9bbc0d,,Unknown,,vless,raw,reality,failed,failed_unverified,0,reset,1,,
436e68f43f54afcf2cef45b2eaaede1c9e196fc0d5175d51a477ffa67ba92762,US,United_States,,vless,websocket,tls,failed,failed_unverified,0,timeout,2,,
438e639816bc639ada283f552a1578336a41e41e4b21eac98a155d6b6520cc2a,,Unknown,,vless,httpupgrade,tls,failed,failed_unverified,0,eof,1,,
43a05da28cd87587ae54a7e87e3de14f57e7d7943b1fe46e57d00ab01be1a523,US,United_States,,vless,websocket,tls,failed,failed_unverified,0,eof,1,,
43a266c7dc007e45178c23e3bae2dc902e6026035385476ef937bada9f0d912b,IE,Ireland,LV,vless,raw,tls,failed,preserved_last_known,1,eof,1,,
43a6aa1261dfdbfef487908c4cc8a89f709f71ffecc7365af6b2d6804b43d68c,IE,Ireland,,vless,raw,reality,failed,failed_unverified,0,eof,1,,
43bc1e77fed5b0c2667fb38538b31ad16a1b51f50b3e6546eb26cf1d48ca35df,,Unknown,NL,vless,xhttp,tls,geo_resolved,fresh_verified,0,,1,http,2123
43c387af954d2438023092929357512a6f01df4dfe035638be6fbc7b31c8dcc9,US,United_States,AU,vless,websocket,tls,failed,preserved_last_known,2,reset,1,,
43d95f04a1be24ac43d0df88c99736d2f83c0b923664e70be3a43fccb007b2f1,,Unknown,KR,vless,websocket,tls,geo_resolved,fresh_verified,0,,1,http,3855
43dd1d80b6f90b2ae762616c182e76b7c34928407ed5a08587b2ac8d258074d4,,Unknown,,vless,raw,reality,failed,failed_unverified,0,reset,1,,
43e56003c8d111e1c196da871625fbb86230c961571b43ec17328088eccb2743,US,United_States,,vmess,websocket,tls,failed,failed_unverified,0,reset,1,,
43e85c3808dd04151509dfaba2faaba761f849cc8c45f9412d0bc8eba4d11b1b,BG,Bulgaria,,vless,raw,reality,failed,failed_unverified,0,reset,1,,
43eef2916a5d246c237fdec5cc7422bb13cabfcc1ffe3502c2165d5de7f16893,FI,Finland,,vmess,websocket,tls,failed,failed_unverified,0,reset,1,,
43f79e4ec7415149d9608a5af09b6dc26e623869202978900b202873fe3f1654,,Unknown,,vless,websocket,tls,failed,failed_unverified,0,eof,1,,
4411de8986aea5bb59eee569efeeed9afaae42062ffcd00727002cf7618e7d10,US,United_States,,vless,xhttp,tls,failed,failed_unverified,0,reset,1,,
4421271d6b6d2dfb310277f33eb7573e52882519d5824fadbd13ddd317e19e5e,,Unknown,,vless,xhttp,tls,failed,failed_unverified,0,eof,1,,
4424176b5e7d40b65d1f654ea64977b7d7710b5335c5b2a24f25f62c30049a6f,,Unknown,,vless,websocket,tls,failed,failed_unverified,0,reset,1,,
4431d5d0de1ded64488c9fb31ae9089445207facbf5d79f8e5faada9c57c53f5,US,United_States,,vless,websocket,tls,failed,failed_unverified,0,reset,1,,
4450d3df5ec9854ac865a8b2dd688ab83160d4b3be293c69f953eedf1962464c,US,United_States,,vless,websocket,tls,failed,failed_unverified,0,reset,1,,
448c36be9645b00596f10afce8956927e30732d7e80911120df98150a1aed2d4,DE,Germany,,vless,raw,reality,failed,failed_unverified,0,timeout,2,,
44a38fb15a313a63eacf03e42b9388c0390cfad4254808474a45e6059487cc6d,US,Us,,vless,xhttp,tls,failed,failed_unverified,0,eof,1,,
44a55a61bdff421fdf3de18272870c8a1d9536437fcdfcab798c6d0d1109e2b7,IE,Ireland,,vmess,websocket,tls,failed,failed_unverified,0,reset,1,,
44a678a1f75d37a85ace765d3d20977c796d0488ba9e174a63e24518b8a150d5,SE,Sweden,FR,vless,raw,reality,failed,preserved_last_known,2,reset,1,,
44bb695dc9ed1945b27394ac1d2ffbd0f486045d8d3efc645768c726fe510aec,US,United_States,EE,vless,raw,reality,geo_resolved,fresh_verified,0,,1,http,4278
44c44085dc572de3ee6bdd87598b3ca187fb382850c0feeb172be9b9fc62a8c3,,Unknown,,vless,raw,reality,failed,failed_unverified,0,timeout,2,,
44c7fbfe7420c4c7988b9881a8c50b02b30eb41bfb16b2f80d860bb65e5ec7b2,US,United_States,US,vless,raw,reality,geo_resolved,fresh_verified,0,,1,http,2463
44d270a5725bf734d3367179780f7bc20bbafb2670dfb30220980c8feff58b8e,RO,Romania,,vless,raw,reality,failed,failed_unverified,0,eof,1,,
44f9b43a93b394a12f44e272e6969f2d1baa59773252696fb5597586ccef7ab4,DE,Germany,,vless,xhttp,reality,failed,failed_unverified,0,timeout,2,,
44ff40cbe5a48bf3a1a8a8009d9b5c304e13a2700d1dd9de875a6a987e5c5d1c,,Unknown,,vless,raw,reality,failed,failed_unverified,0,reset,1,,
4500c6558309d4a0da68d354b1119d0b0fd2037c5fbe84f84b7eb10f0a2eb257,,Unknown,,vless,raw,reality,failed,failed_unverified,0,timeout,2,,
453616db80f69c8a908d9b171b6388d5e55a7cceb2fbc35972e6c7b3cc6ba221,RU,Russia,,vless,raw,reality,failed,failed_unverified,0,eof,1,,
4536cd18dc22ff988250eda58304a2fe1435ff834164a86d57769ccbf54fe5e5,,Unknown,,vmess,websocket,tls,failed,failed_unverified,0,reset,1,,
453d387e2efeda54f37c6df4b075fa11a834d9983a02fcd74950b3eb47f467a5,JP,Japan,,vmess,websocket,tls,failed,failed_unverified,0,timeout,2,,
45400d36058600dd21780a64af0fbbec4f9fc36b814cfe383d0155e0bf2d43ae,US,United_States,,vless,raw,reality,failed,expired_after_failures,3,eof,1,,
455b01bc512538e835c67c2eda12d7b94c4741035ec283dd2c28f2f15b4e5d2f,,Unknown,US,vless,raw,reality,geo_resolved,fresh_verified,0,,1,http,1388
45642a57228f3a3fcc3ecd3156fdf50f9cfa5024bc3c088b8f4351a5a4b88e14,BG,Bulgaria,,vless,raw,reality,failed,failed_unverified,0,reset,1,,
45b070c3170fa5054f299d317d2c8f34f3edf4a6cef1dae5716b86d38037dcb5,CZ,Czechia,,vless,grpc,reality,failed,failed_unverified,0,eof,1,,
45b4336fbc4d2353ac564f5b8bd323ce2653e0243a33be2e38ab8e1693cfd4ef,TR,Turkiye,,vless,raw,reality,failed,failed_unverified,0,reset,1,,
45d0d5fec4b17effe50be3bbcd2ca81dc514b1366f595d664d53f24f04a44e27,IE,Ireland,BY,vless,websocket,tls,geo_resolved,fresh_verified,0,,1,https,5828
45da78af38dea04a10a1a1890aae7248dcd5e8c8124ad9c42fcb665279d5e502,FI,Finland,,vless,xhttp,reality,failed,failed_unverified,0,reset,1,,
45f0220577c20c4c097565555532b678bab8626ff5f6c81a2c46b6f80b2dd038,,Unknown,,vless,websocket,tls,failed,failed_unverified,0,reset,1,,
45fbbeebccb157d66a6b5984c126b7ab5e77d6b143abe3a3f9b99e62d5dc5414,HK,Hong_Kong,,vmess,websocket,tls,failed,failed_unverified,0,timeout,2,,
462bf07c44ea27a04b4c28d62e40dfbd7bb1b7a5e10d4d69a9ba5995153ee3da,DE,Germany,,vmess,websocket,tls,failed,failed_unverified,0,timeout,2,,
462e6358741859101dc865c080c0647bf63a3323baa79b910b23555748d615cb,,Unknown,,vless,websocket,tls,failed,failed_unverified,0,reset,1,,
4637a03d4be17a93ccd5ba8447d19ab1902848f033d34f08b4ed40e8edd7304f,RU,Russia,,vless,raw,reality,failed,failed_unverified,0,timeout,2,,
4660a3777183c81d8f0611076e84b2b181bea6871023853a271581510a28864a,CZ,Czechia,,vless,raw,reality,failed,failed_unverified,0,reset,1,,
46629fa804849fe2ff08cd2a9eaca1cb3aeb23d64266c0430fabc392ef31b246,US,United_States,,vless,websocket,tls,failed,failed_unverified,0,eof,1,,
466b36699f5c23b53d9fdf8928f3abe7555b05bdc88a92bb2646809203667b17,SE,Sweden,,vmess,websocket,tls,failed,failed_unverified,0,reset,1,,
46981a80679c5242d98d2d7a3828a019598c21a547c1b334452cefd28ac2924f,,Unknown,,vless,raw,reality,failed,failed_unverified,0,eof,1,,
46a4011cfc206f8775a674b551851416e2a99a7b19f93d7e4ca4210c8015c92d,UZ,Uzbekistan,,vless,websocket,tls,failed,failed_unverified,0,reset,1,,
46aa548430b74f91e8140fb7c858fb05c263377dfe50d04802c2251d90eb6e35,RU,Russia,,vless,raw,reality,failed,failed_unverified,0,eof,1,,
46af02cb991c92df10bd553b568b23869ca6d2364f269a89fe8dd11c90f65b42,US,United_States,,vless,websocket,tls,failed,failed_unverified,0,reset,1,,
46b4af6d0960bf0094c9cc4502c858f746e0abf397d60c723d2ee504e94afbd1,,Unknown,DE,vless,websocket,tls,failed,preserved_last_known,2,timeout,2,,
46c554c81fef47b74e49b27382c547c055d1c6972535fb7f5e70cd1aaba06219,BR,Brazil,PL,vless,raw,tls,failed,preserved_last_known,1,eof,1,,
46c780a4f47691a728455a78b6cb60bb5144a396ece6394a656bba6a9c678626,CA,Canada,,vless,httpupgrade,tls,failed,failed_unverified,0,timeout,2,,
46d6a6697c26f75673dd792b06ef2c6db330a21ddff9aa6874053e30186acc8a,US,United_States,,vless,websocket,tls,failed,failed_unverified,0,eof,1,,
46e3e4c28a2557545be0753e03c9942be2131cbff04bf338dcb071c0b88eb8ba,,Unknown,,vless,websocket,tls,failed,failed_unverified,0,reset,1,,
46f11c9770cb141673cb590545893eb4d9313f1f0f1b832aa85edfd697408bc4,,Unknown,,vmess,websocket,tls,failed,failed_unverified,0,reset,1,,
4710582ec53d47146a42a54d712a07960ff9148e2fc1e4f87b947fe06ed92751,US,Us,,vmess,websocket,tls,failed,failed_unverified,0,reset,1,,
4720cd1335c8934205944f72922e144ae3b96739ccf59824146671619d2b3c61,,The_Netherlands,NL,vless,raw,reality,geo_resolved,fresh_verified,0,,1,http,2083
4725c5ff58043f78737ebb0a5ac2d45b015fa0f5ede669f53f26723deb055180,US,United_States,,vless,xhttp,tls,failed,failed_unverified,0,reset,1,,
4748ed2524ccb055404cdc8f0d534feedb75178551d46d3c3edc8f801acd0ab0,,The_Netherlands,,vmess,websocket,tls,failed,failed_unverified,0,reset,1,,
474f51f6af40003789677cf49fcef2af18812b1bb095fb0cd5f06910ca65fe52,HK,Hong_Kong,,vmess,websocket,tls,failed,failed_unverified,0,timeout,2,,
4770ba535cd180ec85a1ee46442b1e67d8f864dfd87b30c9eeae9e3789bb708b,ID,Indonesia,ID,vless,raw,reality,geo_resolved,fresh_verified,0,,1,http,1538
477abbe93247075e8032ec7afdb194dcbd8b54b656ff57a1a92e5eea20e431fe,,Unknown,,vless,xhttp,tls,failed,failed_unverified,0,eof,1,,
4794e689da20ee7b95518d62ed60a6b34777981e89624b8b601f147aa4b13a74,FI,Finland,,vless,raw,reality,failed,failed_unverified,0,timeout,2,,
479743f4c0b687123578dc1688da5e0e5c5033b195aefbb43fb388bba2e08d8c,US,United_States,,vless,websocket,tls,failed,failed_unverified,0,eof,1,,
479a8498a0ea5389fd1b3a3917684de9fcfa3331f613de729dcde2b783be3f43,,The_Netherlands,NL,vless,raw,reality,geo_resolved,fresh_verified,0,,1,http,2107
47a0fd19e976685fd963674da1a745bca069db063bd849380f083fce03355c46,,Cr,,vless,websocket,tls,failed,failed_unverified,0,reset,1,,
47a70566d3491a4226e797d183354d2a1d05be32454c7a2dfd49f52c42f60143,,Unknown,,vless,raw,tls,failed,failed_unverified,0,reset,1,,
47aaaf3b7f28f3026280f5dd0ec3e657e4848b2fe99aa1b4f9ab50bbf953750d,HK,Hong_Kong,,vmess,websocket,tls,failed,failed_unverified,0,timeout,1,,
47b91bf570610295c102a8428e272715a997960857db1fb91b3c6b26ea9b04fa,RU,Russia,,vless,grpc,reality,failed,failed_unverified,0,timeout,1,,
47ce8a1cce615268d3808cfe28f7677073a115925310774099cd0255f9e4f5a7,,Unknown,,vmess,websocket,tls,failed,failed_unverified,0,reset,1,,
47deb1295a9073c4b4f25609b8140d0027486d9e593d6c31a4b9b30f5272b14e,HU,Hungary,RS,vless,grpc,reality,geo_resolved,fresh_verified,0,,1,http,2172
47dee2026ad7e1b21d023dcb6c70b1c3313b577610c92aaa6be63569b6ac7558,,Unknown,,vless,raw,reality,failed,failed_unverified,0,reset,1,,
47e0f6e3c8d574c671ac8693a30d836379cc9070cc94e76d00219660793e8f90,US,Us,,vless,websocket,tls,failed,failed_unverified,0,reset,1,,
47e640d335b41531d0c5d9a12ca8ec0472889f37a14d78ebed33eadf8c22d76b,,Unknown,,vless,grpc,reality,failed,failed_unverified,0,eof,1,,
4808bf123fa4736929a6d8109f7a14c572d8debf681e988def876d1f3b333064,,Unknown,,vmess,websocket,tls,failed,expired_after_failures,3,reset,1,,
4834ea4aefd5d03977fe432b0f174871123dc32505f7781eab44373ff046e166,RU,Russia,,vmess,websocket,tls,failed,failed_unverified,0,reset,1,,
483f9831070b5b1002fcf1921027ab62843c2c78a50c2f4de4dcaf65f8826166,,Unknown,,vless,xhttp,tls,failed,failed_unverified,0,eof,1,,
484253635e16ccbc4166be64edc2aaa824236bd5a4f47f3fbc7238cd0e8abfe9,,Unknown,,vless,xhttp,tls,failed,failed_unverified,0,eof,1,,
48488a111fe1b30d3089f3616ae8e361539da9672b5cc6dfc0abcf1bfe548fb8,,Unknown,US,vmess,websocket,tls,geo_resolved,fresh_verified,0,,1,http,1428
484c4cfeb1c8c1e68335f8fec71d170c21544d6a11a8afaf017098921758e544,DK,Denmark,NL,vless,grpc,tls,geo_resolved,fresh_verified,0,,1,http,2074
484d01792d0e7e75cd619a48e86c06f60f363985048b1327abf41cdb53ce8f07,,Unknown,,vless,xhttp,tls,failed,failed_unverified,0,reset,1,,
48521d89cbc269f75b4bc53ebf913356a2712e2d54278e201e1b65ce707e7928,BA,Bosnia_And_Herzegovina,,vmess,websocket,tls,failed,failed_unverified,0,reset,1,,
485515c55bea8e0fe1cd449c3ad62c35cb6f6306abd9b7ac3db40dfae59e2409,US,Us,,vmess,websocket,tls,failed,failed_unverified,0,reset,1,,
488c69f91837545e2cf387c7454701070c617dbc852aef2388f7b7d9fc6c4a56,,The_Netherlands,,vmess,websocket,tls,failed,failed_unverified,0,reset,1,,
489777aafbc63d4503b1eb846868479ce6c436640ee62bdef2a66ab11530dd41,SG,Singapore,,vless,websocket,tls,failed,failed_unverified,0,eof,1,,
48a8cda280f3041a85b065025d00c372e3871fbb6987e3981f55b74756cda48d,,Unknown,,vmess,websocket,tls,failed,failed_unverified,0,reset,1,,
48b505b1c841608962bd5695a956606178d6e76c4410de58dd85c37b7bd675d7,US,United_States,,vless,websocket,tls,failed,failed_unverified,0,eof,1,,
48bb08d6dc737a1ffc8bf5b513762c853f01fbed51e0fd6a7f9bf0014a400a84,,Unknown,,vless,websocket,tls,failed,failed_unverified,0,reset,1,,
48bc3f6b9c33ed8ac660f3dcdd52b76cfbcb3aa629192a93957f3e0ab297a456,,Unknown,,vless,websocket,tls,failed,failed_unverified,0,eof,1,,
48c294b0f2c4b2503881cc84a6fa9e674670b4c6fe0d1e40fdf6b207c2741304,US,Us,,vless,websocket,tls,failed,expired_after_failures,3,eof,1,,
48d3e3234fa59cb184f209a476fd5bf54099156981aeb2b2bd66757ca75563d8,,Unknown,,vmess,websocket,tls,failed,failed_unverified,0,reset,1,,
48d70fbc085e895e3beaa6f56c9a2757bc163a16672238249717f35cdbef3d6d,US,United_States,,vless,raw,reality,failed,failed_unverified,0,timeout,2,,
48e7dc4d4abd5dca8e60ed2defaebded0ba13d7620beeaad07fd4421b81fa3ff,US,Us,,vless,websocket,tls,failed,failed_unverified,0,reset,1,,
49061912ebb5916d9a32ffa8a46088e7954c315bf41ee8a311201db380e89515,US,United_States,,vless,websocket,tls,failed,failed_unverified,0,reset,1,,
490de08baaf9ec562df999530a3df5153d8f7d17a06ddeab424f770df54e9a1a,BR,Brazil,,vless,grpc,reality,failed,failed_unverified,0,reset,1,,
4910aea14a6076c4ae6acae5a849365a3df24984a4bcc26612f9892638f036c8,DE,Germany,PL,vless,grpc,reality,geo_resolved,fresh_verified,0,,1,http,2114
491563dc969736628d415428e68a4a8a856f5e8b2e2a580c35ae280feec6c008,,The_Netherlands,IN,vless,raw,reality,geo_resolved,fresh_verified,0,,1,https,3929
492a291e44de251d88cc2502015d63799da431d51ba6a4aa080e64ff2298455c,US,United_States,,vless,websocket,tls,failed,failed_unverified,0,reset,1,,
493d586e927e2b6b79c80692ba1604a8aedbb85f71bf110b46f448cfa12bce3c,US,Us,,vmess,grpc,tls,failed,failed_unverified,0,reset,1,,
49555f12749e28cb51a1f1f0ad2f38a2728ce1835620ae8345af22f053001581,,Unknown,,vless,raw,reality,failed,failed_unverified,0,reset,1,,
4972199b6711c43f920c5641c8f2fcd32b7775cc6bd915d6131d62fc636e820c,US,Us,,vless,websocket,tls,failed,failed_unverified,0,reset,1,,
49746390dfa0a1a0cbadff0215198a23267dec5e7cf9d62fe55b60b74872342e,,Unknown,HK,vmess,websocket,tls,geo_resolved,fresh_verified,0,,1,http,2494
4976a89ebac04cb42ad651a9db39018b7abe88fe61ebf5e1728d5fd4b50d5c50,BR,Brazil,PL,vless,raw,tls,failed,preserved_last_known,1,eof,1,,
49777606481eb128fee867bb34b92c9decbf6eda7e5543acbdd6757f445d8ef6,DE,Germany,,vless,raw,reality,failed,failed_unverified,0,eof,1,,
497974d80b50190262a4d47557b9a3e63ebd2c1a868d2030b77f75f61f77db84,,Unknown,,vless,raw,reality,failed,failed_unverified,0,reset,1,,
4985885ded649b448b6eb3f95e7cbb974358027058db30a69a01470002d62f09,,Unknown,,vmess,websocket,tls,failed,failed_unverified,0,eof,1,,
498712fb68ff728e0e817161e4b283e438395a68f49655e860907f5b95719730,US,United_States,NL,vless,websocket,tls,geo_resolved,fresh_verified,0,,1,http,1196
499088f9b58e19c42aab779bfd114fcdda95a57a73c6a383adaec7a6691dd937,US,United_States,,vless,websocket,tls,failed,failed_unverified,0,eof,1,,
49a252c73dcbeefc44c505081f67fe8d5ba54e50d15ba261af196bd11ec59a60,HK,Hong_Kong,HK,vmess,websocket,tls,geo_resolved,fresh_verified,0,,1,http,2966
49a553000d7743a2ad3055c01f8917e6d4157ef54df3ceeca4d713742124dcd0,US,United_States,,vless,websocket,tls,failed,failed_unverified,0,reset,1,,
49a555aa21b1dae94ee772ff657e957d04fb6d82f833f31a81ef6da54f5593c8,US,United_States,,vless,raw,reality,failed,failed_unverified,0,eof,1,,
49d144088bec1c4471f4ad559a70e6272961854007320f77f2671608a3284a96,,Unknown,,vless,xhttp,tls,failed,failed_unverified,0,reset,1,,
49d9abca20bc3246377f17b801cb29ca710d1c0293b8867af4ef04733217edfc,,Unknown,,vmess,websocket,tls,failed,failed_unverified,0,reset,1,,
4a01dc9345aaa72e97b24fcac3298335d20639e40d2f4f6c77d6cc457e271ca2,RU,Russia,,vless,raw,reality,failed,failed_unverified,0,timeout,2,,
4a0223908e43a7a04280741e3c4b0b58f9bdf05d235b8d9402d515c9eb2f9dd4,US,United_States,,vless,websocket,tls,failed,failed_unverified,0,eof,1,,
4a0a879ee8566ac0c9cc42586e9d0206704e0c4496edf6f6177df03ada9636b5,US,United_States,,vless,websocket,tls,failed,failed_unverified,0,reset,1,,
4a23c42d7c72348618894b333e67bda378c0b2d6d00f826bf4ac3b9d5156b9e7,LV,Latvia,,vmess,websocket,tls,failed,failed_unverified,0,reset,1,,
4a410d5af0a42421f6f044850d6f06b09d04237b25319afd9e45196085ef96b8,,Unknown,,vless,websocket,tls,failed,failed_unverified,0,reset,1,,
4a4f4ab337cf2dd64970c0ecfcca8e245023ff108126fd2744ca0b537e411ea5,DE,Germany,,vless,grpc,reality,failed,failed_unverified,0,eof,1,,
4a4fd4eacbf6b38d66b326baa53bc37f170a05894e5f5e1140388acc66d6b7ec,IE,Ireland,BY,vless,websocket,tls,geo_resolved,fresh_verified,0,,1,https,6631
4a547415b87292480b97904008bcdddff299eed2aa944c9c2e4015360d3ce462,,Unknown,,vless,xhttp,tls,failed,failed_unverified,0,eof,1,,
4a823fb9b23e5ddcdf962e387d783eebd16041cd1e716979b52ad5cc692ff2a5,US,United_States,,vless,websocket,tls,failed,failed_unverified,0,reset,1,,
4a901647e9553a32c137594ec80159bc4c06006036bfa15fddf6ff1ef1f4418a,,Unknown,,vless,raw,reality,failed,failed_unverified,0,eof,1,,
4a9af40156b9dae559c6b174448eb19d98e2866fa98126628fbd4546593404e2,,Unknown,HK,vmess,websocket,tls,geo_resolved,fresh_verified,0,,1,http,2334
4aa244a27544215fd990f3557b0272299ec688e9079ea7cfafc0b3e853b727f5,GB,United_Kingdom,,vless,raw,reality,failed,failed_unverified,0,eof,1,,
4abfdb26dd4c9cb73267e0b211a3e8fdc32c9d5886695069ae45ee2a2212eeff,GB,United_Kingdom,NL,vless,raw,reality,geo_resolved,fresh_verified,0,,2,http,3765
4acca3f1c5af524d757b0def6debcd3731cbbaad88e423842fe0ac83bc9de3b7,DE,Germany,,vless,xhttp,tls,failed,failed_unverified,0,timeout,2,,
4acd4d7a32c10a3b69e92ad0c8554eadfa94b334591975cb8a691cfd19f27957,RU,Russia,,vless,xhttp,reality,failed,failed_unverified,0,timeout,2,,
4acf915e2c4935f25b9e1e451197668733568a396faca516596e81e0161066f2,US,Us,,vless,websocket,tls,failed,failed_unverified,0,reset,1,,
4ad3b6b588cba1dd1308baca765a55df4ab0b0199722e0d27b4e8cec9cd4bc6e,GB,United_Kingdom,,vless,raw,reality,failed,failed_unverified,0,reset,1,,
4ae6feb36dcd52741b11b391391582c0c17c47043a0fa75b9438e25e31897924,US,United_States,,vmess,websocket,tls,failed,failed_unverified,0,timeout,2,,
4af1c5f5e3acf142e0c3aab5ceb76fa51eede383ece4ab4570a91a4b2b33814d,,Unknown,HK,vmess,websocket,tls,geo_resolved,fresh_verified,0,,1,http,4568
4b0f75b1a3fa8ec212eecf645aeccd1914157bd2ffae01e29d0abf5a0eaa27f7,,Unknown,,vless,raw,reality,failed,failed_unverified,0,reset,1,,
4b28ebb2d966c48cafd8b5640b4a7d06e4c6f4b9f5e6cffd1c3e5aeaae359fc8,,Unknown,,vless,raw,reality,failed,failed_unverified,0,eof,1,,
4b49b64a890bd26160f414dc1730c565315f818c86a1e80ded44a529b4559e4e,ES,Spain,,vless,raw,reality,failed,failed_unverified,0,eof,1,,
4b51b9adc52f55828d76b5fddb7f7255780a2f506a50b4b29036a9fb12365553,,Unknown,,vless,raw,reality,failed,failed_unverified,0,reset,1,,
4b660e255de633fc7e0e19332c25925d9cf8a14c4e1dc0c311590c2458f9d3b7,KZ,Kazakhstan,,vless,raw,reality,failed,failed_unverified,0,timeout,2,,
4b709217669ab4df6779daeea1f7ebd486ebda278dfc27afa7a0ded792ed216e,US,United_States,,vless,websocket,tls,failed,failed_unverified,0,eof,1,,
4b8590ea6ee841b16ef08317c97829075df9e52275ec58ad735a726cd53804cd,US,United_States,,vless,raw,reality,failed,failed_unverified,0,timeout,2,,
4b99173bb929b7f0073daaeba9f993703ccbd6ccc3cd4882d7bfa554486656d2,,Unknown,,vless,websocket,tls,failed,failed_unverified,0,reset,1,,
4bb5fa6334e92e065bef1b5fa6e2b8b4dff6394094910b25fff7bc273510655a,,Unknown,,vless,raw,reality,failed,failed_unverified,0,reset,1,,
4bca1aae11a022ec04cdee78147639cc3d76c639068219ad07d4bb1bbdf6d54c,US,United_States,,vless,xhttp,reality,failed,failed_unverified,0,timeout,2,,
4be0240ad5f83fbfc5d18ccb4f24af3cf7dff1db7748faf6c5cd2898134b3014,GB,United_Kingdom,,vless,raw,reality,failed,failed_unverified,0,timeout,2,,
4be65aa430fefd43fde46795a8028c3d73faa70a9966509cbc4a500a255d7d93,US,United_States,,vless,websocket,tls,failed,failed_unverified,0,eof,1,,
4be85c64f6454ed0ffacf1e92240bfef36a9cb4c85e5f2a4b625c16cfeead4dd,,Unknown,,vless,raw,reality,failed,failed_unverified,0,timeout,2,,
4bf436f841abe9c5837d0d69f0d69d1f0a0e31c9447c592f9ceba48b90046ccc,CA,Canada,,vless,websocket,tls,failed,failed_unverified,0,reset,1,,
4bf503a5286d9cc77ffbe89d434894674958cc669db487bbad360ce3c9941448,HK,Hong_Kong,HK,vmess,websocket,tls,geo_resolved,fresh_verified,0,,1,http,3241
4c006a6cb49810985051609cd9fe970b6db866af8abb8a6bcb86be5fa05f6d77,DE,Germany,,vless,raw,reality,failed,failed_unverified,0,eof,1,,
4c12d33cf73f175dd10f2b97ce3d74c2969a11b72e2e2d42c6119804cc4806d8,GB,United_Kingdom,,vless,xhttp,tls,failed,failed_unverified,0,timeout,2,,
4c3b4925b1d6b2d601e2195a3c7de9fce257961eb31c64d0615d1bf7fcc2db73,GB,United_Kingdom,,vless,raw,reality,failed,failed_unverified,0,reset,1,,
4c635958ff56c52b0d6ab4c70914652a0e842633dedb9886e875080ff709f633,,Unknown,,vless,raw,reality,failed,failed_unverified,0,reset,1,,
4c685f38245e64fa08a5852dc4f6e9db88aa86437411901bb27b1605881ebe3a,,Unknown,,vmess,websocket,tls,failed,failed_unverified,0,eof,1,,
4c8afdcda9bdc83e2add6702e97854aaea4256c7b956a0c92f9866f695a652a8,,Unknown,,vless,raw,tls,failed,failed_unverified,0,timeout,2,,
4ca2d1fc6ff220ca8e5df064b0064ee9f68060ea718f8310e6248d6cccdc3cdf,BG,Bulgaria,,vmess,httpupgrade,tls,failed,failed_unverified,0,timeout,2,,
4caf48b0a7158aa426e0acc620e47aa3b3517352f4d207e1af596c1113d6ffdf,,Unknown,,vless,websocket,tls,failed,failed_unverified,0,eof,1,,
4cb7700346cb43d640a1bcadcd0eb5a78cd8e9ffe7eee4a54c6d27375a776248,US,Us,,vless,websocket,tls,failed,failed_unverified,0,reset,1,,
4cbf8eef270fe42723ae411726f6ac60f40e787533bdb9d403ca6643825e27d5,MD,Moldova,MD,vless,grpc,reality,geo_resolved,fresh_verified,0,,1,http,2247
4cc18f89bc91bc978122cc9d0b3a0efc192741361ea3febe9b89132b6fec1253,,Unknown,,vless,websocket,tls,failed,failed_unverified,0,reset,1,,
4cc1c73fc19a14173d5ceab4b9dc561dc9487784c44ca16c80910d7a6008ca81,FI,Finland,,vless,raw,reality,failed,failed_unverified,0,timeout,2,,
4ccac51173cf77c127371b372c540f1b1671389f7b3ad974ffe1a131b168676c,,Unknown,,vless,xhttp,reality,failed,failed_unverified,0,timeout,2,,
4ccc7f59399285101f680a0065439d0acc73dbee99fb20db026845183f9a6bac,GB,United_Kingdom,FR,vless,raw,tls,failed,preserved_last_known,1,eof,1,,
4cd31837055df1b7478114108792e41a343340c5ddd7adeeb74c8de6701d2c7e,,Unknown,,vless,grpc,tls,failed,failed_unverified,0,reset,1,,
4ce2605e43000dc0397198de7a1877c953aa2c134397d78359fb913333cd6fb4,,The_Netherlands,,vmess,websocket,tls,failed,failed_unverified,0,reset,1,,
4ce481f92419dc6a6499864bc1a0e9a99f721540665278d2162c52dae59d14e2,FR,France,,vmess,raw,tls,failed,failed_unverified,0,reset,1,,
4ce7f85cf0e97051d42b46364c3dd6a61459e7ffb27e3eee2477650b4cc052d7,,The_Netherlands,US,vless,raw,reality,geo_resolved,fresh_verified,0,,1,https,4562
4d07cab672f2805fcf88a106220ec59a9bac90580ae14df98ef598ce0f6f1d92,,Unknown,JP,vless,websocket,tls,geo_resolved,fresh_verified,0,,1,http,3556
4d2b4bc0919ca7e521dced60552b727f63a2e3d2c9b9bcb48b387660a803d462,,Unknown,FI,vless,raw,reality,geo_resolved,fresh_verified,0,,1,http,3262
4d3a48240239114864278295c880d8e2e6bd2a079850e7fc33ffc95a203b75b8,CA,Canada,,vless,xhttp,tls,failed,failed_unverified,0,timeout,2,,
4d42c5cd780bbde44acf4bbfc298381914ef2e9b57474f3ed901314578bc8a3d,US,Us,,vless,xhttp,tls,failed,failed_unverified,0,eof,1,,
4d4f6373dca2d10ead373942ce9224e588fb6965a795a09c597a87824c1743a2,BR,Brazil,,vless,raw,tls,failed,failed_unverified,0,eof,1,,
4d962ce520e66f9ea485901561b6eaf2c76dda63ff8ac1c77fe408590a919568,GB,United_Kingdom,,vless,raw,tls,failed,failed_unverified,0,eof,1,,
4da12b392c2e7f4b853ad59182368e4dfc2f3eb68e1da418e2d6530895e6f09b,US,United_States,,vless,xhttp,tls,failed,failed_unverified,0,eof,1,,
4da4c78f25abb8d3319a23ba0445014324e07ff18b3edcb620bc3496f6a4040d,US,United_States,,vless,websocket,tls,failed,failed_unverified,0,eof,1,,
4da98749beb2503e97dc1fe3aa21096d0e1b75533cc2a6e1d914f4edb07363df,,Unknown,,vless,raw,reality,failed,failed_unverified,0,eof,1,,
4dab75a58c102e5899c7debd0b5b3eccdf4d102a300bd38047945ae017328938,US,United_States,,vless,websocket,tls,failed,failed_unverified,0,timeout,2,,
4db7e7c0639cf9251aad046670c3417c634bda629219ef82be57e5d6e4d99c9d,CA,Canada,,vless,websocket,tls,failed,failed_unverified,0,reset,1,,
4dcb80e053fe89e9574cebd7b8073214a2c21ddc2d54d0088a32306fbae9d055,US,United_States,FI,vless,raw,reality,geo_resolved,fresh_verified,0,,1,http,3524
4ddc4b5edd99139353672257bdc4eb03ae6f7f28e50ab0d3e5483ff1c0beeb1f,ES,Spain,FI,vless,raw,reality,geo_resolved,fresh_verified,0,,1,https,947
4dfc4cf6d6f5397b2885c1ad2f787239754d3b44bc50a2695c863f448beffbcd,,Unknown,,vless,xhttp,reality,failed,failed_unverified,0,timeout,2,,
4e0718b3fa75cb857bf154cd15b744bc7211a7c0b44b878bd28a8e6aa196fb65,IR,Iran,,vless,raw,reality,failed,failed_unverified,0,timeout,2,,
4e0bb0dbdf49e5c93e89f7e690ce5d402474510b7232aaebdc18a6cdeca84c0d,DE,Germany,,vless,xhttp,tls,failed,failed_unverified,0,reset,1,,
4e0cc9cef113c44dd3554d9510110d46df9e13214a5597c524c6a1c457df30b4,,Unknown,,vmess,websocket,tls,failed,failed_unverified,0,timeout,2,,
4e1514d4296d3ebaae3d08496aa38bc872e321a5633133a14c0f6a89389995e6,RU,Russia,,vless,raw,reality,failed,failed_unverified,0,eof,1,,
4e1549b9142864eeec8e2763d229a4a981e4bc2b493842d43f86a159e3769d0e,,Unknown,,vless,raw,reality,failed,failed_unverified,0,eof,1,,
4e244e6d5d299f7f62f2770eb43d8f0d1b841f0c8e219774aed48908858543a6,MD,Moldova,MD,vless,grpc,reality,geo_resolved,fresh_verified,0,,1,http,2398
4e26c3999c67467908a1ce5dcbe9b19d9062830f431c77cc77bd07babaca813a,US,United_States,,vless,raw,reality,failed,failed_unverified,0,timeout,2,,
4e27a66b0b134470d88ed1ef44eba0b194eff2db64ba08941b80b7033401095f,,The_Netherlands,DE,vless,raw,reality,geo_resolved,fresh_verified,0,,1,https,5566
4e28a8290e77e379971c0e40d293218ad50eba1fc93d1ef9a7ab4d6ecdb77eeb,GB,United_Kingdom,,vless,raw,reality,failed,failed_unverified,0,reset,1,,
4e3d6d90acaa57f60eff053a222cd86549a8bb78e2ec321ca0bf6ded48de8997,,Unknown,,vless,raw,reality,failed,failed_unverified,0,reset,1,,
4e46d3e8164ab9cf07ee0fce5b23f90961c73357a99989a4b753d232b20c8fd8,US,United_States,,vless,websocket,tls,failed,failed_unverified,0,eof,1,,
4e54852e7b802e6036d32136227f37ebae75ecb14acd9c2be3aed7d87235aca2,,Unknown,,vless,websocket,tls,failed,expired_after_failures,3,eof,1,,
4e605e5eb82c50702d7b333b9c22edafa2b9d1150ff219474d1ea600d02c8f93,CA,Canada,,vless,xhttp,tls,failed,failed_unverified,0,timeout,2,,
4e692993cb5fd318236ec7614ff74789d69fbb2909c67769b9f8da38051ff306,FR,France,FR,vless,grpc,reality,geo_resolved,fresh_verified,0,,1,http,2081
4e6f1034b79ef622c95fff552cb57b01b77db15ae869b2b34d92e66eb50c2bdd,,Unknown,DE,vless,raw,reality,geo_resolved,fresh_verified,0,,2,http,2870
4e7314a356b19addab28d459d0eca30e4b0cd42452187e6d5d3077bfdeffb7a6,GB,United_Kingdom,FR,vless,raw,reality,geo_resolved,fresh_verified,0,,1,https,3456
4e8bd2df99d088cec8d53b31ebeaca3b645007068224f54faebf85486c91eaf4,,Unknown,,vmess,websocket,tls,failed,failed_unverified,0,eof,1,,
4e8dbff1d072aeeee996b00d21c1c47b7d7c21a7251880ffec8d85cb194c7d4b,,Unknown,,vmess,websocket,tls,failed,failed_unverified,0,timeout,2,,
4e8e83581398e11d00ee9e568b708626adc8d1de423c9e5d141dc26b1a0c82fd,IE,Ireland,NL,vless,raw,reality,geo_resolved,fresh_verified,0,,1,http,3092
4e8f2d46a3306c64a960dc2ea3294febc278037137e8d61235dd560a863386fd,US,United_States,US,vless,raw,reality,geo_resolved,fresh_verified,0,,1,http,2293
4e91d6bd2f163cad21eb52aa130f6ed1c0d7cef8cfac67bf45e900a959ae511a,US,Us,,vless,websocket,tls,failed,failed_unverified,0,reset,1,,
4ea8f503e8af6d7c628b0f5b15e03efbb57ec20b3462063e27bedfdfbddf8ae0,,Unknown,,vmess,grpc,tls,failed,failed_unverified,0,timeout,1,,
4eb2aed44890213c7f9786296b0e56e875483f0d61c4b37a5034a4a32600949a,US,United_States,,vless,raw,reality,failed,failed_unverified,0,eof,1,,
4ebc7394824d2229ef5a2cc99c581c614af3c43572f301eed4d7ee9997728a71,US,United_States,,vless,websocket,tls,failed,failed_unverified,0,reset,1,,
4ec3070897474e2c9dc90213d8296c9278b038c98140bc1e0bd3dfd43172d5d4,US,United_States,,vless,websocket,tls,failed,failed_unverified,0,reset,1,,
4ecb936e8ba7cebcbb7c08cf0800db1d7f5293752828c746430f4b46586c9970,GB,United_Kingdom,,vmess,websocket,tls,failed,failed_unverified,0,reset,1,,
4ed24832542fca98815c7b79ced76cdb2302ee800beb5cc9ba3b6c0ff9c8be40,US,Us,NL,vless,httpupgrade,tls,failed,preserved_last_known,1,reset,1,,
4ed7b9ddd461c918ae7252932523d714d8052374e6e5385301475170f8a29553,US,United_States,,vmess,websocket,tls,failed,failed_unverified,0,reset,1,,
4f0496947cebea700faac85220899c7f04850549546c54c77e1180ad9b07c887,FR,France,IT,vless,websocket,tls,geo_resolved,fresh_verified,0,,1,http,1587
4f309ddc1ca7f8383310c575e349b5710ed22815d734724631a0e5f266b9fe9a,,Unknown,NL,vless,raw,reality,geo_resolved,fresh_verified,0,,1,http,2279
4f30eae1b0a03122438e57abba15dfd583a507111e28eaa80cda80c39d09e816,,Unknown,,vless,websocket,tls,failed,failed_unverified,0,eof,1,,
4f3d279f4aac8920b7343dfe0088515e8b8b115beb408e8d962999ac840229f0,,Unknown,NL,vless,grpc,reality,geo_resolved,fresh_verified,0,,1,http,3003
4f6289c68fbd2775f7e56d6986bcde01328d12eae9ecf1ac5f923348d119becf,,The_Netherlands,NL,vless,raw,reality,geo_resolved,fresh_verified,0,,1,http,2047
4f6f7cd5c5718ec39406fcaf08e65f3f66034edaf142606407c7a2962a91f649,,Unknown,,vmess,websocket,tls,failed,failed_unverified,0,reset,1,,
4f7c19d1a8e69610a80185b37e1c41930fc9f28ee00dc8cc78f94124e421260d,US,United_States,,vless,raw,reality,failed,failed_unverified,0,timeout,2,,
4f9b27b090a4a68f2359460f8916a726747e6a806665cae09fc529a21434af02,US,United_States,,vless,xhttp,tls,failed,failed_unverified,0,eof,1,,
4fa06b0569e1c70ad6bc481a2d5e511e7832c0111a668723fb6dc3c86f67fd64,US,United_States,US,vless,raw,reality,geo_resolved,fresh_verified,0,,1,http,2308
4fa4759c1ad9801adcd58319fffdc304461bf9f80e5a119dbbf2f95f23010081,DE,Germany,,vless,raw,reality,failed,failed_unverified,0,timeout,2,,
4fbc3368487674196f9e926b0eb5818cd2c08aba77a780e2763007abe302c7be,,The_Netherlands,IN,vless,raw,reality,geo_resolved,fresh_verified,0,,1,http,4995
4fc8bb9651a07e7db2e79afd2750a78d0b91d018bbdd95b9ff6f8b200fa8b17a,,Unknown,,vmess,grpc,tls,failed,failed_unverified,0,timeout,1,,
4fdafce050ce7b2771782cc908334c6ebc099fe6147a76fbe1abe45e697283a8,,Unknown,,vless,grpc,tls,failed,failed_unverified,0,reset,1,,
4fe5898166fc10cc046149812e66c4a377ce8d41dff9350507a70c6631d2f5a8,,Unknown,,vmess,websocket,tls,failed,failed_unverified,0,eof,1,,
4fe9059925e53ec85623d42007597cc5df84e2dfd1cc00c0b106046fbedd533c,MD,Moldova,MD,vless,grpc,reality,geo_resolved,fresh_verified,0,,1,http,2424
4fff9e9cba6fcce3e91bf3d53d8189505b395e338197364efa5110d55bf60a4b,US,Us,,vless,websocket,tls,failed,failed_unverified,0,reset,1,,
5013e567996acbbed383676918b5623bee4e5bb3671130a5943bfe37523450c9,RU,Russia,,vless,grpc,reality,failed,failed_unverified,0,reset,1,,
50248d022faca863e9f0c61682f2423f8ef14812060eca1f8969966c36f59b81,,Unknown,,vless,raw,reality,failed,failed_unverified,0,reset,1,,
503eb7b81b5d212cb6fb361056dcc100fc5ccb58cfcdbe8e1ea2f2395346462e,,Unknown,,vless,raw,reality,failed,failed_unverified,0,reset,1,,
504620b244bc9615cfddf40b2f338ae366ab5f7074090b81317e7f0081f40d3b,,Unknown,US,vmess,websocket,tls,geo_resolved,fresh_verified,0,,1,http,1431
504aaa90f7d731455919c156042302a36ca51a5618c0594da84e7458402ed53a,FI,Finland,,vless,raw,reality,failed,failed_unverified,0,timeout,2,,
50569622ee07279d8f61e499ec860394361db1d1d74e1809402d646061fc3c6c,PL,Poland,,vless,raw,reality,failed,failed_unverified,0,eof,1,,
505bd23a36cac6395f56b29c25dfd2ea565f21e8639c6baef191890fc6fd5923,US,Us,,vless,websocket,tls,failed,failed_unverified,0,reset,1,,
5064d7a26d861ea72112e142b7bec46654135263f0d7737db11a2639a3360b2e,,Unknown,,vmess,websocket,tls,failed,failed_unverified,0,reset,1,,
508743d94b7ea8cee685dd68aba7ad68e70785f2a826ac59dffc44d12e35cc5f,US,United_States,,vless,websocket,tls,failed,failed_unverified,0,reset,1,,
5095951b809e6da06e4470e85ab47410b959073b546a730466c54a6bb20d7eb9,,Unknown,,vmess,websocket,tls,failed,failed_unverified,0,timeout,2,,
509f52811445a3662a134903a7c31118dbed86303572af9e18835187cf2f154a,US,United_States,US,vless,raw,reality,geo_resolved,fresh_verified,0,,1,http,4743
50a466506d14f84b1c5cdba633b7f2e5d173417524c383886b1123c856477243,US,United_States,,vless,xhttp,reality,failed,failed_unverified,0,timeout,2,,
50b50b92a458a29a543d88b36a57309591315a8b69ef796147fcc285114d767b,US,United_States,DE,vless,raw,reality,failed,preserved_last_known,1,timeout,2,,
50b7e8342b0442366b249328eb32d854e15f5fc1ad2d1298fcd8e37462958230,,Unknown,,vless,websocket,tls,failed,failed_unverified,0,timeout,2,,
50c2f6588a51580604474d30051c1e9f219a3ca3ec627e97f0476fc25dcc68a9,US,United_States,,vless,xhttp,tls,failed,failed_unverified,0,eof,1,,
50dd2701be092c4e48d1524f488c86f477e836e8b3bf4481e8bb40b61377536d,IR,Iran,,vless,websocket,tls,failed,failed_unverified,0,timeout,2,,
50e730a8c825f34b1e7ac376224f144058a3e866ad8b66900f753fc8429b5a8f,GB,United_Kingdom,,vless,xhttp,tls,failed,expired_after_failures,3,eof,1,,
50f32b8ea9f10dd305b8c403d1230183f049de02a0bb2077c0a187b522f47a70,,Unknown,,vless,websocket,tls,failed,failed_unverified,0,reset,1,,
50f859cbf11fe06e48830ca984607329e729ac0bc9e2e6b12bb020ba345bc597,RU,Russia,,vless,grpc,reality,failed,failed_unverified,0,timeout,1,,
511fd676968aa2487483a31de00e1af8be94fb51056286648cd82173d1f2c6b2,FR,France,,vless,raw,reality,failed,failed_unverified,0,timeout,2,,
512d008ff303eb34380a76c55ed7ad3c4a95abc0e7620eae418c0231c759e284,US,Us,,vless,websocket,tls,failed,failed_unverified,0,reset,1,,
51488f8e371fc953b33ba34fd2acb4de3c7cdb8aba3902207860f6df21b0fdbe,GB,United_Kingdom,,vless,xhttp,tls,failed,expired_after_failures,3,eof,1,,
514cbd3392af14681b76f6117e2c04d0d9d210e6a6a60e8c6e02bcb178421133,,Unknown,,vless,websocket,tls,failed,failed_unverified,0,eof,1,,
515699cc33441e9f23fe5316721bff32b6f721f901ce6e24e27cd6cb8a3d41f7,BG,Bulgaria,,vmess,xhttp,tls,failed,failed_unverified,0,timeout,2,,
515e2961d68c0283477f08f59ff36f8198997c78f9d8f3affef2684dcea01239,,Unknown,,vmess,raw,tls,failed,failed_unverified,0,timeout,2,,
51697033956daf1af81780625c4885082ecb55ad6cdd5b3088f16105ec74fda2,,The_Netherlands,,vless,websocket,tls,failed,failed_unverified,0,reset,1,,
5174a55fd4273bc39072f5983ec6ecd0ed49904586369831906b786d3d9ecf8d,,Unknown,,vless,raw,reality,failed,failed_unverified,0,timeout,2,,
517695badf9f7739cfc406ee25832946770cc881ae3117f874c4d2f97f44db9b,,Unknown,,vless,websocket,tls,failed,failed_unverified,0,reset,1,,
5176fd8e1487918724aa11caf9477f5240e4389aba626ad9e220a1d64d799494,US,Us,,vless,websocket,tls,failed,failed_unverified,0,reset,1,,
51784c45dd51470b6de057ca9d4487c23a850c9a0c50c0b256b8ad6596e5904f,US,Us,,vless,websocket,tls,failed,failed_unverified,0,reset,1,,
5195724341a2d8238635c1465c9ea08a28c584bd3cd67b876ecbf6e1a9777b1d,,Unknown,,vmess,websocket,tls,failed,failed_unverified,0,reset,1,,
519ae973e0a6c935414efa07b36cefca3a5433f00b0fa260c93c8074e2cd7f29,US,United_States,,vless,websocket,tls,failed,failed_unverified,0,reset,1,,
51a077d54401d492de1bbb7807ed0d65be7f70bb00bf09b829d3f72fdaee5254,,Unknown,,vless,websocket,tls,failed,failed_unverified,0,reset,1,,
51a1b3f5fc9958831446892c8e5a96929d31a3d4f588e73d00698cd98fb6e4a1,US,United_States,,vless,xhttp,tls,failed,failed_unverified,0,eof,1,,
51a64b426a95727d7b890b9e0f1993a2c52897f3c2740327a3ce1d34e614a30a,US,United_States,FI,vless,raw,reality,geo_resolved,fresh_verified,0,,1,http,3305
51b7600a5bd27e8cc38e09d0e1446f6b225ced0dcb18d7c136064cc6ca6689b4,,The_Netherlands,,vless,raw,reality,failed,failed_unverified,0,eof,1,,
51bf599ec5a0f8fdfb425f0b77230df811977caa2f22ab97a310b58a03f9d05b,US,United_States,,vless,raw,reality,failed,failed_unverified,0,reset,1,,
51d069725027552318fd8be78e1cf00a327cb38a3ff09b523f9a1912fb028b43,,Unknown,,vmess,websocket,tls,failed,failed_unverified,0,reset,1,,
51da2e1c6028ecaa785cb5ef11fda7703b39ee30aab3a526a5a27bf0b3d16eb6,EE,Estonia,EE,vless,xhttp,tls,geo_resolved,fresh_verified,0,,1,http,3184
51de043acf788067edee06e93efca504cb6da58c0e13ec877259c14c44151811,US,United_States,,vless,xhttp,tls,failed,failed_unverified,0,timeout,2,,
51ea565475f2a2f610f1d6db53d2a655249ad82c51729063ef4e8a615e894d41,,Unknown,,vmess,websocket,tls,failed,failed_unverified,0,timeout,2,,
5201af520eabccab0c5ce5332ac02dac315a0d62e174895fa98e95c3a59c4773,CH,Switzerland,,vless,raw,tls,failed,failed_unverified,0,timeout,2,,
521458b2170896b96853a19d159d90f6f181a456dc4e378b8740d97cb8239606,,The_Netherlands,,vless,websocket,tls,failed,failed_unverified,0,reset,1,,
5215dba76141a24fec1b568ce63b02c66fb65e079042fc8f1ebff0cdcf5092eb,,Unknown,,vless,raw,reality,failed,failed_unverified,0,eof,1,,
5216bd6bac86fafb76e5666a1939c63ef7fbf194d93024701b0123c50cd8c7d8,HR,Croatia,,vless,raw,reality,failed,failed_unverified,0,timeout,2,,
523a78233db7d6eaee0f7406757b81231401d6d3b57e1242bff11b53a5b5e437,US,United_States,,vless,websocket,tls,failed,failed_unverified,0,reset,1,,
524f9950797f8d0e8fa17f9e6ef55590b546c95df912c65c8ee59c30d82325d7,US,United_States,,vless,raw,reality,failed,failed_unverified,0,timeout,2,,
525e10232f94e376e10d4668fe82ad4b8f11bbf103aad800a294cc73bea367cb,,Unknown,,vless,raw,reality,failed,failed_unverified,0,reset,1,,
525e7e5d8c349e37b3c4d910005719727a9ce96e6889eaa169cce50c2d5414b2,,Unknown,,vless,grpc,reality,failed,failed_unverified,0,reset,1,,
5270427d10ecc7939d6920278a7b11470818808923083166bf4f0bc2458a3ed5,US,Us,,vless,websocket,tls,failed,failed_unverified,0,eof,1,,
5273a9b573c87f95a88ac8201ffd00a4478c7cbeb3cb3415c588a0628378e008,DE,Germany,,vmess,raw,tls,failed,failed_unverified,0,timeout,2,,
5273f9de4ac884d2b220ed206d77b7d4ccb6a9ae1452d6bc3afd4a5191dd61cf,US,United_States,,vless,websocket,tls,failed,failed_unverified,0,reset,1,,
5288179550525cba1dc7041e441b16aeffc499451bb3f531eee633efe568be4c,,Unknown,,vless,raw,reality,failed,failed_unverified,0,eof,1,,
528944e241a21a2e25fb04246b2155efccd2011c96658d25283d63d6badeeae6,,Unknown,,vmess,websocket,tls,failed,failed_unverified,0,reset,1,,
52895b778f954f5e10c39d50759aff524e3d2a4bae162f9dc1258f81cab1f124,,Unknown,,vmess,websocket,tls,failed,failed_unverified,0,reset,1,,
529257a452b9a1f917b62f926345e142b84d0e683b623ca6eb471bf1a13be2b5,,Unknown,,vless,xhttp,tls,failed,failed_unverified,0,timeout,1,,
5292608cab86388d91e255d2f4b01f2a7f0eaaec76a2172d5c6183f3d6c23095,HK,Hong_Kong,,vmess,websocket,tls,failed,failed_unverified,0,reset,1,,
52a66badae374bc5ae91820c12f4884671db65cab40d6f3832faa5193996228c,IR,Iran,,vless,xhttp,tls,failed,failed_unverified,0,timeout,2,,
52eb00d6b4a0e77e362ebec5dd041059626d084b63577acb83ebff30a7e40070,,Unknown,,vless,raw,reality,failed,failed_unverified,0,timeout,2,,
5309ad23c213373bccbb11184f436ab32ee876c30b38fa40afedf1fd1caf5067,,Unknown,,vless,raw,reality,failed,failed_unverified,0,eof,1,,
53113784a5a5195c63d3b4b4b44fd863b31a7eb64fd99ca43537d1ec1c03bf80,,Unknown,,vless,websocket,tls,failed,failed_unverified,0,reset,1,,
5311f2b85becf6eb1167143c7f1285d1259830e5de1377df0a3c68354f3e481f,GB,United_Kingdom,DE,vless,raw,reality,geo_resolved,fresh_verified,0,,1,http,2308
5322a184edb582b4d7734e57338457cfb245691a34c0c2700c3a112651114f33,,Unknown,,vless,raw,reality,failed,failed_unverified,0,eof,1,,
532eca8d32d6bc46e230e076c47e3ef975778d7513b87fbf71d1db627dd1dfa5,,Unknown,,vless,websocket,tls,failed,failed_unverified,0,reset,1,,
53348248ece6d4d5944d3b31ade5f67202ea05e79e4048df126dbaf63f0fdee6,RU,Russia,,vless,websocket,tls,failed,failed_unverified,0,timeout,1,,
533b7c7d58436936790e84be592454e9b87eb590ebc0dff905b8511f09e3e1b9,,The_Netherlands,,vmess,websocket,tls,failed,failed_unverified,0,reset,1,,
535baded2c38f0113cef4df2fd698954403923e43e3620a3264acfa0a30a953b,RU,Russia,,vless,raw,reality,failed,failed_unverified,0,eof,1,,
5360b21218ad2ca94acbe3e76373fcfade67da0224a51224fc65f55f1754af20,,The_Netherlands,,vless,raw,reality,failed,failed_unverified,0,timeout,2,,
537ae1771f0af7713e31a7f6f0429c13a440ac1bb4e17b6500a4b9e463b432b1,RU,Russia,,vless,raw,reality,failed,failed_unverified,0,eof,1,,
537b32e3b536491c28ea30f055a36c12f2fd0de104164b6ef5d4f9f9ffecf425,CA,Canada,,vless,raw,tls,failed,failed_unverified,0,timeout,2,,
537ee14a724831ba9f577bcc96ab8a95638226f6b9d77070379eec67b0ad94fd,,Unknown,US,vmess,websocket,tls,geo_resolved,fresh_verified,0,,1,http,1474
539e897de42886f59bfd85d172a337232c2772349e787c47092679a48e76fa9d,GB,United_Kingdom,,vmess,websocket,tls,failed,failed_unverified,0,reset,1,,
53a39ec4dabd7d6133a76fa5886c5bb379cac0177fed5a2ae64a062b618b2b2a,,Unknown,,vless,raw,reality,failed,failed_unverified,0,eof,1,,
53a84e27ca0a2c82d7816a8d52fc036fb1141774aa4c697d3e8c1de3b237ac8e,RU,Russia,,vless,grpc,reality,failed,failed_unverified,0,timeout,1,,
53b6a6fae275a3e81cd4fa2b35dafc7a06f140e5261009dd5282ce418c8f1c56,US,United_States,,vless,websocket,tls,failed,failed_unverified,0,reset,1,,
53b6f68ebdcd0c961a01b57069217a51bdfa73557473e9887d323d1cdd4f48cb,SI,Slovenia,,vless,websocket,tls,failed,failed_unverified,0,reset,1,,
53bcb1f3f900bdb31db86b39807019deb78c0bb4226fadb9eb6f24e4b761820c,,Unknown,,vless,websocket,tls,failed,failed_unverified,0,reset,1,,
53c13d6fc81715d5958c96521e347543bcdfa3af666fa187897d9697683ff6ca,,The_Netherlands,,vmess,raw,tls,failed,failed_unverified,0,eof,1,,
53c8b4e7d7448a565dc0110c908eebe4b5a43a01d31425befdd26512b2fdc0ff,,The_Netherlands,,vmess,websocket,tls,failed,failed_unverified,0,reset,1,,
53d1cefb21ba45e1f45ac97772a6566daff6dbabdab7a82e935d7bf9e26a1a93,,Unknown,,vless,websocket,tls,failed,failed_unverified,0,reset,1,,
53d75c9bfef89b556fd7f9b6fbdae6c55942e8b73e50148cc7b4efeb8af60e65,,Unknown,,vless,httpupgrade,tls,failed,failed_unverified,0,reset,1,,
53f14bd91de3ab8213905bfdd697713bd80d21f1c012bf188ef2b6cba3a9ad65,BR,Brazil,,vless,raw,reality,failed,failed_unverified,0,eof,1,,
53f58f3b1b31b594b17e2924bb87ea6ad39e470f8bd6b9afb2a9783971b5b0fc,US,United_States,,vless,raw,reality,failed,failed_unverified,0,eof,1,,
53f77b6f81856a53d7e2162826c66be912f579fe4335286aa93a3e4c5ca07d1d,,Unknown,HK,vmess,websocket,tls,geo_resolved,fresh_verified,0,,1,http,2176
54038e15ccc39c753b257cc188e3b242b284683b610f97b63471aa40c7308105,DE,Germany,,vless,websocket,tls,failed,failed_unverified,0,timeout,2,,
5404cfebe94f437b92fc6e211bef0fee6a44979001e56b4ece52d4729dacf60f,US,United_States,,vless,raw,reality,failed,failed_unverified,0,reset,1,,
543137bfbea2fa81c01184a26f0267d9964b8712e920781b40c2520b25e93eb2,US,United_States,,vless,xhttp,reality,failed,failed_unverified,0,timeout,2,,
543fa3d879050aed0886dae99e7aebb3af013fd289e56754b9d94981df543f85,DE,Germany,,vmess,websocket,tls,failed,failed_unverified,0,timeout,2,,
5441cd2b2d8b9e7f4d5e3e62606fb58026f653af344fb241311023f368c41276,US,United_States,US,vless,raw,reality,geo_resolved,fresh_verified,0,,1,http,5592
5448796d40e9e7a639fab70b103976b7686f1724cfc043d2f90cd00227263665,DE,Germany,,vless,raw,tls,failed,failed_unverified,0,reset,1,,
545cff5567c94b8a79fb5b09f56dfa5aeab092e6dffa3ac8a2b2e11e8f9e7ad3,,Unknown,,vless,raw,reality,failed,failed_unverified,0,timeout,2,,
54697d70b9e6c59d773b8446522f6bee91d5366a4e332b194f692f32f71855c8,HK,Hong_Kong,HK,vmess,websocket,tls,geo_resolved,fresh_verified,0,,1,https,2354
547303b36e93c1cf777412308880f0d42a7099d3843905e05883bc1ba7538d86,,Unknown,,vless,raw,reality,failed,failed_unverified,0,eof,1,,
547b8d7d7b2006e5c3fdafd1b2a4f823526c0bf1977cd310899b534a2575cef8,,Unknown,,vmess,websocket,tls,failed,failed_unverified,0,reset,1,,
547e3978ea45790a54c09462baae723230a1960586e48451b0ec9cfcc0b3c71f,,Unknown,HK,vmess,websocket,tls,geo_resolved,fresh_verified,0,,1,http,2483
54a24597674a624b83fc151e8b13815c8947a1eea09a426fafe7899d5f6465c6,CZ,Czechia,,vless,websocket,tls,failed,failed_unverified,0,reset,1,,
54a9a71b688564d124fff99a8d103e5816dbe3ae581fc81d22a4c4aea666734d,,Unknown,,vless,raw,reality,failed,failed_unverified,0,reset,1,,
54af27b2b0ae4a53430f1c6f7acaefbab5cee9b775fc89c829f9ba34ea7e28c1,US,United_States,,vless,websocket,tls,failed,failed_unverified,0,eof,1,,
54baf171b75e77d0299abcaeef8b0ae125b9fd56ed05d04550b7b078dace3cbf,US,United_States,FR,vless,raw,reality,geo_resolved,fresh_verified,0,,1,https,3776
54d59eb12590582c360f8aa1a20b39f9c1a08a0c54858b057ca37d68b93a38b1,,Unknown,,vless,websocket,tls,failed,failed_unverified,0,eof,1,,
54e621a7eda1cb985229500911ae6ccb6e81d0d4fb3e55d9035d44ee6937990e,RU,Russia,,vless,websocket,tls,failed,failed_unverified,0,timeout,2,,
54e67f6706bd208fcbfa120785e8e3c93bb97277c791f437cd90758df4b4fec5,US,United_States,,vless,websocket,tls,failed,failed_unverified,0,reset,1,,
54e96d79430170a92dfdc5c786719e6dc23c1f5ddb724a42649e00b978990a19,,Unknown,DE,vless,xhttp,tls,failed,preserved_last_known,2,eof,1,,
54f16fa5684ce16906333435cc625b3b02ac3d3735146065bec1c1056cc65679,IT,Italy,,vless,raw,reality,failed,failed_unverified,0,eof,1,,
550f00d1d807d3029581c118521ab41b7397bd10a0a3ffedde2fa6c9da7b9cea,,Unknown,,vless,websocket,tls,failed,failed_unverified,0,reset,1,,
5513e2ac81563a6aa25d413cad1634eedbd49dea04bc361270e348ed244d9b0f,US,Us,,vless,websocket,tls,failed,failed_unverified,0,reset,1,,
5523726ce46361896327e9cb0daba096a78e9c2621f3cce0a21ca9f27e5a3015,TR,Turkiye,,vless,raw,reality,failed,failed_unverified,0,timeout,2,,
5590b7bd346041fad8009ee414a5f0b72ba95788c6fe5513c4ed8b06cd4d1cad,SC,Seychelles,DE,vless,raw,reality,geo_resolved,fresh_verified,0,,1,http,3049
559ddc77ae0bf04ccbe6dbdecd79ff7c87aad1a9bb0ab06d45879c42ee2c9ccf,RU,Russia,,vless,raw,reality,failed,failed_unverified,0,timeout,2,,
55b5c72b2c60d47b4e0c11859f1898301b9af4c814963b815411ebb3faafda48,,Unknown,US,vmess,websocket,tls,geo_resolved,fresh_verified,0,,1,http,1973
55c004c8f29f21f7fc838a9a980a8a445ddd7883a844f9de678622df088c4ee1,,Unknown,,vless,raw,reality,failed,failed_unverified,0,reset,1,,
55c18eeafa9845233d448e53e42d0c3f107b806caf34e7866c79eada740970a3,RU,Russia,,vless,raw,reality,failed,failed_unverified,0,eof,1,,
55ca7214dd2c128d7ca0ba6a938a5bb8fc84bf4d0071f3302964c12c0c37ac25,,Unknown,IT,vless,websocket,tls,geo_resolved,fresh_verified,0,,1,http,2152
55ceab30f6def0ed6c6392f3fb74b79b1926f169be70e6af04e7cbed2a1c06f6,,Unknown,DE,vless,raw,reality,geo_resolved,fresh_verified,0,,1,http,3671
55d114d7b7b9e51f5f065b3d158149cd5c56352d5a2a9e487827b0543c196c38,US,Us,,vless,websocket,tls,failed,failed_unverified,0,reset,1,,
55dafdcef0b9083b8ecbabcb8bb4600daeb48680e02d2896a520357b640c438f,US,United_States,,vless,websocket,tls,failed,failed_unverified,0,reset,1,,
55e2fe0685d411d597a72979ae02e83c1040994d3e4aec190e380da7aa76e09a,LT,Lithuania,NL,vless,raw,reality,failed,preserved_last_known,2,timeout,2,,
55e70b3c2538cd8c45c48ef8ecc37e3eab64c29b5d066105b57567f5d841857a,,The_Netherlands,,vless,raw,reality,failed,failed_unverified,0,reset,1,,
55ecd8d35825e47fb73bacf0c9afe00c59f39a56a28cd2d49d1a88ccfdb323f5,RU,Russia,,vmess,websocket,tls,failed,failed_unverified,0,timeout,1,,
55f70371ff64dc1c766e1c0389e2744cad01fb58c9ce672ad7022e1632849565,US,Us,,vmess,websocket,tls,failed,failed_unverified,0,reset,1,,
56030677d75d652add2637807c3279e3779036506ce4e65e93580ca9baa25c70,,Unknown,,vless,raw,reality,failed,failed_unverified,0,eof,1,,
5610ec4070f978ed554cd0a9a3208d66400ccf0eb01b483f9debd1caccf47be5,US,Us,,vless,websocket,tls,failed,failed_unverified,0,timeout,2,,
56206e36750ca0b8969f78f2d8c5f148c8f51d17fc93006c85aa91d53e6b2c46,,Unknown,,vless,websocket,tls,failed,failed_unverified,0,reset,1,,
5626a56dc99f7a0812f6f0eeb6816cd48faf511a0e2e87f4076c078c860aa374,,Unknown,,vless,websocket,tls,failed,failed_unverified,0,reset,1,,
562ae634978bcdb045a6d377ad65539ac08220aa7f2587e15f9b0977045b161a,FI,Finland,FI,vless,raw,reality,geo_resolved,fresh_verified,0,,1,http,2274
56320215d1fa9fa02bb5d8b5d0e9bf4a8f300149a7a8fe9ca3e522acc38c77c6,FI,Finland,,vless,raw,reality,failed,failed_unverified,0,timeout,2,,
56477d12eb6abd69ad4cd0b81c14af02e4875ae2c701adcceaf8e23cafb96c2e,,Unknown,,vless,raw,reality,failed,failed_unverified,0,reset,1,,
564bc39e02ed61b4479b863990e5eca81637f768e444d3d52002e1181f05ec61,DE,Germany,,vmess,xhttp,tls,failed,failed_unverified,0,reset,1,,
564dcdb7c668b9912d279451804c68df7f07d505db6347bc7013b61df438c0e0,,Unknown,,vless,raw,reality,failed,failed_unverified,0,reset,1,,
5669ac8730f4127129e9636305729f5553e9d187233bb967d29f9b161b906bed,GB,United_Kingdom,FR,vless,raw,tls,failed,preserved_last_known,1,eof,1,,
5693c6419ccc45d0c3b4e8284278f43186b4b68bd044c112a58652996adb6ccc,GB,United_Kingdom,,vless,grpc,reality,failed,failed_unverified,0,timeout,1,,
5695f8bc4b1fcd128949d0814bcef911edf53ce0c0f678dadf70ab6864efd040,FI,Finland,,vless,raw,reality,failed,failed_unverified,0,timeout,2,,
56ae64e65ebdecb529bc7ab1fbf4573e576b158034e35de4a9f0b630ee58781f,DK,Denmark,NL,vless,grpc,tls,geo_resolved,fresh_verified,0,,1,http,2080
56b6b712c4a39d3759c400842228cb5566514666db500bab2d0ee98f151ece38,,Unknown,,vless,websocket,tls,failed,failed_unverified,0,eof,1,,
56bc1f924a33f39e38c0e46f3fe13f22165f3499e3dfd05c7435e51d88ec6f04,HK,Hong_Kong,,vmess,websocket,tls,failed,failed_unverified,0,reset,1,,
56c0c7413d6e27e1249a652c140f535c27932001a57d50b558054ddd552d8930,NO,Norway,NO,vless,xhttp,reality,geo_resolved,fresh_verified,0,,1,http,2232
56ca7af3eb32359451369641e3b52b82f4533b4c19d5d066be5ed6464e03ef62,,Unknown,,vless,raw,reality,failed,failed_unverified,0,eof,1,,
56cb06611650c83d7b492744b3721c12ce844c80aaf58d678b7d7157a0a332c2,US,United_States,,vmess,websocket,tls,failed,failed_unverified,0,reset,1,,
56cbc60c3052be2ff2dfbc5569990750cb484d85450af5c11b3f84240cd10f2b,SG,Singapore,SG,vless,raw,reality,geo_resolved,fresh_verified,0,,1,http,3325
571ededebf259e01043a0854b4f1ab3e511a23a5556667c3eb2fac84e020a5ac,US,United_States,US,vless,grpc,reality,failed,preserved_last_known,2,timeout,1,,
5729af18fe37eaa6c2c842f3e563c1e38553233a6128499f0715e513a2f3013d,US,United_States,US,vless,raw,reality,geo_resolved,fresh_verified,0,,1,http,2345
5734d64a260817984964d0c41e9a7a68ae8b93e1b85a55a060a123c3b6944e46,RU,Russia,,vless,raw,tls,failed,failed_unverified,0,timeout,2,,
5739609624d8866b47f45f512f83cd7a548d494bc2f07f2505942b0175e2decd,FR,France,FR,vless,raw,tls,geo_resolved,fresh_verified,0,,1,https,4816
573fa10b9a5aa5eef11da7f25ff54b623b14b8ae7cd83a9ddb05926ada32198b,CN,China,,vless,grpc,reality,failed,failed_unverified,0,eof,1,,
5743bd2f1061434288c645a535916a45e9bc73a8e127397ec8b0cd01193f938f,BR,Brazil,,vless,raw,reality,failed,failed_unverified,0,eof,1,,
576936201793d09d4a2bf655dee6631a9115f25c8f6447cd050d15a116c41ab6,,Unknown,,vless,websocket,tls,failed,failed_unverified,0,reset,1,,
576d6a666b78ac3b12c0e5b54f04d3cabf8a0350f7990d3fa010afcd1d35f403,,Unknown,HK,vmess,websocket,tls,geo_resolved,fresh_verified,0,,1,http,2321
5771fd9cd1b707809c185ac3d3d5ab420caa8ce2393a6c21aa5f78c908ccf43a,,Unknown,,vmess,websocket,tls,failed,failed_unverified,0,reset,1,,
5788fc34b993ffb16a8932367e72cc9a35e44e5b666297b5bdbe9c2a95362d52,US,United_States,US,vless,raw,reality,geo_resolved,fresh_verified,0,,1,http,4163
5792f6d40d878f8705d34e6e4c3cd29e00fcf8ae447e37fff4f373bec921e909,KZ,Kazakhstan,,vless,websocket,tls,failed,failed_unverified,0,reset,1,,
579589a3d2d598cf0e02c07a76334773af8ead52584b7aa4f3cb1533f62c8b9a,FR,France,FR,vless,raw,reality,geo_resolved,fresh_verified,0,,1,http,3099
57c796f3c6ed3cc7ef51e02ab998c2928713ffa2da0e7296c28f3cebc4ebd82f,,Unknown,,vless,raw,reality,failed,failed_unverified,0,eof,1,,
57f04c124af646db2af1697ff359738a54d2d830ed1fe341500f06dccf50b78b,US,United_States,US,vless,raw,reality,geo_resolved,fresh_verified,0,,1,http,2389
57fb31bcc213fe69e6099780c46312ca0b42969fe42f45097522f5beac507572,,Unknown,,vless,raw,reality,failed,failed_unverified,0,reset,1,,
57fb3341cbb67f2f3a0daa4d545cecfcc86f46f9890497bdc5a9dc6c82209458,,Unknown,,vless,raw,reality,failed,failed_unverified,0,eof,1,,
581b1a688718f1713388e0087c855f2ac1cc157b07418e34d9dc715b3d5fce0d,,Unknown,,vless,websocket,tls,failed,failed_unverified,0,reset,1,,
582e2025b8293bc780c3938c44fa26d3ab4c7e508877145bd70a768040378b83,,Unknown,,vless,websocket,tls,failed,failed_unverified,0,reset,1,,
582ee8d821699b990cfcd6efa56bb0f911bfa4a102e6f37c19da8e48e1770273,,Unknown,DE,vless,xhttp,tls,failed,preserved_last_known,2,eof,1,,
584264e8789f196e3a859a98779556c44381314ab8e9fea4a65e4b1c573d654c,US,Us,,vless,websocket,tls,failed,failed_unverified,0,reset,1,,
58512e84bc2ce89e761ae87805759441cd5554636944e5adca988b2e3c5309d8,,Unknown,,vless,websocket,tls,failed,failed_unverified,0,reset,1,,
585a825708005bc0505619f969017149595c899806ebfde6da8f30ac04caf847,,Unknown,,vless,websocket,tls,failed,failed_unverified,0,reset,1,,
5864e19353035ff480f9101ca6953932b5587df5b9707e2a7f4224b4487aabc9,,Unknown,,vless,websocket,tls,failed,failed_unverified,0,reset,1,,
5875e99397beb1edb4bc92b22f2366dc147b444190aeb45435096b8c058d2e4b,US,United_States,,vless,websocket,tls,failed,failed_unverified,0,timeout,2,,
5887dee32c00f7446e6ab950bcee243eda313c0ed7ff2c4fc03ecdd60695a507,,Unknown,,vless,xhttp,tls,failed,failed_unverified,0,eof,1,,
588ee65fdae293665e82a9842ddc7a15f8db7ccb3d086e04cce00bfa087c8a8b,,Unknown,,vless,websocket,tls,failed,failed_unverified,0,eof,1,,
58ae188e976583f2708740ecf21e98a111848b52f0d8bddb62dd71a5964f61b4,,Unknown,,vless,websocket,tls,failed,failed_unverified,0,reset,1,,
58e60f5144e97190954a15338f2062ac5e9bfb146b0b2671a3d8c6e29325b6c9,,Unknown,,vmess,websocket,tls,failed,failed_unverified,0,timeout,2,,
58f94331ac3a96adaffbd006313e064e25b69c41da292669316b082a67e564b1,DE,Germany,,vless,raw,reality,failed,failed_unverified,0,eof,1,,
59059166a131ec4d4a4d12d565a2f06902e8a6d8517a58ec48a02cfeb4d5c89f,,Unknown,,vmess,websocket,tls,failed,failed_unverified,0,timeout,2,,
5909cba25977eb524b6a50385aba7d22c5146630f197d739b4cc41162539230c,DE,Germany,,vless,raw,reality,failed,failed_unverified,0,eof,1,,
590a821851682e959b6f5b43204f410176aa55b942eb52d51395d8a5effc38f8,RU,Russia,,vless,raw,reality,failed,failed_unverified,0,timeout,2,,
590cd015133b5af5dd52c9b0b5148c9a27f9feae6e6a3c5aa954c9cededcf0a3,US,United_States,,vmess,websocket,tls,failed,failed_unverified,0,reset,1,,
59217c611a45faccdc96cb140cb63b32573d4ab305de65ca86efe60851fceed4,IE,Ireland,LV,vless,raw,tls,failed,preserved_last_known,1,eof,1,,
594bb50a07dab3c3102533677753911d2ec20e82bd5c074c3c61a72c9fc97757,,Unknown,,vless,websocket,tls,failed,failed_unverified,0,eof,1,,
59608219d3f016a45888ee3a3f84929a491fc90ed4ca60b26a8326e90cf128f0,US,United_States,,vless,websocket,tls,failed,expired_after_failures,3,reset,1,,
5963787b070f1eef2a0fad0f64c3f87b8821ba52fdfa02273f94fe5c8c1f6022,,Unknown,,vmess,raw,tls,failed,failed_unverified,0,reset,1,,
596a6702dd72b49ede55bfcaec01c9cefee25c9515b4b4ea017fdae9355473a6,AM,Armenia,,vless,xhttp,reality,failed,failed_unverified,0,timeout,2,,
596d44b87a3f51eb40f9777808d734a8fb3d061460fee182136099d200d01e22,GB,United_Kingdom,,vmess,websocket,tls,failed,failed_unverified,0,reset,1,,
597d6a64db9e185d9bac85bf4e08eb7476e2cbc1160c5eb35279f25ee5e61228,RU,Russia,,vless,websocket,tls,failed,failed_unverified,0,timeout,1,,
59a2df46566ebde85123a70bc8cd66b0077ab8525c4a2cfc4afdb6ef0357e471,FI,Finland,,vmess,websocket,tls,failed,failed_unverified,0,reset,1,,
59bef0da249bd437c8c7c74cb62947e40276911867a7e51c11f00b126ce03ac8,US,United_States,US,vless,raw,reality,geo_resolved,fresh_verified,0,,1,http,1325
59c098a05cf52a56f8277ea0afcd48a57d66d5a06b442e4e57d6819d19a4dd75,,Unknown,,vless,raw,reality,failed,failed_unverified,0,timeout,2,,
59d4b0ec3319d247b77d12fa3d79cfa6b5934edcd6661159515187fb1c02b48a,,Unknown,MD,vless,grpc,reality,geo_resolved,fresh_verified,0,,1,http,2926
59e30fe29b4d62241f0ccdb49db201de580a507e06f1ce37912bdb1e6d9d31eb,CA,Canada,,vmess,websocket,tls,failed,failed_unverified,0,reset,1,,
59e4b2521f3336a3319b108be2e698c0034f217bd525766073bedf935a704cf6,IR,Iran,,vless,xhttp,tls,failed,failed_unverified,0,timeout,2,,
59e71d93dd780dbfcc5a21d382749b37afb37abd33d34c35dd4da44b7063cbf6,US,United_States,NL,vless,websocket,tls,geo_resolved,fresh_verified,0,,1,http,1518
5a0df61c463f5d124e2d906fbb521af6454c296b0d563a8f0b99e18323e8f855,US,United_States,,vless,websocket,tls,failed,failed_unverified,0,reset,1,,
5a0e672d4470926f7dbb7356f280f8fdb078a4237e63df2cb6214eb9627d521f,JP,Japan,,vless,websocket,tls,failed,failed_unverified,0,timeout,2,,
5a12e8f96ea3304fd258565bb8bab2b406ed486e1656174745ce23e42011c87e,DE,Germany,,vless,websocket,tls,failed,failed_unverified,0,reset,1,,
5a23f88aaba844bc082b44f17cc5857a96e55e58b5b8ccb8043e81a031e60176,US,United_States,,vless,grpc,reality,failed,failed_unverified,0,eof,1,,
5a488083c9b7c90e0e86f080193205dbdaa7a214f50d8a8d5bfd641e80fb01d4,DE,Germany,,vless,raw,reality,failed,failed_unverified,0,eof,1,,
5a8b1bd64a620e56bd160a4b4583da2429462c3bd6d2f8e50f503e2a4409f706,,Unknown,,vless,raw,reality,failed,failed_unverified,0,timeout,1,,
5a9e9d247914c90c0ae96f886bf2ee612b0aa37f1853e81d72107f1c31c6c5be,US,Us,,vless,websocket,tls,failed,failed_unverified,0,reset,1,,
5a9f1c77f90f4c2e403755ea30c7d353568ac09f64e0cc328e756dd714cbb461,IR,Iran,,vless,raw,tls,failed,failed_unverified,0,timeout,2,,
5aa37fcd55f8766330bdeab2f817e1eb6d789e2e02b085224061b9a128e08d86,US,United_States,,vless,websocket,tls,failed,failed_unverified,0,timeout,2,,
5abbd1c980368f22d931bede39e8ab31d3d056a3f1b8604edbfee5cbcce3fa26,,Unknown,,vless,raw,reality,failed,failed_unverified,0,eof,1,,
5add1a4e1be4d26e523e46cd763e8bdb2f120c14aeaeb953dab6271bfa2c329b,FR,France,,vmess,raw,tls,failed,failed_unverified,0,reset,1,,
5ae5a9ddd74b5de260991c75189d3dabefeefb914431a360d1fe4159a64210d0,,Unknown,,vmess,websocket,tls,failed,failed_unverified,0,reset,1,,
5af8d4a2a081e58ee40224a5d8a05f38fd19696cd17def09d9f99454ae168cb8,RU,Russia,,vless,grpc,reality,failed,failed_unverified,0,timeout,1,,
5b0220cf9df1e4fffd49e3d9888fde78cd9395ccfccb3f677980d593aee37666,EE,Estonia,,vless,websocket,tls,failed,failed_unverified,0,eof,1,,
5b156dde62c58030940b52d5c45a9ed15b305691e166110cd71b461d956ab6be,,Unknown,,vless,websocket,tls,failed,failed_unverified,0,timeout,2,,
5b2332861d7afbe87a702edff80e994dbe72f49dbad6e41846bfe8fc130438ea,CN,China,,vless,grpc,reality,failed,failed_unverified,0,eof,1,,
5b49a361d5c7ebbd0f74fa247040fa37fc9971a31515944ca3705115cf24bfb6,US,United_States,,vless,websocket,tls,failed,failed_unverified,0,reset,1,,
5b4b5e604df8b8a2a6844b793dc07c1b2e4a076732cf12ebe770c195aa7f7406,,Unknown,,vless,websocket,tls,failed,failed_unverified,0,eof,1,,
5b4c56678ea540247c7bf49254b8ac57d7cfdc5b47b0bed41800a94505911c5f,US,United_States,,vless,xhttp,reality,failed,failed_unverified,0,timeout,2,,
5b58c242207da86b4c988fee7432871984924244477ec290334544686c24745e,US,Us,,vless,websocket,tls,failed,failed_unverified,0,reset,1,,
5b5a13fcdbb0b7c29a51f0055e57c4ddbd556cdbfe681cd20674b7e7ebeade10,US,United_States,,vless,websocket,tls,failed,failed_unverified,0,reset,1,,
5b735f86e79546449609af568b71ed6e507fa5a83322732f895e74296ca9a351,PL,Poland,,vless,raw,reality,failed,failed_unverified,0,reset,1,,
5b927e0238b02cdc12ab1b2a66347f141c024a94d078023704da655405d4cabf,,Unknown,,vless,websocket,tls,failed,failed_unverified,0,reset,1,,
5ba3b8e545bffad3c7ff251d547e3051dfc92a3f4d11c666752bb0a63b545cd3,,Unknown,,vless,xhttp,reality,failed,failed_unverified,0,eof,1,,
5bc104d879a18b4163b985e930db196b056cabf37fa821b63fffdbeec1036dcf,DE,Germany,,vless,raw,reality,failed,failed_unverified,0,eof,1,,
5bd5420c6ae9b8e4300669aaaf894d7eeec56d7be6a9918ed491fa03b92159a9,US,United_States,,vless,xhttp,reality,failed,failed_unverified,0,eof,1,,
5bd7926d01e0466734740ca2b4b8dead0b843d1e26e538274a547d4def229226,,Unknown,,vless,raw,reality,failed,failed_unverified,0,timeout,1,,
5be7244b5657e0d38125a0346ed58e7b4d0b069e8c88703df2a12e0ed95da18d,US,Us,,vless,websocket,tls,failed,failed_unverified,0,reset,1,,
5bf197cd611fb8c0e1b1bc9bd2cd3f7481bfc0b08411e106de00d85e8be983b7,,Unknown,,vless,grpc,tls,failed,failed_unverified,0,reset,1,,
5c00c10f6107d91fd8046564ad0d2d40e61c2412df9e2e2e04005102c0528880,,Unknown,,vless,xhttp,tls,failed,failed_unverified,0,eof,1,,
5c30d3f95a700f118f7edcf24e37e5fefdd32930b87aa04c412d59da0d971798,EE,Estonia,EE,vless,xhttp,tls,geo_resolved,fresh_verified,0,,1,http,3193
5c330df9689f0732fa70022d1b39e00178cafd144bf6e7bf983ec58293ee1821,DE,Germany,,vless,raw,reality,failed,failed_unverified,0,timeout,1,,
5c3710a0f53b6e59190c28db8cfcc67c40589beb918f914dd2056b0217d68ff6,IL,Israel,,vless,raw,reality,failed,failed_unverified,0,timeout,2,,
5c3a3e0f15995dffaad971f2ec72ba2495fa8f1f26986575f239729591734839,RU,Russia,FR,vless,raw,reality,geo_resolved,fresh_verified,0,,1,http,2080
5c3da67533d54ba8cecb37b3954d2c800839d7179a2cf271e450286753b216ce,AT,Austria,,vless,raw,reality,failed,failed_unverified,0,reset,1,,
5c438cb0ea5d908c5c63b7ec1c6e993718db0bbbbf31ba67661fbde9967f2e38,RU,Russia,,vless,websocket,tls,failed,failed_unverified,0,timeout,2,,
5c46c7eaa68e8c7f2730f5a85de708045493cb849241efb3c00bb9a827c43b97,,Unknown,,vless,websocket,tls,failed,failed_unverified,0,reset,1,,
5c5978c0ab801e35f5b3edfba25bec010ee87908ddfb2f7f4b14e91b812f8544,US,United_States,,vless,xhttp,reality,failed,failed_unverified,0,eof,1,,
5c709c21a7d226d7a5c905adc5f86f634f765b0a2edebb91bda4214c65452750,,The_Netherlands,,vless,raw,tls,failed,failed_unverified,0,eof,1,,
5c7fec5a243ea0f687d5d4053ad89b98a6615804f9f0f0a8770fcaaceb0d2ac1,,Unknown,PL,vless,raw,reality,geo_resolved,fresh_verified,0,,1,http,3413
5c8217df87f35a529091ca32577322073b74b31a4231a9f2e66d21c3fc18be70,,Unknown,,vmess,websocket,tls,failed,failed_unverified,0,timeout,2,,
5c84ca4789afb79d6a69a3a0a5df7fb9420c38807bb78d5fffcbc08b8ccbf11b,US,United_States,,vless,websocket,tls,failed,failed_unverified,0,reset,1,,
5c9250d1cc2d7eb6ae35c642f13fb521c5c77bbbb373f5c58740a7675c765377,JP,Japan,,vless,raw,reality,failed,failed_unverified,0,eof,1,,
5c977d8b56fc28c19e4cf2bfe77ba28b35dd56cf90c30d0f35fbc04425a78855,EE,Estonia,EE,vless,xhttp,tls,geo_resolved,fresh_verified,0,,1,http,3190
5cfb7a040d5dfb2bb8f1cf37ebacfab314059195b2b304076cd223475e8fc5de,,Unknown,,vmess,websocket,tls,failed,failed_unverified,0,reset,1,,
5cfea641d9798ddcc6383e46c070528b2a3f581e76055d65aad075750b3dcc6c,US,Us,,vmess,websocket,tls,failed,failed_unverified,0,timeout,2,,
5d21052ed424b8c4d9f9fbfc36cc9c885a9efac344666b9bf79f685b1519917d,CN,China,,vless,grpc,reality,failed,failed_unverified,0,eof,1,,
5d38c0d880eeec3b79ddf0ffae7eaa67fe8823816ca39332af595fa973e6091c,FI,Finland,,vless,raw,reality,failed,failed_unverified,0,timeout,2,,
5d43955302f5e0f2f220e01b326faf0f574fcf7975f41d86530bc37aeec55ba7,,Unknown,,vless,xhttp,tls,failed,failed_unverified,0,eof,1,,
5d51695cc0d2e92282294d83643e07a7e04ae46562a658b9dfc9396f7d7445e5,,The_Netherlands,,vless,raw,reality,failed,failed_unverified,0,eof,1,,
5d5180012d434a31301ff0c39b3fe4e94e0e2167799dd0db56e20aa884678ec0,US,United_States,US,vless,raw,reality,geo_resolved,fresh_verified,0,,1,http,2449
5d53fd9e9d5e8cd19cc662ab3927d3ee304d883fd70ea77d9824ce2851dcedd2,US,United_States,US,vless,xhttp,tls,geo_resolved,fresh_verified,0,,1,http,3394
5d5972697437dbf08c6e6b8610191ef2106a9f40207423e97fd6801250b933f3,BR,Brazil,DE,vless,raw,reality,geo_resolved,fresh_verified,0,,1,http,2486
5d8cc1ae206688063dd0c8d9ca01419f13941b70482534504afa7a971baa8b6e,,The_Netherlands,,vmess,websocket,tls,failed,failed_unverified,0,reset,1,,
5dab2b5c13ca2dea2b72fa0469839289fcba35d06fa4985456e73c0bb533e12a,GB,United_Kingdom,,vless,raw,reality,failed,failed_unverified,0,eof,1,,
5dab64141c1fb8a01737a6f21511aff66241d272c8765bb12c462fcbcfb28981,US,United_States,,vless,websocket,tls,failed,failed_unverified,0,reset,1,,
5dd7c308123ae48bfb910e2230916b8eb0e090b218494272f0f862750df6cf5f,,Unknown,,vless,raw,reality,failed,failed_unverified,0,timeout,1,,
5de25ed01ad6bd7b725e9076ceb06573c20a2438d0352b902ce7f56bd4352438,,Unknown,,vmess,websocket,tls,failed,failed_unverified,0,reset,1,,
5de586e15ba6affea3ead90fe1c213db18bae1b6bb14dbed4598b436b115c8f7,DK,Denmark,,vmess,websocket,tls,failed,failed_unverified,0,reset,1,,
5de97853cb91a9b00c478992d9af3a7a127f7a1805b991a3469f8b4af8b2085b,US,United_States,,vless,websocket,tls,failed,failed_unverified,0,reset,1,,
5df79d4d1e961bfd85f69b894ffa0cb5fcc6d437666d1266e6876a171ab6c0b0,,Unknown,,vless,websocket,tls,failed,failed_unverified,0,reset,1,,
5e01e9982280a9aa69019f4397b1501f3a33b168c9243f35c3e1d09f0753d4cd,GB,United_Kingdom,,vmess,xhttp,tls,failed,failed_unverified,0,timeout,2,,
5e16c37279b18b8e9d1333c8f4ace2de932d5af0ce3200212be61c13d8a43521,HK,Hong_Kong,,vless,raw,reality,failed,failed_unverified,0,reset,1,,
5e1e823870270c75b7faffef706d6af249cfe8aa9b1d616e25f017f96e1ecad1,GB,United_Kingdom,DE,vless,raw,reality,geo_resolved,fresh_verified,0,,1,http,5077
5e2472e292c501e2c9933bf9dce3b441a1132e6950f90f6e08e1e7340eb56f60,,The_Netherlands,NL,vless,raw,reality,geo_resolved,fresh_verified,0,,1,http,2104
5e26886c67fae3a03859ad41a7c97be105a6476ecd6c4535ee9625b6fd82485a,DE,Germany,DE,vmess,websocket,tls,geo_resolved,fresh_verified,0,,1,https,50
5e2f4be9f023cce4166ac3a107dda1bee98b259618dc212af7d948255166ffe4,US,United_States,,vless,websocket,tls,failed,failed_unverified,0,reset,1,,
5e305dd423918a65dad4a6c861f8fddd7dae1ec7dcf11bcae58668e06c429655,AU,Australia,,vless,websocket,tls,failed,failed_unverified,0,reset,1,,
5e37b2813e5bf4b88d23c1e96631a63f34184b89e5dd9423c08885570b087794,US,United_States,,vless,xhttp,reality,failed,failed_unverified,0,eof,1,,
5e37cc7af562fa55ff3796110cfc090ef1c8b94ea47f0a682002d00c1b0d8f54,,Unknown,,vmess,websocket,tls,failed,failed_unverified,0,reset,1,,
5e3f7aba7fd2e25790fef1d286331535268774a62851fbb6437e0c999b44ea03,,Unknown,,vmess,websocket,tls,failed,failed_unverified,0,timeout,2,,
5e429a58b6c32ee113bf2e76535a70a9934e82871f4d0eda666ac202357df96e,,Unknown,,vless,websocket,tls,failed,failed_unverified,0,eof,1,,
5e46bc5341c335f8b968791597d4b21fef9a63446acdd662617a42e4f4160b5f,IR,Iran,,vless,raw,reality,failed,failed_unverified,0,timeout,2,,
5e7776cb867701639b7b3b8362a25b9fa34105e9646a69ab0bb3544c160e019d,,Unknown,,vless,websocket,tls,failed,failed_unverified,0,reset,1,,
5e92cca7c640493f24794c33cc59d6b3ebc772bb9b586cd22ee211f3f5c826c9,IE,Ireland,,vless,raw,reality,failed,failed_unverified,0,reset,1,,
5e968b35075e050964e1cdb7b35f3dd7e0585705f1dc223adb826759eab1a02b,US,United_States,,vless,websocket,tls,failed,failed_unverified,0,timeout,2,,
5e9b72975b1d1819661026c780aaae5afa237e27dfba23aaf521aa2810e1dfd2,VN,Vietnam,,vless,raw,reality,failed,failed_unverified,0,timeout,2,,
5ea9c0408e14235cb90b420c14812942d124a9e52a4fe0fdbe7a5f387525bedb,,Unknown,,vless,websocket,tls,failed,failed_unverified,0,reset,1,,
5ebfaf24c6c2c94b3dc19619c745957a5189f95948ddb274ec76b23bb984404b,,Unknown,DE,vless,xhttp,tls,failed,preserved_last_known,2,reset,1,,
5ecaa32346cc86ed149cba725336b4a103551ac43575b1b7ac298b28bfd184b5,US,United_States,US,vless,raw,reality,geo_resolved,fresh_verified,0,,1,http,2422
5ecf04487710c75a3128fc40dea23a464764614439c3c119db85298c56b67f47,US,United_States,,vless,websocket,tls,failed,failed_unverified,0,reset,1,,
5ed569568ef4a8bc359459fd8e1f1519b816067de51585dc395656c948980f34,MK,North_Macedonia,,vless,xhttp,tls,failed,failed_unverified,0,timeout,2,,
5ed8cca240d0230c214da6596e085976ef3afaf7bbf982b34383ca8de4310fb9,RU,Russia,,vless,grpc,reality,failed,failed_unverified,0,reset,1,,
5ee20d35db4e1669aa6307cb6bca2e71c8fbfafc64d08918b064243bc3c1ea28,,Unknown,,vmess,websocket,tls,failed,failed_unverified,0,timeout,1,,
5ef24303e9c8eee60b24268fe65ceb855b957aaa49aa856b819aa91fca9fd5d7,,Unknown,,vmess,websocket,tls,failed,failed_unverified,0,reset,1,,
5efcf233315ceea01ad7c451a9cbd199f89332e0c406af94df307ba2b4b45dc1,SC,Seychelles,,vless,websocket,tls,failed,failed_unverified,0,reset,1,,
5f064ad09eab773f987f90e0ba024dd0bdb91b636f5e5a7101d0d6f3a9aebec0,GB,United_Kingdom,,vless,raw,reality,failed,failed_unverified,0,eof,1,,
5f3595fe1d5e41837c378b0736d2c2fe2dcab3389f93fe9064ac7b53acabc473,US,United_States,,vless,websocket,tls,failed,failed_unverified,0,eof,1,,
5f3dcf26a8c8db2f7b54abfbb93e1c928033972bc28bfa5511e25b92ca896a6b,US,United_States,,vless,websocket,tls,failed,failed_unverified,0,eof,1,,
5f44a29999fd26ad649b7b8d78de59e6eaf598c921c444e8e78ebe78ec9abd41,SC,Seychelles,,vless,grpc,reality,failed,failed_unverified,0,timeout,1,,
5f4bc836f89c587c3a67cc68411f5428d97dd0a53245963cc2de9c148c5eee6f,,Unknown,,vless,xhttp,tls,failed,failed_unverified,0,eof,1,,
5f4fdb21d268b2f6b8a1bb79065a336e72d50960b3e30e9cc0fd8dc0a4f3b3b7,,Unknown,,vless,xhttp,tls,failed,failed_unverified,0,eof,1,,
5f54c441d1b934b3555ede0e7a6250a3af300d0b939968f20414c37fdca69143,DE,Germany,,vless,raw,reality,failed,failed_unverified,0,eof,1,,
5f9040c8639002a09d75312e497d7ac2dcb598a0ffb0a97f39e172f7a8ec45d1,,Unknown,,vless,httpupgrade,tls,failed,failed_unverified,0,reset,1,,
5fc114dda52c87340e1631537f49a30c812d6b77a6b0237666a37e42178bb952,,Unknown,,vless,xhttp,tls,failed,failed_unverified,0,reset,1,,
5fc1ed4688811c55b675faedda42cac1a0bcb76f30814e269c5ac7b9d5ba9bd8,DE,Germany,DE,vless,raw,tls,geo_resolved,fresh_verified,0,,1,https,5576
5fe8a3a7bb1afe10e77ad5615fdd000824465571b96b7c740a6e2c64739665f1,,Unknown,,vless,raw,tls,failed,failed_unverified,0,eof,1,,
5febbb4e8767c0cd94637e87d6c93a3aa4889f3f720d3896ad14c08eb9b66fa5,,Unknown,DE,vless,raw,reality,failed,preserved_last_known,1,timeout,2,,
5ff76928cd1a492c178536cf9617c2bb293916b468326e5c6331e6a8bbe99dd6,,The_Netherlands,NL,vless,websocket,tls,failed,preserved_last_known,2,timeout,2,,
6007795620288d89a0a42b19649eb4487440223a7d590c6610f3a4b0ab3636d6,FI,Finland,,vless,grpc,reality,failed,failed_unverified,0,timeout,1,,
6010843ce5225c2aa4b38c2b8eed5e5b04d45f2072613f8c38a50eb5f9a79f27,BR,Brazil,DE,vless,raw,reality,geo_resolved,fresh_verified,0,,1,http,2658
6018e6d49e22ec9ba19e7ea78726c1b366b6efa7318f6e91738b73c224febf48,US,United_States,,vless,websocket,tls,failed,failed_unverified,0,reset,1,,
60355c0b51eaaa731071d2c5d959976e08e8734c84dfe223c04ec5a8cdca3582,EE,Estonia,EE,vless,xhttp,tls,geo_resolved,fresh_verified,0,,1,http,3185
6041781ce9d6da402bcaffa9cf5d196a22c211125179b4d1fcba758dbd7ca044,NO,Norway,,vless,raw,reality,failed,failed_unverified,0,timeout,2,,
604d104e16fa8d0f7412a1a462b24f8b9e852a8a88259403877183601451d096,BR,Brazil,,vless,raw,reality,failed,failed_unverified,0,reset,1,,
6067d7285a9977b4c57f5080973a13d16a6234d75f226a9cecd828f8693b5a33,LT,Lithuania,LT,vless,raw,reality,failed,preserved_last_known,2,eof,1,,
607e51551f1336dc94f5697e9f0428d7510bce047dfa33db3d263e12d144124b,,Unknown,,vmess,xhttp,tls,failed,failed_unverified,0,eof,1,,
60839be35480b5306d360e3b7fc712aec214fece991c6e5adfcfb24a95d314f0,CN,China,,vless,xhttp,reality,failed,failed_unverified,0,eof,1,,
6090b3b199b48268b284809e6bc49f46758d049cae83f3d652efc6c396c568b3,US,United_States,EE,vless,raw,reality,geo_resolved,fresh_verified,0,,1,http,2166
609792f47f6c6f7c31022c691d220cf47c87bf01157621136649bab017a46440,US,United_States,,vless,websocket,tls,failed,failed_unverified,0,eof,1,,
60a3fce2bfce7691b3ee6e057c1a820ba1997107edca844c82aabdf003076630,,Unknown,DE,vless,websocket,tls,failed,preserved_last_known,2,timeout,2,,
60a6992391b7de4464f62deeb83a9b239d1a9ac0339596594b828d7b86f829f8,,Unknown,DE,vless,raw,reality,geo_resolved,fresh_verified,0,,1,http,2822
60a8a002953cb861f38b853042777e03a63f1c79e6c4857fc3412f993d0e5ca4,,Unknown,,vmess,grpc,tls,failed,failed_unverified,0,reset,1,,
60adf4b09262674ca51d57fbf51d0c65cdca6d7ac610dc0713a142cf611bb27b,,Unknown,PL,vless,raw,reality,geo_resolved,fresh_verified,0,,1,http,2103
60b7a9c44ccfaaa4302816b348fd1941d62211f08b920532a5daa6c1504e4624,SC,Seychelles,,vless,websocket,tls,failed,failed_unverified,0,reset,1,,
60b843800815dfd009755ebdb617412d3f67b0c5ac155a2d6fe8efc436cd007f,US,Us,,vless,websocket,tls,failed,failed_unverified,0,reset,1,,
60bffc9692757bf6e8a938409fb6bfe6d7e0f252e6ebc3097e310a73779021b5,,Unknown,,vless,raw,tls,failed,failed_unverified,0,timeout,1,,
60c55f54ce5809bee7c51b9dc170b659e648fde348cad8be4ca2d519887193c8,,The_Netherlands,,vless,raw,reality,failed,failed_unverified,0,reset,1,,
60c73e3512de171b3b0225b16f82d2462f6573bd03a3495c634bf60d2121b9ce,,Unknown,,vless,xhttp,reality,failed,failed_unverified,0,reset,1,,
60d300698f82a670f7eed2f6ad5abb3fa7461a66486ca69df34ed14b2fa0d673,GB,United_Kingdom,DE,vless,xhttp,reality,geo_resolved,fresh_verified,0,,1,http,2159
60e93d3fa235937382547b2de7606a0d0741084953cd0fdb12cc6f84042376bb,GB,United_Kingdom,US,vless,raw,reality,geo_resolved,fresh_verified,0,,1,http,2332
60eb805357e380ffbd09446b5e2ab42595ebab4e1f18178f055de2ba20149d1f,GB,United_Kingdom,,vmess,websocket,tls,failed,failed_unverified,0,reset,1,,
6103e2e3ce6e83d0b3c88a1d7d5f5e2b6b469956002d30b661fa8631a9296598,,Unknown,HK,vmess,websocket,tls,geo_resolved,fresh_verified,0,,1,http,3190
6111477d5cbefdc2425c7a44ff0045361e44d25e33064cf76675a40cfb9b697f,,Unknown,,vless,websocket,tls,failed,failed_unverified,0,reset,1,,
61122add27009bcc5fcaaf7f729b7fd8bb061ff3ddb08aeb3269ac976bb2a411,IE,Ireland,NL,vless,raw,reality,geo_resolved,fresh_verified,0,,1,http,3601
613d17cbfb60c838144325681c8f128f64fd6d07ca567874ea5bbd4cbd65fe69,JP,Japan,,vless,websocket,tls,failed,failed_unverified,0,timeout,2,,
61491194b4244b028cc0007d7e95588de02cf5f04f32e92bafa3211c9b20f2d1,,Unknown,,vmess,websocket,tls,failed,failed_unverified,0,eof,1,,
61841455998d8f550dbcb134694a6fda491ccfa558ef61a7932c42eae27e3e9a,,Unknown,EE,vless,websocket,tls,geo_resolved,fresh_verified,0,,1,http,1334
6184185bbfa09723cd4a15548d39ae63a92b690a4bac4ad88e5aff2114015c1f,US,United_States,,vless,websocket,tls,failed,failed_unverified,0,reset,1,,
6187d148d66b63d17e481a5095b3ab938e9553c666a1682b1953c5ee5eda00ec,,Unknown,,vless,websocket,tls,failed,failed_unverified,0,reset,1,,
618850ff653d2babeb5056e2946daeb8ca6dd9553376a850f035c6f7a8bf880f,DE,Germany,,vmess,xhttp,tls,failed,failed_unverified,0,reset,1,,
6189c35c85370fa5a664140078f30d7ca099d17c7b359cc7e596d12f7524db19,US,United_States,,vmess,raw,tls,failed,failed_unverified,0,reset,1,,
619068e4ac9bdd3bc7485ea787c466a157901fb00c711cd321b0465bd241825e,US,Us,,vless,websocket,tls,failed,failed_unverified,0,reset,1,,
6194e22df3dc7d8f8fd43684eddab59150055b9c3c3bfa9def9ab67b088e557b,,The_Netherlands,,vless,websocket,tls,failed,failed_unverified,0,reset,1,,
61b13d370074151246ad0f6ac630fb889b42037e6b3151dc82592414667cd810,DE,Germany,DE,vless,websocket,tls,geo_resolved,fresh_verified,0,,1,http,2161
61cd6b52754edb441a3e96add75cd4050d3dd6c56edb339fa0a2c12e3a521f63,TR,Turkiye,,vless,grpc,reality,failed,failed_unverified,0,eof,1,,
61cf715180a39fae596bee7b09268244c9281f741ef10fe844c0749e26cad702,KZ,Kazakhstan,,vless,xhttp,tls,failed,failed_unverified,0,reset,1,,
61d6cfe6e1510dab164182df0000ef112857a8c9b3fb738197c7746aacd3eda1,,Unknown,,vmess,websocket,tls,failed,failed_unverified,0,reset,1,,
61d85427e54b83eb21cc3ba01825b826fd8dfb7e06904ab0deac12be778cc99f,US,United_States,,vless,websocket,tls,failed,failed_unverified,0,eof,1,,
61dcc97f7f5951a01376c9af7232a76e84c16a58fdc0b754882c6af0af697203,US,United_States,FI,vless,websocket,tls,geo_resolved,fresh_verified,0,,1,http,1149
61e740529679663f649f17209042d9ee2cbbfa0fd9aae868d0ba1fb8cb9e2102,FR,France,,vless,raw,reality,failed,failed_unverified,0,eof,1,,
61e8e319d18e1a11a37ee3449d0e3ba7eeca5ea7acca590b3820fb4fc596e763,GB,United_Kingdom,FI,vless,raw,reality,geo_resolved,fresh_verified,0,,1,http,3218
61f5204d59f21786b08c043a6a2c0219944d34d9cc79a85b37bcba11d71c151b,HK,Hong_Kong,,vmess,websocket,tls,failed,failed_unverified,0,timeout,2,,
61fdf58e907b3e6d61c94694b32c1f38856ec7438fb7a8c0f7c887f2fae1e31f,SC,Seychelles,,vless,xhttp,tls,failed,failed_unverified,0,reset,1,,
61ffd41a286b44e28852a56e8e368e5a1279febf03bb9985ff2ffdba2307f7da,DE,Germany,,vmess,raw,tls,failed,failed_unverified,0,timeout,2,,
6212119acedeafbd97de542ee86f8b093bcf5ae7e090eae87e87f367c8810f09,,Unknown,,vmess,websocket,tls,failed,failed_unverified,0,timeout,2,,
6238ee3f49c7bd4f6ff8696b7be2ac394f336b2cdb598cb31314c67934cd59e4,US,United_States,,vless,websocket,tls,failed,failed_unverified,0,reset,1,,
623d99daeabd8d6ae8f976b268f3ea95a464a6773f0bbb4dc3049fc5df559a7a,,Unknown,,vmess,raw,tls,failed,failed_unverified,0,reset,1,,
624692b563211bec0584296146cd8596ac3ce72692192c845dbf15e9a8394e52,,The_Netherlands,,vmess,websocket,tls,failed,failed_unverified,0,reset,1,,
624b00c28e75d2f0b729ed5e0f8b0b8f7efd6246d1f8bbb6ccaa21b29c041044,FR,France,,vmess,websocket,tls,failed,failed_unverified,0,timeout,2,,
624e5ce04c091adf0faa05a480b649b3c4d019bb0c175c973302512218478f52,,Unknown,,vmess,raw,tls,failed,failed_unverified,0,reset,1,,
624f919571055f690f3840ff552bae3940d6764e5b395e601bccaaaa90400fcb,,Unknown,,vless,xhttp,tls,failed,failed_unverified,0,reset,1,,
6265a8d9d832536fa9c624ecf55d0707ce8635e40458401ad6b2b7ba48fe4e50,PT,Portugal,,vless,grpc,reality,failed,failed_unverified,0,timeout,1,,
6269c42e5d6607a02c55f7330824cb7432c59005365bbd69c41db7b057e34bb4,,Unknown,,vless,websocket,tls,failed,failed_unverified,0,reset,1,,
62979d9dee8cdfedb0e93d9937029c3d9dabfeacf5664d1f25382f42ef39c26f,US,United_States,,vless,websocket,tls,failed,failed_unverified,0,reset,1,,
629f84b089067e30b68480dc03c5cc87f6aad582a3d5694701270fdcddf66331,CA,Canada,,vless,xhttp,tls,failed,failed_unverified,0,eof,1,,
62a28acc0e4c2065ef7e40e64209927bd458c5edc71cd96eb4623a21e0a6e8af,,Unknown,,vless,raw,reality,failed,failed_unverified,0,eof,1,,
62a4289e20137ed88d9f431333ac3219610d33fc2f75c3dd9105425a7be31270,US,United_States,,vless,websocket,tls,failed,failed_unverified,0,reset,1,,
62b3edbd02efc968a3a2dcc57a50da618375dc4b1a805bfd16d23ef12c71c11a,,Unknown,,vless,xhttp,reality,failed,failed_unverified,0,eof,1,,
630ac49d0091f51c903822186e5ad479e70738c9759bc1de627f453e8e49522c,GB,United_Kingdom,DE,vless,raw,reality,geo_resolved,fresh_verified,0,,1,http,2853
63191034981d08ce945c6a3033611ae60660faf6bfb7a49961f7b2863b438877,,Unknown,,vless,xhttp,reality,failed,failed_unverified,0,timeout,2,,
6321d416a7bb79b3d544cd86ca513be1618285ff8aa9da47cf73adc5b5280b69,,Unknown,,vless,websocket,tls,failed,failed_unverified,0,reset,1,,
6326e5e375f9d7ab4a27a1730171b9bbf03ab5a662edee24155b7d13746086f3,DE,Germany,,vless,raw,reality,failed,failed_unverified,0,reset,1,,
632708098073349a04814352793ee874d18f7e0c95af6e9764ec1f4dc00f60f7,US,Us,,vless,websocket,tls,failed,failed_unverified,0,reset,1,,
632e65605837053bc6f38933737661039b43e7eb9ef5e49d165f5abb9aa544d2,,Unknown,,vless,websocket,tls,failed,failed_unverified,0,eof,1,,
635cb1dd84ccf6bcdf7be17b6c3268215ee6a56cd6d03c0a985f1ecdb32fcc31,DE,Germany,,vmess,raw,tls,failed,failed_unverified,0,timeout,2,,
6364bae8d5a9abaa1387536adec28859c105490d0407fb3b78584a878e25cbd8,,Unknown,,vmess,websocket,tls,failed,failed_unverified,0,reset,1,,
63aa9c917aa61c4faca186a34b816402fac909445456e30c68851c223ac41911,,Unknown,,vless,raw,reality,failed,failed_unverified,0,reset,1,,
63d3b31e9afe61f6eca794a7ae3d2dd799870303aca83346b3685ba817977502,,The_Netherlands,,vmess,websocket,tls,failed,failed_unverified,0,reset,1,,
63db55d94d9959c07853d1fa8a06ffbb0a5928545a8cd2548d1e4560fca309f7,,Unknown,,vless,raw,reality,failed,failed_unverified,0,timeout,2,,
63e046a0107d05a200d3e1938c7580506f03aa910ed9ed294c320cd74a35116f,US,Us,JP,vless,websocket,tls,geo_resolved,fresh_verified,0,,1,https,3096
63e74cad362f4a07f4270345d5a643d575246c46b871b196ded42070eee60975,,Unknown,,vmess,websocket,tls,failed,failed_unverified,0,reset,1,,
63ebf993c1b772392ebfdd6e7c43618afe5a06c69bd56a5fd37dd1fe576c3503,,Unknown,,vmess,websocket,tls,failed,failed_unverified,0,reset,1,,
63ec9b90d33629e4867d0619f17deb2ce9c72f058ddc3ccf76f646a9eb86321b,IE,Ireland,,vless,websocket,tls,failed,failed_unverified,0,eof,1,,
63f76e035370cb53d295fe3c2ce1a6b07a8e6e26811b368014e2862a823f8ac4,US,United_States,,vless,websocket,tls,failed,failed_unverified,0,reset,1,,
64320111e2dcc0760728461c2805c9e04f113b3b7475fb36d557defa26fdad2a,TR,Turkiye,,vless,raw,reality,failed,failed_unverified,0,timeout,2,,
643b695eba54eccff75b7cd89834d6433eb038d6966b4b6121890ad13fbc01e0,RU,Russia,,vless,raw,reality,failed,failed_unverified,0,eof,1,,
6442b2de57c126e81d00076f210181c3cb5b95fd8d65be0b041f61dcb8a8caf8,,Unknown,,vmess,websocket,tls,failed,failed_unverified,0,reset,1,,
64433e1c8d0ff1bd24922a5dd0dc2091cb6dc5e3789cb02859a678765d36b868,CZ,Czechia,DE,vless,raw,reality,geo_resolved,fresh_verified,0,,1,http,2983
644835b18ab664fab48ae28d26085f21079304a2b987f399c071abd19007ae3e,,The_Netherlands,,vmess,websocket,tls,failed,failed_unverified,0,reset,1,,
645472b028f0a7811cc8d47d43b1f62c5aecebdb060f4060ccc74519c828f79c,,Unknown,,vmess,websocket,tls,failed,failed_unverified,0,reset,1,,
6461be11c54f7e08ca1fcda7eb1cc89c271510ac16b3725f6b9791e4347f38fa,US,United_States,,vmess,websocket,tls,failed,failed_unverified,0,reset,1,,
64900bf17add5598961f5209ec26c4bb38f569b3c5b53b5e53576529e5d1c2aa,US,United_States,,vless,websocket,tls,failed,failed_unverified,0,eof,1,,
64a00e05dc9299a385b0a7a80f3dc1713319bdafb45dd6ff103296c5fe62375d,US,United_States,,vless,websocket,tls,failed,failed_unverified,0,reset,1,,
64acb9befb183fb5a81b9a7f692f4ad8ac3838e5d63239d86b60f8644078736e,US,Us,,vless,websocket,tls,failed,failed_unverified,0,reset,1,,
64af12cf1caa3e4c3f74274ca3bd5e79a4e73ced0ae7b1abe243502398202e70,US,United_States,,vmess,websocket,tls,failed,failed_unverified,0,reset,1,,
64b1fe80ee42f755695d3ddfa013ccb107cde5149429ad11223ef4c6bdb59979,,Unknown,,vless,xhttp,tls,failed,failed_unverified,0,reset,1,,
64b5476ffbabafa0fd9d9bc274df9c39fc76fc34a0260d63bff9f6ac2b664e4c,US,United_States,,vless,raw,tls,failed,failed_unverified,0,timeout,2,,
64bb135b50bb8928de0235354bb4ca96c208cc091aef78086a6a4dc49cd49c36,FI,Finland,AM,vless,raw,reality,geo_resolved,fresh_verified,0,,1,http,2862
64cfa9c8effe915569316c6e2a5abd8101fadfc0479504e245f9d4c34c34aec9,IE,Ireland,,vless,raw,reality,failed,failed_unverified,0,reset,1,,
64d2fc0c9f67d72a8ec4b021232045fa2abe31b465d53c284b767cf14ccdded8,CA,Canada,,vmess,websocket,tls,failed,failed_unverified,0,timeout,1,,
64e631b70009be262b9ce46ba1df104743e77a8aa53b636daab2477bd3679c26,US,United_States,FI,vless,raw,reality,geo_resolved,fresh_verified,0,,1,https,3212
64ea8f72ea4b47891fc9c8ff215637ca02f39d942d89e2ec3769fb412bbb7394,,Unknown,,vless,raw,reality,failed,failed_unverified,0,reset,1,,
64ed761ccec664926b2b137c23d9215ba49cffeb920ec853410e71fef0e555df,IE,Ireland,LV,vless,raw,tls,failed,preserved_last_known,1,eof,1,,
64f1173f0317db7e5fe15ae1d4e37a51417aa675238ee9d4e1eee00e59c03099,,Unknown,,vless,xhttp,reality,failed,failed_unverified,0,reset,1,,
6500c85d62f547ab7d994710ba9513188541d3eac08fd226d4da5ae5a102aab6,GB,United_Kingdom,FI,vless,raw,reality,geo_resolved,fresh_verified,0,,1,http,4161
6503bc46ca27bfb0547f1dabe4486d85d632f4d649d87c41114f097180b43094,US,United_States,,vless,xhttp,tls,failed,failed_unverified,0,eof,1,,
6503fabb24a0ee817bb23a057f1d90b715c2a0c81d93355af677c3a32d6353f4,DE,Germany,,vless,xhttp,reality,failed,failed_unverified,0,eof,1,,
651bf7ca5290205aa8aef3dd55bf3b93ac4ad15cf08428757b6dec43e6be97e5,,Unknown,,vless,xhttp,reality,failed,failed_unverified,0,timeout,2,,
651f8a0b80180ac4ea255e7dccc9511fd05e07fd4b61628494cfd51470ce10a6,IE,Ireland,NL,vless,raw,reality,failed,preserved_last_known,1,timeout,1,,
6527ebeeb26e5cfa5eda770c1539957e81cf5e2f099219c58cddd0ef946fea7b,,Unknown,,vmess,websocket,tls,failed,failed_unverified,0,timeout,2,,
652f56dc2893dce52e51f2aea343d081254217779d659275d9760490a235ac80,,Unknown,,vless,websocket,tls,failed,failed_unverified,0,reset,1,,
6534d72715adfaec3b36ab3ea0efb9d1ca302226bafb2003e89a956bf9d57295,US,United_States,FI,vless,raw,reality,geo_resolved,fresh_verified,0,,2,http,5770
65380734294968ffe6cce1a72be1d54677c7d2aa51cd3702d43df8b3f7c09f8b,DE,Germany,PL,vless,grpc,reality,geo_resolved,fresh_verified,0,,1,http,2120
653c3e4b18f95c4d733f6db9071eb7f3fb3739b628b8b3f1fb943bb1f9929336,IR,Iran,,vless,raw,reality,failed,failed_unverified,0,timeout,2,,
653d764395b0567be9700e8bc35bd7d74dc6da4be785a518e81d52ccdc18a813,US,United_States,,vmess,xhttp,tls,failed,failed_unverified,0,eof,1,,
6549f7a9f1637037e9af156d0634934603492b4682c4904606c4f08d338fa03a,,Unknown,,vless,xhttp,tls,failed,failed_unverified,0,reset,1,,
65544631a2529518aa72f06d2224572d954033da7b7c7c7d51f659aa70ea285b,SE,Sweden,,vless,raw,reality,failed,failed_unverified,0,timeout,2,,
655af18cb4161e4de106939c0602fd322ad1420ebb0549b349c3ad220829e139,,Unknown,,vless,xhttp,reality,failed,failed_unverified,0,timeout,2,,
65710d9373da69f04d4f1233c4536ade21993820854c0953620746d1507a203f,RU,Russia,PL,vless,raw,reality,geo_resolved,fresh_verified,0,,1,https,569
65897251187be2f324488d83d50ae08ce8f7f8f0b5967dba2044268fa54de615,,Unknown,,vless,websocket,tls,failed,failed_unverified,0,reset,1,,
65930d14ccbc69ea8cb147cf928c3793b921a5c1e93b913a8610c79c6a971aa9,GB,United_Kingdom,DE,vless,raw,reality,geo_resolved,fresh_verified,0,,1,http,2042
65969aba8d8689424550e91115aff940068325a8f83dd6b1e43bccb23f4e7cdb,SG,Singapore,,vless,raw,reality,failed,failed_unverified,0,reset,1,,
659c5976c0c23e386d108ac38405eaf16ac6185a9293d471fcc71b67a3b1d756,MX,Mexico,,vless,raw,reality,failed,failed_unverified,0,eof,1,,
65b7bfd2c2e0b72e2089ecbf61fcb997fc0697e23f1a380765d91a3527c014a1,,Unknown,,vless,xhttp,reality,failed,failed_unverified,0,eof,1,,
65ba69314a65d50b372859f9ab4f3d1f73c486166082c9a90f32c2b3df2b8398,US,United_States,,vless,websocket,tls,failed,failed_unverified,0,reset,1,,
65c50c74cbf25c79036ed7a40015702541e2b8e5243c25306f6446d8c7917f6e,US,United_States,US,vless,raw,reality,geo_resolved,fresh_verified,0,,1,http,2490
65ca37f7f179f18022a69a13c86801173af37ba75b13f3482535145aebc6fe98,LU,Luxembourg,,vless,grpc,reality,failed,failed_unverified,0,reset,1,,
65d4ccb56d68bace7f8dc1b97023d0e4836237e4264bcc2bb0343b2d8ba4eeb6,,Unknown,,vless,xhttp,reality,failed,failed_unverified,0,eof,1,,
65d7dec09138d77d669d158022164cf8ceb6949daf64a48cf2beed98aa162f5c,US,Us,,vless,xhttp,tls,failed,failed_unverified,0,reset,1,,
65f9b87d5ef521342fbb1a452f6a2601600202ec89fff915dc3e421dec0ea19e,,Unknown,,vless,websocket,tls,failed,failed_unverified,0,eof,1,,
66042f0e8a092d7cbdad3f64e3ea155925c5f1941f357a54c5c2a5c9b6663b85,FI,Finland,,vless,raw,reality,failed,failed_unverified,0,timeout,2,,
66132b238135b24e328a372f7347dc2ca4a9dc508ad67a3faeafbfc10509e431,US,United_States,,vless,xhttp,tls,failed,failed_unverified,0,eof,1,,
661c5da08f9e22c17b09fd997936d7dd0c68556decdb31934675a112c925ed81,,Unknown,,vless,raw,reality,failed,failed_unverified,0,reset,1,,
662e9d986d239a441e25b6cd6fe706ae5adc019d88a30f89d36f86798b357e90,,Unknown,,vless,websocket,tls,failed,failed_unverified,0,eof,1,,
66308506c020c52d41b28abb2ec755bcd7729d33148f6fb2649ff5f1f37aec06,DE,Germany,,vless,xhttp,tls,failed,failed_unverified,0,reset,1,,
663403b02b0414807fcfb1aa9f6e30b4940e55ed2b3dba8b17d41fc5d3f5066e,,Unknown,,vless,websocket,tls,failed,failed_unverified,0,reset,1,,
6643ab8f5c60267536d9c656efc77ff3a326584927e70ee50628b6abeefdcf21,,Unknown,,vless,websocket,tls,failed,failed_unverified,0,reset,1,,
6646889052d02cd7b544262475901671a0063bf467db81e167712a62d26d0533,IE,Ireland,LV,vless,raw,tls,failed,preserved_last_known,1,eof,1,,
6648531ba7b3118cacd7b5551b95b2e362360a1fa55a1ca699e4b64ec6b5a0c5,BR,Brazil,,vless,grpc,reality,failed,failed_unverified,0,timeout,1,,
664bc28dfd4d7014e3807203b5fbed8989e1b2507e61a6165c69cb8b3a8f0000,,Unknown,HK,vmess,websocket,tls,geo_resolved,fresh_verified,0,,1,http,1891
66512dc111f8b86b51e1b7b7cb99c11658ce9c14e2b278ef8f16c896ee043d13,US,United_States,,vless,websocket,tls,failed,failed_unverified,0,reset,1,,
66526a8554c74baef94abc3a2a5aeeb11f4830e0c4be6e63fc14ff799cb75bbd,US,United_States,,vless,websocket,tls,failed,failed_unverified,0,eof,1,,
666147a9c54ced0ce8b169f4a06c750b45a1f23226768c23c5fb35213645f582,,Unknown,,vmess,websocket,tls,failed,failed_unverified,0,timeout,2,,
66683362dddc2a5ebcae06fa37b3b369dadac4fb7aadfdb5f8a14f0929fb694a,CO,Colombia,,vless,raw,tls,failed,failed_unverified,0,timeout,2,,
66760ea440f24e7384690b920941c38cb3fad49dd2d48be6c35be2e5ab6b7e39,DE,Germany,,vless,raw,reality,failed,failed_unverified,0,eof,1,,
667a674d484d5be44c8e25f82ce87d575dfc098a3939463522f6f6a57c7158af,,Unknown,HK,vmess,websocket,tls,geo_resolved,fresh_verified,0,,1,http,2242
66856189093addc4a453f7791e90c1055dc8da5591a7c4b9f1eb1d7e5894c252,,Unknown,,vmess,websocket,tls,failed,failed_unverified,0,reset,1,,
668d51057c447f13ef571736f9815e956dd68dc4beaf6231bbeb7b0d47f7bfc8,US,Us,,vless,websocket,tls,failed,failed_unverified,0,reset,1,,
669c58445c418bf0a386fd00001ff2d2e90ee236eae67ca073744a237d61b714,US,United_States,US,vless,raw,reality,geo_resolved,fresh_verified,0,,1,http,2415
66a8fbab905c66953daebd0decd75b3243c30404c0f38b386ad138e8e8a8ace6,,Unknown,,vmess,websocket,tls,failed,failed_unverified,0,reset,1,,
66a9034c2e6d6106c1028f200aa4d145ac66b5d498ca498901bdea8349383d20,,Unknown,,vless,xhttp,reality,failed,failed_unverified,0,reset,1,,
66b55f94b1a697569576f874a7e5898643f0d708a3af163eddce8564a5d0f72f,,Unknown,,vless,websocket,tls,failed,failed_unverified,0,reset,1,,
66bcf1583a7929481eff144ed84d9ca17f785981109726b4e313daaff87d4777,US,United_States,,vless,websocket,tls,failed,failed_unverified,0,eof,1,,
66c0454d508bcdca3ebe68cb612db69962cb17c299666772e961885ece6f049a,GB,United_Kingdom,DE,vless,raw,reality,geo_resolved,fresh_verified,0,,1,http,3725
66d56669487df2befde5471bfffe344cf6c626b6ae576d03b3d1e631bdb219a3,US,United_States,,vless,raw,reality,failed,failed_unverified,0,eof,1,,
66dcd12d3ecc4da5c18efb9a7aac94553601de5ccc8f79f1608662063930d666,,The_Netherlands,NL,vless,raw,reality,geo_resolved,fresh_verified,0,,1,http,2108
66de8221b0f7d3b35200b5425f4f8a7b80fba204ddb589d83718e819fa968d2a,,Unknown,,vless,websocket,tls,failed,failed_unverified,0,reset,1,,
66e9dcbd9eeaa82cac03ebe7844c0929d60cf8b9f10ad9ac91afcbb81712d397,CA,Canada,,vless,websocket,tls,failed,failed_unverified,0,reset,1,,
66f678be7a52657207502b123d60b585ecdb52147e3a21846c4d1cd341f2d908,CZ,Czechia,,vless,grpc,reality,failed,failed_unverified,0,reset,1,,
66f6b0318700f16388050c3941be9de94e2d8b34d9bb46f0f6c43963e458b3cd,,Unknown,,vmess,websocket,tls,failed,failed_unverified,0,reset,1,,
66fb92b255594273ec7ae57d7552ae75c887c2b7cb3d56228ab81b58ea3db5e9,US,Us,,vless,websocket,tls,failed,failed_unverified,0,reset,1,,
66fc61f2f2336fe51570ae53069f0db1513f7700ca386f71949926ddf043bbaf,,Unknown,,vless,xhttp,tls,failed,failed_unverified,0,reset,1,,
671640407eb9aa6cdfc7d21455de5e8b442c31458c799bd26a1e4fb77bc88d5c,,Unknown,,vless,websocket,tls,failed,failed_unverified,0,reset,1,,
672057fe71bacd52bf0d782683bee7642e594c4bd848db803ac7aa0ef099f42f,,Unknown,,vless,xhttp,reality,failed,failed_unverified,0,timeout,2,,
6732ab9680aa6b2b4122691869747e27bee2326755c859e010b217be1edbe7c3,US,United_States,,vless,websocket,tls,failed,failed_unverified,0,eof,1,,
67448f0772a31e7d2ee12de0f635041b80f0074085fa717b854660b91f3279e8,,The_Netherlands,DE,vless,raw,reality,failed,preserved_last_known,2,timeout,2,,
674e04fc2c19ee7ec54a996e05c87a574c17da3993152e4c2a879a26d27d3e9e,US,United_States,FI,vless,raw,reality,geo_resolved,fresh_verified,0,,1,http,2658
67509db674161bb0b9a98809d71d3d23c4c3c5a6d63b440cd5cdf4fb53d74446,US,United_States,US,vless,raw,reality,geo_resolved,fresh_verified,0,,1,http,2383
67990b9c315a071a1f07a5e9e73e07246b0b9bd0f7a2c41d0e3fb28a4ccb3e93,IR,Iran,,vless,raw,reality,failed,failed_unverified,0,timeout,2,,
679d6207d4b66104e695a97e1415e5c6b64e4112e0fa82b35d1ab44eaf6b4e07,,Unknown,,vless,websocket,tls,failed,failed_unverified,0,eof,1,,
67a725d9d62418e378d6b2aaeea4faaf9bbe73d83fcf779b2121ca389f8ea173,US,Us,,vless,websocket,tls,failed,expired_after_failures,3,eof,1,,
67a88bfb6c29e4150bf45077fdb2c29ff43adae29b688ebaffe4445b2357d369,SG,Singapore,,vless,raw,reality,failed,failed_unverified,0,eof,1,,
67b3f6f5e913b2eef2a3474714768595cdfe3797ccdcceec3c8a7b7f4c1c6c2c,IR,Iran,,vless,xhttp,tls,failed,failed_unverified,0,timeout,2,,
67b56d9c9683b2d50c23397d9fdc25fcfdd2bd54c316b9f860ca4b74f8ebe054,,Unknown,,vless,raw,reality,failed,failed_unverified,0,timeout,2,,
67bc7a3e6fedddb8f721bbb84fe2a3fde752b3a8a4cb2893e167f737056ec9e7,IL,Israel,,vless,xhttp,reality,failed,failed_unverified,0,timeout,2,,
67cdc1901ef26aca8a1466db7ce3d38c3749b12f014bc873b5cc8d3d98b16278,,Unknown,,vless,websocket,tls,failed,failed_unverified,0,eof,1,,
67d3433d68734087edf700a3e08953102df59ee43f2d9fc60376e323b07373db,MV,Maldives,,vless,websocket,tls,failed,failed_unverified,0,reset,1,,
67d4e5ce00355e60b555b9eb2c974dac87922961aa1273b7d778dc31fb5e1100,,Unknown,,vless,xhttp,tls,failed,failed_unverified,0,eof,1,,
67e63591bffb237ff26f9283fafc2be55bf7aceb109029e5d09b9a0e39a28e85,US,United_States,,vless,raw,reality,failed,failed_unverified,0,eof,1,,
67f1a27a427e4e706db7a7f70a9068ff740c453740b0c3c829ca402039504530,GB,United_Kingdom,DE,vless,xhttp,reality,geo_resolved,fresh_verified,0,,1,http,2194
67f89261ed083e1428b577957893d080c839d65a0e4a94f724eb9876aa11e27b,,Unknown,US,vless,websocket,tls,geo_resolved,fresh_verified,0,,1,https,456
68034d87ec300b43d792992fcd0d99826c3a65b127e80cfc12a4859e143f9101,,Unknown,,vless,raw,reality,failed,failed_unverified,0,timeout,2,,
680435c746e0535153b9dd78acc16b3a399d2f0730a94624ecb2b7d4baf69662,,Unknown,,vless,xhttp,tls,failed,failed_unverified,0,reset,1,,
680aaa526ab958c24098540646721ba9b2a9c0c93bf66a1d11c1f041f29d32fa,,The_Netherlands,,vless,websocket,tls,failed,failed_unverified,0,timeout,2,,
683c4b6d680b665330b990068c31afe3901465c221ad180194c600c168c631ff,IE,Ireland,NL,vless,raw,reality,geo_resolved,fresh_verified,0,,1,http,3373
68431596270714458a8f62f9e4e9431760a181d8a52f429cd7d41b0a23905f2c,RU,Russia,,vless,raw,reality,failed,failed_unverified,0,eof,1,,
684d2faeefb16d0d20830d4abb3b93b38f5edb5b7721eb17affcb1dfd3f1b6e9,RU,Russia,,vless,raw,reality,failed,failed_unverified,0,eof,1,,
685e2d33e5418b234a29dd0dcd5c0faa13aeb01f4ea87fd99a39753e4e608bcf,FI,Finland,,vless,raw,reality,failed,failed_unverified,0,timeout,2,,
685eee8df10723e576bae766d6ef6b18e27396235f8ea83dc45e7c84ccbb9bb5,PL,Poland,,vless,raw,reality,failed,failed_unverified,0,timeout,2,,
6887cc8bf4dce5fb9370ee28fe45bd724a550e3b0f1022186cfae0a87b27cd54,US,Us,,vless,websocket,tls,failed,failed_unverified,0,reset,1,,
688e2c377bda11bbb0b8922b482d396068c88080ebd2403dae5a1dcd3f94cc93,DE,Germany,,vmess,websocket,tls,failed,failed_unverified,0,reset,1,,
688f2f535ac3333e9d41bc4f8d14cc952aeaad21e51ae2d6f057e65c73b4a7eb,RU,Russia,,vless,raw,reality,failed,failed_unverified,0,eof,1,,
68a7e47c3efeeba77af24e93f44a3848bf7e0810c51c9adf348f8620b5adf174,DE,Germany,,vless,raw,reality,failed,failed_unverified,0,eof,1,,
68a8880b532b1398f8de5be910075976dded124393dcc1f3d5098b27ac819fc0,US,United_States,US,vless,raw,reality,geo_resolved,fresh_verified,0,,1,http,1347
68a8bd5be9e7adc5d053ff4555556342171cd062c6bc253edd4102b06521eec1,,Unknown,,vless,raw,tls,failed,failed_unverified,0,eof,1,,
68b8f3ac76992394c6ef2e7a74469be4a2431e8eb22dcb25ddb4da91c3bf51c5,EE,Estonia,EE,vless,xhttp,tls,geo_resolved,fresh_verified,0,,1,http,3184
68cf36de3ea9eb2c9c13f0a1f3602ad726ff6405572f62e868af9d2620d827f9,US,United_States,US,vless,raw,reality,geo_resolved,fresh_verified,0,,1,http,2420
68f14325d9413b074801ba321f0690dc16e99268f1eaea1678b5fac09e770026,US,United_States,,vless,xhttp,reality,failed,failed_unverified,0,eof,1,,
690de5dfb18cf6164e08b076f7022fec6ea2d6ce6f93c891952ec1cc9decea67,,Unknown,,vless,raw,reality,failed,failed_unverified,0,eof,1,,
692e788fbe759e9e69c433d3d839e1e9765f2d05a60ff303cd154f6530cdf476,,Unknown,,vless,xhttp,tls,failed,failed_unverified,0,eof,1,,
6931bf36eadac91e38cc7429f42e182e22bbb2bb274f32d5bdfa56dde3c82f73,IR,Iran,,vless,raw,reality,failed,failed_unverified,0,eof,1,,
693e18b76a7bc9efeec5e7e8138a03b7c5789bfc561178f4b1d02c94b5985a0e,US,United_States,US,vless,raw,reality,geo_resolved,fresh_verified,0,,1,http,2487
6943f3941ebfb1dc2b5e340b1e9f00738b6f72e019387dff76b47ded519f148f,RU,Russia,,vless,raw,tls,failed,failed_unverified,0,reset,1,,
6960c9bb9f8825f48d79ce54a602789fd8f7aa13543b6a563401d9ddc478816b,FR,France,,vmess,raw,tls,failed,failed_unverified,0,reset,1,,
697555067cbffab2d85d7d44b148aa4c8f23e1b18aec4530f94c298391deed3a,,Unknown,DE,vless,raw,reality,failed,preserved_last_known,2,timeout,2,,
6997dfbdbbc7c69bb18a58b8a630912c33b85101c3d60b3f4bc7130cbeb63504,DE,Germany,,vless,raw,reality,failed,failed_unverified,0,timeout,2,,
69b11d6a1cd4fcff83b7633012441929fe68f2c5c9a6332603cff481cfcd7182,,Unknown,,vless,websocket,tls,failed,failed_unverified,0,reset,1,,
69b1ecb2d4964b119e711fce1e4e8367d0ff69de6cd4994e2a03db63f9537ef6,IE,Ireland,,vless,raw,reality,failed,failed_unverified,0,reset,1,,
69c85d348c65c892fce9937c11a521e60637b859d82613daf75dbce3d7fb12b7,,Unknown,,vless,websocket,tls,failed,failed_unverified,0,eof,1,,
69c87a4eebf57069e9cb3226b376bdde7821dbf62c96d9d8249fc931d1c663d1,EE,Estonia,EE,vless,websocket,tls,geo_resolved,fresh_verified,0,,1,http,1185
69d70f3b86420a65034bc0f7f08d57046682d0c1ec6ab05de612c0502df5fb99,,The_Netherlands,,vmess,websocket,tls,failed,failed_unverified,0,reset,1,,
69e3d34ea5b38613dc16f4483ba1ae33a4d919941375cd9464eb5ae9c64da4a3,FR,France,FR,vless,raw,reality,geo_resolved,fresh_verified,0,,1,http,3096
6a1dfec19fba6ad046898036849a0f488d96df55075e5661a5d6fd2fd290a94c,DE,Germany,,vless,raw,reality,failed,failed_unverified,0,timeout,2,,
6a1fd1dd1db464c9f6d50c6ff841e773775e771d5481052d2fa6159026d6f08c,,Unknown,,vless,raw,tls,failed,failed_unverified,0,timeout,2,,
6a2126aecc9a8bb9c7ee0925d54fd5bbcdc5f92ffe102b93fb24630c43f136e6,DE,Germany,,vmess,websocket,tls,failed,failed_unverified,0,reset,1,,
6a266e7d31e1dcd87bbd957e0871667edb35dbcdda736a35876054d568e56fff,,Unknown,US,vless,raw,reality,failed,preserved_last_known,1,timeout,2,,
6a28ed1b182edf461480e45898f0db505f6b907ae80770ac3fb7478b34249dc0,US,Us,,vless,websocket,tls,failed,failed_unverified,0,reset,1,,
6a2b945ff7ae68285a062c726d2ffb5cfcbfa294bc053f1140b02328fff5936e,,Unknown,,vless,raw,reality,failed,failed_unverified,0,timeout,2,,
6a2c1eafe6ca84186bf9c615888a615348a6754b6e33a7567f9ca1898bae1fc3,DE,Germany,,vmess,xhttp,tls,failed,failed_unverified,0,reset,1,,
6a3ba9b29e665cf9ae3d344a3f8cdeba97825d3c5a32ff6be415296aa1571167,,Unknown,,vless,xhttp,tls,failed,failed_unverified,0,eof,1,,
6a4bd719b79848c3d6a6f395cbd63ee5e2d6253949011f2a2c7c99b898b62d28,HK,Hong_Kong,,vmess,websocket,tls,failed,failed_unverified,0,reset,1,,
6a4c43b3435928455c89ad70ea6ee4c25826d19e0e8c7445aea244fabd1a67a5,,Unknown,,vmess,websocket,tls,failed,failed_unverified,0,timeout,2,,
6a633e2b0494e36e0b7e5c7f7466f03c3d824a6f6cfa81a68df35aad8e3f2649,GB,United_Kingdom,,vless,raw,reality,failed,failed_unverified,0,eof,1,,
6a7590f30299fea4c6ff409948c7d4e797005b30509aa6ab66ed5154f0873dc9,US,United_States,,vless,websocket,tls,failed,failed_unverified,0,eof,1,,
6a794aedb6d48e829f3b009fa500bfff19c58ce94c2db0fb27aa02a7ec656545,,Unknown,,vless,xhttp,tls,failed,failed_unverified,0,reset,1,,
6a994762eaccc0bc55a037fd9980237f7d30873b1e621fd2ed730c1e40e475d5,RU,Russia,,vmess,websocket,tls,failed,failed_unverified,0,reset,1,,
6a9fef2ed624c0ebb5a9ae66aa737cdd194ffa47ea749d177816d569e29a377e,,Unknown,,vmess,websocket,tls,failed,failed_unverified,0,reset,1,,
6aa688f58ad226634a28e76a2045cf136211dce6ebab2599805dfbb5c6d5c710,US,United_States,,vless,websocket,tls,failed,failed_unverified,0,reset,1,,
6aab4649d2055123cd2544bbcc38eac6700c790181e3f3b5ce1736dfc0da6782,,Unknown,,vless,xhttp,tls,failed,failed_unverified,0,reset,1,,
6ab722af2c4483c1f0fa98b486a524098a97639c2eb6dfd377f31f0fcfd6bdbc,,Unknown,,vless,websocket,tls,failed,expired_after_failures,3,eof,1,,
6ac31848ea13fa48d9306f5de1b56623145b72cfe19c426068f5c824c33da0cb,,Unknown,DE,vless,raw,reality,geo_resolved,fresh_verified,0,,1,http,2034
6ac630a31a5e5ef22e1cb686166e4aab29d3e7c1b6a6315281f1bb345148b450,,Unknown,NL,vless,xhttp,tls,geo_resolved,fresh_verified,0,,1,http,2104
6ad4637b8ff1dd6fe34ff9ea1bc7aed477f6b17bfacceb32b324ab8b46091251,FR,France,,vless,raw,reality,failed,failed_unverified,0,eof,1,,
6ae3828732e59aa98be9e340dc967cde9938e3eb3034fe9b87615b71b399eda9,,Unknown,BG,vless,grpc,reality,geo_resolved,fresh_verified,0,,1,http,2140
6ae52ffdb2a9391d7757146878114d25c7c97a32f75fc63f9f9b65101932f0bc,US,Us,,vmess,websocket,tls,failed,failed_unverified,0,reset,1,,
6aedcfc3f160115d3a9a7680edd5b2626fe1e5f58836668a2ed6e4b6ef296cb3,US,United_States,US,vless,raw,reality,geo_resolved,fresh_verified,0,,1,http,2353
6aeff9fccb8daf2e3b0ec4d885ef6096653ce3fcf08d20db319866ae0bf464de,,Unknown,,vless,xhttp,tls,failed,failed_unverified,0,eof,1,,
6af1a22167c1d6b6db7fcfcc96f9302889e71e93cd38ee6818a25aad6d2d6b20,,Unknown,,vmess,raw,tls,failed,failed_unverified,0,reset,1,,
6b02b0af9703e094e512299e3b357fc849875d450a1785e2fc7de8bd1471558f,,Unknown,,vmess,grpc,tls,failed,failed_unverified,0,reset,1,,
6b059e3ad787b5dbed11b0322238fe52552eb9abde6e512ac7d36d4200c28790,HK,Hong_Kong,TW,vless,websocket,tls,geo_resolved,fresh_verified,0,,1,http,1216
6b170ec51cf8a3a604b95bff5369988ec25d4fd6c260ee39393a45f1ce56ea0b,,Unknown,,vless,xhttp,reality,failed,failed_unverified,0,eof,1,,
6b2a80d93a913face246d523a74df2a8d2fccd5801a2c58dd3dcedbc6dcdf4c1,US,United_States,,vless,raw,reality,failed,failed_unverified,0,eof,1,,
6b4d79b84b8382545597293874cb59c82ebe576bb7286f740332aa58ee1ed90f,DE,Germany,,vless,raw,reality,failed,failed_unverified,0,eof,1,,
6b576837d51aece08ba9d373af1dff7fe8ca32b302f5f92a19338721d86dbe32,,Unknown,,vless,websocket,tls,failed,failed_unverified,0,reset,1,,
6b66f48aa56f89af176926dfda78df67ec6dac10553f33ead53e5c50e53bf032,CY,Cyprus,,vless,websocket,tls,failed,failed_unverified,0,reset,1,,
6b736ad9748094bc45a24aba77fd10d7e4e38e52b6e4b09aefd1624cf5343d23,PL,Poland,PL,vless,grpc,reality,geo_resolved,fresh_verified,0,,1,http,2603
6b849b00c6ece05e9f42b6241964d35fe50a17012e78002e12d227d8c2bd6748,,The_Netherlands,,vless,websocket,tls,failed,failed_unverified,0,timeout,2,,
6b8c43a5e7e8cc48b0169b3934dad139d8792143e0c23180a56421fdbed45f43,US,United_States,US,vless,raw,reality,geo_resolved,fresh_verified,0,,1,http,2443
6b94b7add3c4f130faa98257e9eb036cb559f4c1a8319f93bee70ec81c2e48a4,,Unknown,,vless,raw,reality,failed,failed_unverified,0,eof,1,,
6b966adfb07c4d436e08502fd9b7e3f073bd23897ac6427698af2669c10b7023,US,United_States,,vless,grpc,reality,failed,failed_unverified,0,timeout,1,,
6b97e85fcc549a2610d702e12f0d93b81c9d6c9dc161e1da86f60aa0c550a7d1,RU,Russia,,vless,raw,reality,failed,failed_unverified,0,reset,1,,
6bb02b02e24a5beb3ec5567a173a4b491665bf57c29396071b18b173a41caa75,FR,France,,vless,raw,reality,failed,failed_unverified,0,timeout,2,,
6bcaef6648912c17f6ea2a937c13670ddfd31f1dd2263195815d5fd2d8194002,,Unknown,,vless,xhttp,tls,failed,failed_unverified,0,eof,1,,
6bcdc3740b5156fa6885809a25d22075799af574660a1090eaa207befdb9aa03,,Unknown,,vless,xhttp,reality,failed,failed_unverified,0,eof,1,,
6bce31caa14959cc367ad870a31049afc2df23f75626ca06b482ab650fe73018,,Unknown,,vless,xhttp,tls,failed,failed_unverified,0,reset,1,,
6bd8a654105a87d0082f880618fe08cc1ebcc14f9d66c3c0b74002ccad1969bc,US,United_States,US,vless,raw,reality,geo_resolved,fresh_verified,0,,1,http,2414
6bd8c5afb115417c794e601f8d808540e3dd82393393b0697ba8226d466fa1f7,,Unknown,,vless,raw,reality,failed,failed_unverified,0,eof,1,,
6beefabdfc81d58e5041d4574db6ca1e1c6d165f90c3365b5f006a981b65339a,,Unknown,DE,vmess,websocket,tls,geo_resolved,fresh_verified,0,,1,http,1049
6bf296846321cbc8fe0a16b0ecfcf8138efeb28643b9befb54e96f856c1b4d46,MD,Moldova,MD,vless,grpc,reality,geo_resolved,fresh_verified,0,,1,http,2344
6c0280a570470d96bab91cfa4283b6a547b4350156597403decdbaf8574bb48e,IQ,Iraq,,vless,raw,reality,failed,failed_unverified,0,reset,1,,
6c0868a63190c325a13b64bffd93bbe948b4e275e51dc170e6634dc066936490,US,United_States,,vless,raw,reality,failed,failed_unverified,0,eof,1,,
6c17eed06d54f9854beb6d1a717007474ef8ce8aeb28357f9f63dae6a1234c06,,Unknown,,vless,websocket,tls,failed,failed_unverified,0,reset,1,,
6c1bc9bc01c8e7b70c485097415ec0e226394f343d60731a6011db05de96c6e5,,Unknown,,vless,grpc,tls,failed,failed_unverified,0,timeout,1,,
6c33dc283314bd0ae1128c55d58516a1e912c340bbd2f62f2b9d2294a341d21b,US,United_States,,vless,raw,reality,failed,failed_unverified,0,timeout,2,,
6c35e5627c493a94137aa0e816ee3966a893eb9fc789b115dccb7e51d39926db,,Unknown,,vless,raw,reality,failed,failed_unverified,0,reset,1,,
6c39b8dc700a1b7df6d2503c8ac8a4d6a9477046a61feb0d5fd6c25ab56cb509,GB,United_Kingdom,PL,vless,raw,reality,geo_resolved,fresh_verified,0,,1,http,3699
6c4b17fb48f82225de832329a4068798fb800abeb4291cf8c0451fc4fa201f54,BE,Belgium,PL,vless,raw,reality,geo_resolved,fresh_verified,0,,2,https,5304
6c5c1954d14eb529ac2613c9078092f3422629f8869e75bdf568776fc421607a,IT,Italy,,vless,websocket,tls,failed,failed_unverified,0,eof,1,,
6c6548c84a2904474964d4a3bfe7a6fec2f2707432327aaaf19eecded9fa56ea,,Unknown,,vless,websocket,tls,failed,failed_unverified,0,reset,1,,
6c6ee0a883a7154b0621a31a814706d48bf108aaff8114c90c7c1cd42722c7d7,FR,France,FR,vless,raw,reality,geo_resolved,fresh_verified,0,,1,http,2067
6c79600e7854c3f60163433664dce231b5740738cc4adfe16ee085ddc96be93f,US,United_States,,vmess,websocket,tls,failed,failed_unverified,0,reset,1,,
6c7e25f8533c9f23663f039374f077e9343b74ca3f7f97a317ee706042f32b0d,US,Us,,vless,websocket,tls,failed,expired_after_failures,3,reset,1,,
6c884d203f0932cff00dd110ed34bf024b50b32f006bb244838b443aa8af40d0,US,United_States,US,vless,raw,reality,geo_resolved,fresh_verified,0,,1,http,2308
6ca399d54ee8cdf922adbe5dbfecf08ac2f4d46e1dd0d5840745a1555a20e41d,,Unknown,,vless,websocket,tls,failed,failed_unverified,0,reset,1,,
6ca4738a993f179800af8b3de1690a786739154a9f51d7c0cd23db2abb31764d,RU,Russia,,vmess,websocket,tls,failed,failed_unverified,0,reset,1,,
6cc9f9ea438736a32e299498677d8bfa4ead96b3b6a5c075f15e6a053ff0797c,ES,Spain,,vless,raw,reality,failed,failed_unverified,0,reset,1,,
6cd32bbffe0e3f1717764100ad94d08cdb23c91f5f539518be0caf40caf6990c,US,United_States,FI,vless,websocket,tls,geo_resolved,fresh_verified,0,,1,http,1110
6cf4fb628d6458a93c30e667b7e0fb8c7f436229a4659ee5834b007d4e74c645,,Unknown,,vless,raw,reality,failed,failed_unverified,0,eof,1,,
6d17933bea91e29340cbc0577befd55c299fcab9001cd1b495de05ee2a6c3d65,US,United_States,,vless,websocket,tls,failed,failed_unverified,0,reset,1,,
6d38a58f425d818eab770d2fc43816e25fe73ce5e115a689de555199041b6988,US,United_States,,vless,websocket,tls,failed,failed_unverified,0,reset,1,,
6d51eb20a8eef01f09edc2925f08c1526836f0ab7ae374684e9e498a27e710ba,US,United_States,,vless,grpc,reality,failed,failed_unverified,0,eof,1,,
6d654509532761b80b76fafd826f2ff228d92966a1bb1c6a8ae10eec788458e4,,Unknown,DE,vless,websocket,tls,geo_resolved,fresh_verified,0,,1,https,5161
6da1a980439c16bb615a92b38fa2225aa320ac7e6f3c95f79ca86f3623031433,RO,Romania,DE,vless,websocket,tls,failed,preserved_last_known,1,eof,1,,
6db0686b3d5a9a7829053ebbcf60c9c20a303f48940e65f2c2142e5b13eef116,GB,United_Kingdom,,vless,raw,tls,failed,failed_unverified,0,eof,1,,
6db6124eee8376c101c5cc937338c4402f8c5ae43a7b06cda65eb3b5fd42c38b,LV,Latvia,,vless,grpc,tls,failed,failed_unverified,0,timeout,1,,
6dbf8ccef076b951fb20b400b10c34b667dcbab607a9fc7e6bbcba30c580cb1e,,Unknown,,vless,raw,tls,failed,failed_unverified,0,timeout,2,,
6dca008487714da43200b57cf1d3eb4f05ea6cddc524cb6a9dd90f2f97aedbfa,US,United_States,,vless,raw,reality,failed,failed_unverified,0,reset,1,,
6dd1241b68841956da78c98c171d6c526975d6a2d317bff0d05b38ce4c96a0f2,SC,Seychelles,,vless,websocket,tls,failed,failed_unverified,0,timeout,2,,
6ddc767bb6a8dca6e12ac3ce49b016fbf7dc8e6e5646f74d718e3a39f6d44853,US,United_States,,vmess,websocket,tls,failed,failed_unverified,0,reset,1,,
6deaa15cc25ea2324f586af25350d364e53edfd9e944dc9cc9100b23ca87d4a6,,Unknown,,vless,raw,reality,failed,failed_unverified,0,eof,1,,
6df74f90c19dd8b5c001e979c0b63fad0349de241062d13d6db20bdb7440c926,,Unknown,,vless,websocket,tls,failed,failed_unverified,0,reset,1,,
6e097800064760914f98b1ace2cb4c9e423b9f35f250793741f42f5e221a5903,US,United_States,,vless,xhttp,tls,failed,failed_unverified,0,eof,1,,
6e1aeb82f3702de478cb8e67f84fdd20f3cc0f43ad300db310b5eda2f254d77f,FR,France,FR,vless,raw,reality,geo_resolved,fresh_verified,0,,1,https,6454
6e1fd6eaa7740aa094e8748feb333b2fd03939b92a23c31503f3f042da180ae9,,Unknown,,vless,websocket,tls,failed,failed_unverified,0,reset,1,,
6e383bff2cf0200b8c0a25bc2fa2808e86d12561ae59fe539b8f59c9f4949a0f,,Unknown,,vless,raw,reality,failed,failed_unverified,0,reset,1,,
6e4fb007f9a6a96c8417408a7658793e867de3fe2031c4649c36298b98fad67e,,Unknown,HK,vmess,websocket,tls,geo_resolved,fresh_verified,0,,1,http,3245
6e5367045b9092597983b66c3e4f8bbb1c7650469a74ca9a9c279479c4022c3c,PL,Poland,,vless,raw,reality,failed,failed_unverified,0,reset,1,,
6ea1d2dc4daa8a909206829174cc4574a591cdb7e0b96fe5733ccd482969a460,,Unknown,,vless,xhttp,tls,failed,failed_unverified,0,eof,1,,
6ec4a666d96edbf380499227bb67b6bfd08e3cbf1a9fb8d8ba6129d072bcc96f,,Unknown,,vless,raw,reality,failed,failed_unverified,0,timeout,2,,
6ed35d0e1cde612139648760a07cd216362a97d3cd8c4a8b97bfec46d82ba441,,Unknown,,vless,xhttp,tls,failed,failed_unverified,0,reset,1,,
6ed66575be4bd2684902a8d2c12ea727560acd0ef8864cab1991d4c093558742,,Unknown,,vmess,websocket,tls,failed,failed_unverified,0,reset,1,,
6f07799fc58ab2add7b365930c0353bc8103a3687f61f06fd245f8393e9b60ba,US,United_States,,vless,raw,reality,failed,failed_unverified,0,eof,1,,
6f0935600a109ec1a1229491934e5117f180c3a6f0c9804b52fa870f5f4a2f15,,Unknown,,vless,websocket,tls,failed,failed_unverified,0,reset,1,,
6f1953159186d4b2911488eaaaa7b751440eb04466b46956aa4814ac7bf7ad7a,SG,Singapore,,vless,websocket,tls,failed,failed_unverified,0,eof,1,,
6f25c932e5eb136726b1461989c2c78f33569347650a25d951276eedcf923135,,Unknown,,vmess,websocket,tls,failed,failed_unverified,0,reset,1,,
6f354aac2b89d7ad4af498cdd26e8b612184ec28d8875bb51cde944347776821,,Unknown,,vmess,websocket,tls,failed,failed_unverified,0,reset,1,,
6f3ea408484a75615cca871ec08fa73445c84d628c2d25e724c42942e3a616bc,,Unknown,,vless,raw,reality,failed,failed_unverified,0,timeout,2,,
6f5c52e567bc33f2ba20d61a8bf02c754fec3ca44cc7c953327e6c26106d760b,FR,France,,vless,raw,reality,failed,failed_unverified,0,timeout,2,,
6f64f94403629f7e17c1d1e7bec0b2557aaf0f606541b32c4a9aef2d68ee9a23,,Unknown,,vless,raw,reality,failed,failed_unverified,0,reset,1,,
6f6be9b566b18bc0d41d8a218163ebdf39d88f591f596fe176ba103e7a637220,,Unknown,DE,vless,raw,reality,failed,preserved_last_known,2,timeout,2,,
6f71884007e43ec4b5abbfebb475154bf790ff33099fa791db4fd4941d2633ee,,Unknown,,vless,raw,reality,failed,failed_unverified,0,timeout,2,,
6f71dc6b4063b334b1ed9b7b170bb45bbebc9c11efc3cbecbc909cd1016acffc,,Unknown,,vmess,websocket,tls,failed,failed_unverified,0,reset,1,,
6f7c81ef079a1047b0855990e6bb12de4d726a897928f40b7a87b89c67735ac4,,Unknown,,vmess,websocket,tls,failed,failed_unverified,0,reset,1,,
6f8ab692e7b7a24f41a2e1929fdd2da94756340f16cfa251e92d263ad25f854f,,Unknown,,vmess,websocket,tls,failed,failed_unverified,0,timeout,1,,
6f911068c8b7dd1bc894ade1fe376c860f3975e124e3baf01ad3caa69a1047a2,IE,Ireland,,vless,raw,reality,failed,failed_unverified,0,eof,1,,
6f985de10bcd80b694857c8fd3daf8e34dea64f8880228742c07c99d82b72432,,Unknown,NL,vless,raw,reality,geo_resolved,fresh_verified,0,,1,http,2245
6fbc246c2110c39df288060c144d806777a4f55c671703c7672ff5f4f55e4660,RO,Romania,DE,vless,raw,reality,geo_resolved,fresh_verified,0,,1,https,2774
6fbc9b9c6c7370ccdeee4515f0d764dff05b5dd67b15e384fe941c5181198ba0,,Unknown,,vless,xhttp,tls,failed,failed_unverified,0,reset,1,,
6fcec84b14f73ce0ee4a60187c37ad36ae9934f3550515aba09de34feedcd68d,,Unknown,,vless,websocket,tls,failed,failed_unverified,0,eof,1,,
6fd2f58ebea910431efafe879c841ec33847630aa165ec6d9a00d1ef8babc680,,Unknown,,vless,websocket,tls,failed,failed_unverified,0,eof,1,,
6fd71fe037506d46cad19ceddf081a0b6cee7a524eb62c5e905026ec17699d3f,US,United_States,,vless,websocket,tls,failed,failed_unverified,0,reset,1,,
700209823dbe43237badd34d94384147e7d84cca7d9ebde36aad1cd06d462f22,CA,Canada,,vless,websocket,tls,failed,failed_unverified,0,eof,1,,
70067df9af4ca06e66448d32984923e1266d6046aa53bc12acca303c6c56b09f,DE,Germany,,vmess,websocket,tls,failed,failed_unverified,0,reset,1,,
700857661c1591a3fde5f7324c825863217bd7eb5fe66306c6fa2e0db3f9b576,,Unknown,,vless,raw,tls,failed,failed_unverified,0,timeout,2,,
7008f6ad0e707c866b4018573a4feb0c30186d84e0b3e907cdb7396fff351ee3,DE,Germany,,vmess,websocket,tls,failed,failed_unverified,0,timeout,2,,
70386efa4e00a757131208c5d8c3e4d68459631bba3fbe44e59c8e534f2e8ecc,CA,Canada,,vless,websocket,tls,failed,failed_unverified,0,reset,1,,
703adc17e900c4c2182ef7bfdeecde3fd108a35d17aaf3c564c6593ba0dfa91c,RO,Romania,,vless,raw,reality,failed,failed_unverified,0,reset,1,,
70450e49c27168698a48a1e14f2c2534c24c383f5b7a82b27c51dadc199347b3,RU,Russia,,vless,xhttp,reality,failed,failed_unverified,0,timeout,2,,
704a1d10effbdd9b680c2c7f055f26a9cef1c0183686eb03e1de5cd01dbf5f95,US,United_States,,vless,websocket,tls,failed,failed_unverified,0,eof,1,,
704fa0d8248b13374c6f5d43b96a687f18939d04e4d2df31b583a6eeb0e21130,CA,Canada,,vless,websocket,tls,failed,failed_unverified,0,reset,1,,
7050ef6f0d46cde067fa2bcd5f9ae924a946f3524cc154265c625bb87faec49a,,Unknown,,vmess,websocket,tls,failed,failed_unverified,0,timeout,2,,
70654e96938a986d86ccd9631ee1efc745e49adb93fb670d2274a09ee8e0e428,,Unknown,,vless,websocket,tls,failed,failed_unverified,0,reset,1,,
706a6ade179ebcf9e7a9a9e02f3166afa9e3e57b94baf3e7c56f398148088e40,,Unknown,,vless,websocket,tls,failed,failed_unverified,0,reset,1,,
70746c9cb9bc1efabbb8b20c8d92cfa7ef1c6081b065ac7a6a79ea2ad08fc797,US,United_States,,vless,raw,reality,failed,failed_unverified,0,eof,1,,
7085c516454874c606213cab99adcf2c2bdec204b0b0505101b4616f152eb17f,,Unknown,NL,vless,xhttp,tls,geo_resolved,fresh_verified,0,,1,http,2045
70912d64c3fbba92688e1a37eba3c05c8200cd324abb4e95aac86749b8b7ed0b,US,United_States,,vless,websocket,tls,failed,failed_unverified,0,eof,1,,
70c7567ac415ca900a4ab7138a1699e236105db1b3feb07be0c72e878f68206f,US,United_States,,vless,raw,reality,failed,failed_unverified,0,eof,1,,
70ded4edcaa8448887770100d2cfbb1a2c5534e9d6670175d63fa5e1ff96412e,GB,United_Kingdom,DE,vless,raw,reality,geo_resolved,fresh_verified,0,,1,http,2599
70e0c573368f76d9e5c28597b3fce71820b8a67ca22e7debe266cf278d8b58c3,,Unknown,,vless,raw,reality,failed,failed_unverified,0,reset,1,,
71014cfe54a13f55bde3bd2bf25897852e896429a82202ed814c540c9a1b8209,CA,Canada,,vless,websocket,tls,failed,failed_unverified,0,reset,1,,
7109778ce7ad046c2dcd30c3d3b21ab3af91962ab00184044f47b56176b9d4cc,US,Us,,vless,websocket,tls,failed,failed_unverified,0,reset,1,,
710ba326932ac4f4466a555b1aff15d0e944e9e51ec9888d1919148e71b595b8,,Unknown,,vmess,websocket,tls,failed,failed_unverified,0,reset,1,,
7118713dd1a5e3b3f3ad8ef8bb3867f1beb7d4dddbb4e5d827a5ca435ec0c70a,IE,Ireland,,vless,raw,reality,failed,failed_unverified,0,reset,1,,
712c346a516eb21aac3bb23896336a5dc48de41ff791e932d687db23bdc721b6,ES,Spain,RU,vless,raw,reality,geo_resolved,fresh_verified,0,,1,https,286
7130015cd806856dce0258f722e6f581f98874815d29d79dc6c4e7b0a28260bc,IE,Ireland,,vmess,websocket,tls,failed,failed_unverified,0,reset,1,,
713d050fc6cf55377f367ad9c5d21ddc3c82f384b90e8630bc3cd5256271bfd4,,Unknown,,vless,raw,reality,failed,failed_unverified,0,reset,1,,
71653d3a393ac3d6715d946046ef5fc352a12652b8748c94dc1a5c3f018de45b,DE,Germany,,vless,raw,reality,failed,failed_unverified,0,timeout,2,,
716a28086cc885b1d35c6545eeca455987f8b04380109bab53f41c31f2f13dac,GB,United_Kingdom,NL,vless,xhttp,tls,geo_resolved,fresh_verified,0,,2,http,3079
716c17edbd05f55aaf06bf9812d2e1962cdb4590f070e751bf71a48bf558431a,GB,United_Kingdom,,vless,websocket,tls,failed,failed_unverified,0,timeout,2,,
7185e7fbad16f6ed091c1c02e587ad5d6d06eaf8b6451c845899541cbd998ca6,SE,Sweden,,vless,raw,reality,failed,failed_unverified,0,reset,1,,
71b0a8bf8a45290356c199ba8c2062a83080d8b483c629e67800b218cec317df,US,United_States,,vless,websocket,tls,failed,failed_unverified,0,eof,1,,
71b3dbfbcba91878fb3c0ad65a28790791b28066a036b2259d9ab4baa13c143f,TR,Turkiye,,vless,raw,reality,failed,failed_unverified,0,reset,1,,
71b4564626ad2284d727de380a0b0c150e5a63f99729cff49231030abe3adb0d,,Unknown,,vmess,websocket,tls,failed,failed_unverified,0,eof,1,,
71b6193e386c20fe06373aa291d1ce8258a542518a8fd706f49649efaed78c45,,Unknown,,vless,websocket,tls,failed,failed_unverified,0,eof,1,,
71bd65c2c92c57d5ea2f5e41dbd883ecc15d7406b2b815e04bea13452efe4c31,BE,Belgium,,vmess,websocket,tls,failed,failed_unverified,0,reset,1,,
71c46872eba08efe5e0360e049155f7b0b9a2f22c90b5831167c1ed85967d424,,Unknown,,vless,websocket,tls,failed,failed_unverified,0,eof,1,,
71d64b31b918dfdf4c2af98f58630a776051172be82b4438f1caad176279b429,US,United_States,,vless,websocket,tls,failed,failed_unverified,0,reset,1,,
71e10175d2960090b9f95dd69b8f626f6815e4858f1cdb2b2cb8e54dda287bc8,,Unknown,,vmess,websocket,tls,failed,failed_unverified,0,timeout,2,,
71e250a88035b5dfedbd6d90df964641079058782f75b178237e6ed8de2c714b,US,Us,,vless,websocket,tls,failed,expired_after_failures,3,eof,1,,
71e7bb229f22689dd00968ce9530d7b9e9d3aeb522288a2ca1512ea9ed8ce672,,Unknown,,vless,raw,reality,failed,failed_unverified,0,timeout,2,,
71ef33d953ef290f2d7d6f47ca137716ef3d5150b33731cfaf8d271bf20fc8da,BR,Brazil,,vless,xhttp,reality,failed,failed_unverified,0,reset,1,,
7207da3a8cdfed1eb9c74b3c0407a75d0239afee8ee7566552879b96e64b5e27,DE,Germany,,vless,xhttp,reality,failed,failed_unverified,0,timeout,2,,
7209bdf61339886db4b1ac1e5fbb7cc7316e489aacd4deeb21fdeaac1a9d2795,,Unknown,,vless,websocket,tls,failed,failed_unverified,0,eof,1,,
720dd8803fb247f9b63367663395d69517e281c24598810f17b76ddcf2f77d48,CN,China,,vless,xhttp,reality,failed,failed_unverified,0,eof,1,,
721c566da40c80f07ebeb3010eb7b926fe932f26897e66bc172dc77057e4b6d3,,Unknown,,vless,raw,reality,failed,failed_unverified,0,timeout,2,,
721fced770d4aaa68df75ab74f58812b5111114e15db93f01e7e6afecc613c1c,CZ,Czechia,,vless,raw,reality,failed,failed_unverified,0,reset,1,,
7222a6c787caa20d5c4b1652bea39fde07207c8e746dbc84df9b8f9842468d57,,Unknown,,vless,raw,reality,failed,failed_unverified,0,reset,1,,
72262e1cf33172dd708fd4914895e35be566c9672c52d921a7085324e7830123,GB,United_Kingdom,,vmess,websocket,tls,failed,failed_unverified,0,timeout,2,,
7241db3d37c77e20fd8b02c0505fc6d0074d399c607a6f50837e9c481a02fef7,,Unknown,,vmess,websocket,tls,failed,failed_unverified,0,reset,1,,
725eb61c28cb083312d6d3f09b4f3ad3dfb5a1496680c83440bed3bf8315759b,US,United_States,EE,vless,raw,reality,geo_resolved,fresh_verified,0,,1,http,2623
7267872ce787e5ba6ef6ccc0bc836d0316e081c184318492c0c4559381023258,US,United_States,US,vless,raw,reality,geo_resolved,fresh_verified,0,,1,http,2349
726987e52c14d083569c2e136d4bb36299bc141e83c1eb2a0955d4ca038f5fca,RU,Russia,,vless,raw,reality,failed,failed_unverified,0,eof,1,,
7279d153a6d9405cd53faac9c2c629ba09c162b6daeac646fc4c37b31b610533,GB,United_Kingdom,,vless,xhttp,tls,failed,failed_unverified,0,eof,1,,
728042c3b7aea5bf448795112e534a75c9b49b3b3fc3f29d5ee91c85144e4a34,,The_Netherlands,,vless,raw,tls,failed,failed_unverified,0,reset,1,,
728fdbaaabcd2d511cdf16cd112bda107fe60e742dee9af0d09397479fe11574,US,Us,,vless,websocket,tls,failed,failed_unverified,0,eof,1,,
7294afd1cec4f6a86e1c0b9242c6f27366f010ae6a6614c08e77b49d78f8a49d,IE,Ireland,,vless,raw,reality,failed,failed_unverified,0,reset,1,,
72a3ae3135872b0bae04e3ce581802763359be97c05dec0a8026e18caf0ca5d6,,The_Netherlands,,vmess,raw,tls,failed,failed_unverified,0,reset,1,,
72a436ee5e57dda95e14128f6e4a621918b6b29aa240b8579fdeb3da35743753,RU,Russia,,vless,raw,reality,failed,failed_unverified,0,reset,1,,
72b63d3f1d52aac0c051d05d948eef0e6104af27707a706a74e00b1552d5537f,US,United_States,,vless,websocket,tls,failed,failed_unverified,0,reset,1,,
72c0d1124348c7fd6ec2da0c6d02d268fcde0a87d19daf32c3825afbdbacb6c6,AE,United_Arab_Emirates,,vless,raw,tls,failed,failed_unverified,0,timeout,2,,
72c785569a521c12a964472c76eae4f6f17f8ad9b79ffb0cdc688ed5b4b4f8ec,GB,United_Kingdom,,vless,raw,reality,failed,failed_unverified,0,timeout,2,,
72c88036a35500ceee669e82347a763c0a6939c40e2ce15e82b39a506cbdab5a,,Unknown,,vless,raw,reality,failed,failed_unverified,0,eof,1,,
72d092631ef1b58d4d34a75e10627cc892cae76e778e61774811c7acddcef24e,US,Us,,vless,websocket,tls,failed,failed_unverified,0,reset,1,,
7306603661a95993f6d7fb8a1acc4674822a1c41c62f847ca68e27b9e1188b56,CH,Switzerland,,vless,raw,reality,failed,failed_unverified,0,eof,1,,
73113b3216e73dd72fdb52eaa775a19741f0866165ba402cb10dbc228c2c5076,,Unknown,,vless,websocket,tls,failed,failed_unverified,0,reset,1,,
7317878ce56afd988b6c875c66c7dce018f0287e05d6742f2590e75413165a1e,FR,France,FR,vless,grpc,reality,geo_resolved,fresh_verified,0,,1,http,2118
731ceb7c7fd4788b0486225bb5a9c8cf67e03812ab8dd00f2053189ed0b338a2,,Unknown,,vless,raw,tls,failed,failed_unverified,0,timeout,2,,
7327d0ea3ec1bae3db7ef6a132d5fdbd309d480cde22583aebb2eb95823f7df3,US,United_States,,vless,websocket,tls,failed,failed_unverified,0,eof,1,,
73295bb90e117a5c47f2ecad86c4fa1a7823de7b78d763af639c8c868bfd53fe,,Unknown,,vless,grpc,tls,failed,failed_unverified,0,reset,1,,
73314fbfc19537d912b256c7ee708d6f3b4584460943ca998db201de7a02beeb,,Unknown,,vless,raw,tls,failed,failed_unverified,0,reset,1,,
733fc123aa93dd9d80016b52accc0d4b0e970d800d8fe8f6216b0edfa07471cf,US,Us,,vless,websocket,tls,failed,failed_unverified,0,reset,1,,
734eed8d56bfc02c84877b485dd86d8c64c928d368d776248ecd24aa1a93dd03,US,Us,,vless,websocket,tls,failed,failed_unverified,0,reset,1,,
73768a34a1c2aabc0029aece756e286a7e32fdd142cfd32eaa2a9b2df04f1d3e,,Unknown,,vless,websocket,tls,failed,failed_unverified,0,timeout,2,,
737ce0fe968bcf789efb8058390a03fc7fe4d315e34c94ef2c7c8259bcdb7b2e,US,United_States,,vless,raw,reality,failed,failed_unverified,0,eof,1,,
7380cc96e4631c7775078a703cb3856c0e506a196ee1eb0bff91b20ab2d04089,,Unknown,,vless,websocket,tls,failed,failed_unverified,0,reset,1,,
7399d73fc6b05949b674df533a59a246f554939a49c53a93ba5a580384e95a45,BG,Bulgaria,,vless,websocket,tls,failed,failed_unverified,0,timeout,2,,
73a084b894890bac26ac1465cf76afdd9a72d0483c32009514e93c4f133e0ec1,,Unknown,,vless,websocket,tls,failed,failed_unverified,0,reset,1,,
73b4a37e182419d0655cbe3f580247dcb46b08d7d564d524418a1e431a57b01d,RU,Russia,,vless,xhttp,reality,failed,failed_unverified,0,eof,1,,
73b803600df5915d03ba5f88c56af219568d5a0fa7bbe4e5d53f5bff3c9afbb1,,Unknown,,vmess,websocket,tls,failed,failed_unverified,0,reset,1,,
73d800a516e30593fa9f9cae0e72f1d6cbd4ac122eee8d85840cc66694bb6948,US,United_States,NL,vless,websocket,tls,failed,preserved_last_known,1,timeout,1,,
73d8cc1c3193b2a41d15bbe1bfe12067833499fbede3bfa6374a55728a09263d,DE,Germany,,vless,raw,tls,failed,failed_unverified,0,timeout,2,,
7412ac1aa7bd6fa317bc79065487d6ace4250cdf6bc36526aba9668cdbc85ee4,RU,Russia,,vless,raw,reality,failed,failed_unverified,0,eof,1,,
743f7407148428c0442a0f7c5fa624030cc25c084e982ee84a367938dff0b53f,US,United_States,US,vless,raw,reality,geo_resolved,fresh_verified,0,,1,http,2414
7443203f4c818195bffd4afb08843450b182fcc2c1994435fccf559d57391a94,LU,Luxembourg,,vless,grpc,reality,failed,failed_unverified,0,timeout,1,,
74459a0c41ff0073bbe0c91cd3b97cb54ad5e51796bbc78edf44e1f0d6d84d33,IE,Ireland,NL,vless,raw,reality,failed,preserved_last_known,1,reset,1,,
7458696eed40dd96f337cadbfe68ce673751c2b85299565b4c498b94eb67a6a8,US,United_States,US,vless,raw,reality,geo_resolved,fresh_verified,0,,1,http,3413
745ad37e07c952a6086bd03e8d77c928e10ba2608e358ff09052ccc84a4deb02,RU,Russia,,vless,websocket,tls,failed,failed_unverified,0,reset,1,,
7466b89f292318d1657d2a94f0c7301badfa44ad65453370208d41a23dfa4dfa,,The_Netherlands,,vmess,websocket,tls,failed,failed_unverified,0,reset,1,,
7480b4f0aa0d6ed3ed8a45f64510db312611ee5c33255827781a15b28e26442a,,The_Netherlands,NL,vless,raw,reality,geo_resolved,fresh_verified,0,,1,http,2434
74b54aece37364112562c875e743bba2435db2c426ef9161ba0ef099395c401d,,Unknown,,vmess,websocket,tls,failed,failed_unverified,0,timeout,2,,
74b5d88385ed71ba0adff53861f64b93799f2639f8d05b64a6561324ca3cff77,IE,Ireland,,vless,raw,reality,failed,failed_unverified,0,reset,1,,
74bd8f1214998014039f285895a5497b50fe72f2f93ab4139008134d80c7f5ae,,Unknown,IN,vless,raw,reality,geo_resolved,fresh_verified,0,,1,http,3890
74d39d62e8f418196824def80e65d04f45a4cfe5fb7a13c2ed78405bf0e35cd9,BR,Brazil,,vless,raw,reality,failed,failed_unverified,0,eof,1,,
74d923e05dd0993bbcdb098a2cb4aa2b9a528c110c1eb1dc3c78bfea1b2b3c61,US,United_States,,vless,xhttp,reality,failed,failed_unverified,0,timeout,2,,
74dec618ddc6898a68346bf1a9c076e3a012399dc653870409ab66161815398d,DE,Germany,,vless,grpc,reality,failed,failed_unverified,0,eof,1,,
74e0e2693fcac0236fe82192d2e2d3f27d0e8f6e624b94a9f9da22382f800406,TR,Turkiye,,vmess,raw,tls,failed,failed_unverified,0,timeout,2,,
74e58c8f40903d76c3e0652bd73474dffa5f04af5589aaaeea91e9077226465e,,Unknown,,vmess,websocket,tls,failed,failed_unverified,0,timeout,2,,
74f21e1bcc164d2dbf59d3f856aaa4881937ee528ef1a31f15d89b29c7766b16,US,United_States,US,vless,raw,reality,geo_resolved,fresh_verified,0,,1,http,2498
74f56c10adfcb27eae3848030df9fdedbff26a5493facb8b8e24ba21d119885c,,The_Netherlands,,vmess,websocket,tls,failed,failed_unverified,0,reset,1,,
74f80dbf966b0a9c2ec30286976529eec761513d0076b04e0c56eb22dc623376,,Unknown,,vless,raw,reality,failed,failed_unverified,0,eof,1,,
74f9d68ce5ef3941d0ebaa9c16daf717e5787d052267c9b762fc29d1feb05816,PT,Portugal,,vless,grpc,reality,failed,failed_unverified,0,reset,1,,
75000e337ce8f37a7c70e01be6b78793aab425834e6bec7af62b211a0721cd1b,DE,Germany,,vless,raw,reality,failed,expired_after_failures,3,eof,1,,
754cfe579ab68187d0ca7192e93513f31da823752507f268fe2006057ee17488,CZ,Czechia,,vless,raw,reality,failed,failed_unverified,0,reset,1,,
758e656105deca581cf496a5d2cd0471008c23b0013416b76ff1d51b1f152a15,,Unknown,,vless,xhttp,reality,failed,failed_unverified,0,timeout,2,,
75a07a530108b3e6944b09967ed8f899dc1ca4625e7eee896f533e944db5df6e,MD,Moldova,MD,vless,grpc,reality,geo_resolved,fresh_verified,0,,1,http,2613
75a649301dba152f1c08acc6964b21c8f6d5bf1a268c05f60ca5d0de0db03faf,GB,United_Kingdom,,vless,raw,reality,failed,failed_unverified,0,eof,1,,
75aeb2daf6a83175378ae66590a82494b56857ea17719de8da4a25973927fffa,,Unknown,,vless,websocket,tls,failed,failed_unverified,0,eof,1,,
75b777a9b25ce4e223481193cbfecf4abb6204a8faf20607e83c7c2b7584ae7e,RU,Russia,,vless,raw,tls,failed,failed_unverified,0,reset,1,,
75ba6cd953bddfcc94a31844bd9e31f855fb0e1981c0f4f8b55198774f89669d,US,United_States,,vless,websocket,tls,failed,failed_unverified,0,timeout,2,,
75d84796bc8192920064b997d03bd9f69ce706e4bed1ad261f91475a36736668,US,United_States,,vless,websocket,tls,failed,failed_unverified,0,reset,1,,
75e1dbe49349c766bb05bf0ea90abe738be18032ee95c47d9db71d3f8e147fdf,EE,Estonia,EE,vless,xhttp,tls,geo_resolved,fresh_verified,0,,1,http,3211
75e4cbae4305ed2e66cac2e4223c7ad2cad72664151ea9fa606d28f04bcce606,PL,Poland,,vless,raw,reality,failed,failed_unverified,0,timeout,2,,
75f00217aaeee1087b61f16495dfeb74f180c5eee7fdab62897dded0e4fe38d1,DE,Germany,DE,vless,xhttp,tls,failed,preserved_last_known,2,eof,1,,
76034e474f5fd856546de52d0f22ea2547e6e865a4f65d67c6e3cdf1b1cb8fb0,,Unknown,,vless,raw,reality,failed,failed_unverified,0,timeout,2,,
760ecadcbf66d03c10546ccd54f5bbbfa9b2b18e8a7b6204fa1ba350843718be,,Unknown,,vless,raw,reality,failed,failed_unverified,0,eof,1,,
761242c8d9d83233bc2f650a0a71d4576d2bc9e2c3333b342c1b85399541f68e,,The_Netherlands,,vless,raw,reality,failed,failed_unverified,0,reset,1,,
761a248e58045031990ff24b64054f30702943cd67f7a89a17e8b5325cb5aa47,,Unknown,FI,vless,raw,reality,geo_resolved,fresh_verified,0,,1,http,3651
761c9faada1748349f0c3cb8aa6bc09d075eb11507bd6119cdf49d3f9388fd89,DE,Germany,FI,vless,websocket,tls,geo_resolved,fresh_verified,0,,1,http,2212
7625a7c12f8f58dcaee741d2a95db3031ce47ccc506a5736020735a8b9bca477,RU,Russia,NL,vless,raw,tls,geo_resolved,fresh_verified,0,,1,http,3230
764307dbbc38fb7d37e5b8b4c5892ed4b4eb037206860300a683620f48c493e5,HK,Hong_Kong,,vmess,websocket,tls,failed,failed_unverified,0,timeout,2,,
7646620fef7a5d9220af4c6865d30f34bfe8f7d485ecb3c2924705c22bc7c7cf,DE,Germany,,vless,raw,reality,failed,failed_unverified,0,timeout,2,,
7657d1e461f0ee5c0cac56aff2a0b52137eac2e36c0564d39c44cb185b6b57ff,DK,Denmark,NL,vless,grpc,tls,geo_resolved,fresh_verified,0,,1,http,2127
765ad54e7b86da3d18c6c8321ef69ceca529f0229a0da2581cc116106b44a64a,,Unknown,RS,vless,grpc,reality,geo_resolved,fresh_verified,0,,1,http,2206
76657c7b4dff5ecbb2f85ec4ba56177788f8339a38e70935f6ae219d867d3c11,DE,Germany,DE,vless,raw,reality,geo_resolved,fresh_verified,0,,2,https,7034
767a8ffc0aed9520422650215225f1b2d49f704c87974266e1a69fc1ac3401f8,US,United_States,,vless,websocket,tls,failed,failed_unverified,0,eof,1,,
768815a5bbd5483d54abef4916a4e1ad82e5c5bf6085d8f62d9fdc4c601afc48,US,Us,,vless,websocket,tls,failed,failed_unverified,0,reset,1,,
768a9246906063936a60df440da570b882702b02014b762fc9bad82891fcfdc9,,Unknown,,vless,raw,reality,failed,failed_unverified,0,timeout,2,,
768d7f4d9a301395c220e8afd40ae7191aa9b5fd797d9f3fe25e5498f6285bd3,,Unknown,RS,vless,grpc,reality,geo_resolved,fresh_verified,0,,1,http,2184
76a5ec4157e77998b20874a947dc6ec4e9f49b9d30c65d4635117cd0c6aa91c7,US,United_States,,vless,websocket,tls,failed,failed_unverified,0,eof,1,,
76aafe43714844425fa2da7668858dd52054f995006078dd3b7a8cacad5c52b1,DE,Germany,,vmess,raw,tls,failed,failed_unverified,0,timeout,2,,
76ac823addc40f320771b271810f85094bb2bb88849935b974e1b7e4a466d32e,,Unknown,,vmess,raw,tls,failed,failed_unverified,0,eof,1,,
76c7d27f654807bb101403d731b2b4e29a0a7b605373b88e9c8e5120f9f05689,,Unknown,,vmess,websocket,tls,failed,failed_unverified,0,reset,1,,
76cb60a63f839cbf8bb9a55fff41528ff809557b3b37926dec7c235bba5f8dce,,Unknown,,vless,raw,reality,failed,failed_unverified,0,timeout,2,,
76df89ec7a746be7242b9d2de43d762678bbb06a8e2ab5962ce21c362b189e5c,US,Us,,vless,websocket,tls,failed,failed_unverified,0,reset,1,,
76e30651fd1badd7dc22a67c21bc416618c84f543f4f9aa971d2d4bdff411f31,,Unknown,,vless,raw,reality,failed,failed_unverified,0,reset,1,,
76eb4aa6d590f42a00e49403dd4ec625f5dad383608a672baa8f6b526389abcd,,Unknown,,vless,raw,tls,failed,failed_unverified,0,eof,1,,
76f227ca90f82ca53a9849dd7d55bca18a5590162119be6992241991278f4281,US,United_States,US,vless,raw,reality,geo_resolved,fresh_verified,0,,1,http,2344
76f7e56840b3cf37a781131204a6b3621235e9a4409d105a890360deb83cfc43,US,United_States,,vless,websocket,tls,failed,failed_unverified,0,reset,1,,
770055bc7a402ad29b50ce7a4376fa72efe0d2ced68f64aa3c12177c0b8fa981,,Unknown,,vless,raw,reality,failed,failed_unverified,0,eof,1,,
7702a75c816935f73b0778b7dc14e74763f88b104b972a98fb7b881fa57acf6c,,Unknown,,vless,websocket,tls,failed,failed_unverified,0,eof,1,,
77119e395cf3416ebb61c9205ebeaf5d702d75aeb5475f62202b464f16dc414c,CA,Canada,,vless,websocket,tls,failed,failed_unverified,0,reset,1,,
77164fe4b7e05b1745d822cf804b913de4d7c390a10fa20928567739ce7537b0,,Unknown,,vless,xhttp,tls,failed,failed_unverified,0,reset,1,,
772bda79568feb6d8b17d2562784a2ff05f9f5b840cdfd379d36a29600f4b773,US,Us,,vless,websocket,tls,failed,failed_unverified,0,reset,1,,
7732ffdcea80c08ebf045519e822447067126f27affc9aeaded3032dbb3d0c33,,Unknown,,vless,websocket,tls,failed,failed_unverified,0,reset,1,,
7741bea95eef13a07a4d5db8b72ee2e1df297dade2c44fa6e5496da3318c913a,US,United_States,US,vless,raw,reality,geo_resolved,fresh_verified,0,,1,http,2331
77429e4ea0144252333753b3a76f74c6849558edcdc80e488234009db32e28c7,RU,Russia,,vless,raw,reality,failed,failed_unverified,0,timeout,2,,
774e1f5472a6b3c6d8b77af358ad1658326ad1352d112c5b293ef4782132054f,DE,Germany,,vmess,raw,tls,failed,failed_unverified,0,timeout,2,,
7757d630abbb88a67931ab0575174eb5fd50e81ce11618501e96d3b77009ccd9,US,United_States,,vless,raw,reality,failed,failed_unverified,0,eof,1,,
775fb09f8dba3af5a8354c478c98895ec085bc0952b03f35a35ea4f8c36dc00c,GB,United_Kingdom,,vless,raw,reality,failed,failed_unverified,0,timeout,2,,
77622f880def7f050cb52202e4136177721a5a06af0ed4d7405832f262e36d8f,DE,Germany,,vless,raw,reality,failed,failed_unverified,0,timeout,2,,
776233ebb91184712780f8fb31b426628d5b26f48e13dc59de947824e7e5ec4e,RU,Russia,,vless,raw,reality,failed,failed_unverified,0,eof,1,,
776dd84fc1cd6387b0883cedb79e9ae5abdc1fa802894c050b2cfd7e92bd212d,CA,Canada,,vless,websocket,tls,failed,failed_unverified,0,eof,1,,
77749ec7e9e781baf26c35f68073637847d34655286045019dd345604d195fd1,US,United_States,,vless,raw,reality,failed,failed_unverified,0,eof,1,,
777767a461fa60bd6cb1fdc2740195a8de0add83c1990de859e7694a1b4bc62a,,Unknown,,vless,websocket,tls,failed,failed_unverified,0,reset,1,,
778a0957d1bd5b4ebf49d2c5d02a96e6194ee3f923ee59355e945eed259cc72e,US,United_States,US,vless,raw,reality,geo_resolved,fresh_verified,0,,1,http,2317
77918492b76b7967d901550b9b31ec5303bd47c1ae3342f0ae3ff394b34c90cf,HK,Hong_Kong,,vmess,websocket,tls,failed,failed_unverified,0,timeout,2,,
77babacdee636528ce9bce8f21c147671a3929f3d7c6a50957d4b80805751b5b,,Unknown,,vless,websocket,tls,failed,failed_unverified,0,reset,1,,
77bbf000052f1b1207255990fb67334fe40a1e4e19cf81eb00e16f23eda30888,GB,United_Kingdom,,vless,websocket,tls,failed,failed_unverified,0,timeout,2,,
77bd49b1ec3d9982071355d248370d51b4f2ccade6fec17d36faf720a008583e,RU,Russia,,vless,websocket,tls,failed,failed_unverified,0,timeout,1,,
77c1dbe3f538797f6c7f6417655c61d3b03c8c1d4395a31bf188e9763c630647,RO,Romania,,vless,websocket,tls,failed,failed_unverified,0,reset,1,,
77d63aa1e025a4402a8b97d8d42650ffea6a578a4855df0c4433518066e0dea4,,Unknown,HK,vmess,websocket,tls,geo_resolved,fresh_verified,0,,1,http,996
77eaf555b1f5d3968c088fab42650e620f26bf1da4d0c0d6872dfc29dde0231d,,Unknown,,vless,websocket,tls,failed,failed_unverified,0,reset,1,,
77fcad0cfc280ea545b5d13902ba145a37390c0fc2061d6d9820dbd836824406,GB,United_Kingdom,NL,vless,raw,reality,geo_resolved,fresh_verified,0,,1,http,2076
780ca0b21293b1bd44104eda9d0b0a1aca64c8477e800cf23de167d23854766a,GB,United_Kingdom,,vless,raw,reality,failed,failed_unverified,0,timeout,2,,
780e23fb406814366e1c4f288c703bc8800b18fe8509fe0442f03ef58d6d6fdf,,Unknown,,vmess,websocket,tls,failed,failed_unverified,0,timeout,2,,
7815a2d6feb75c9f59b1876112f9e5d11c6a44d576cd92ce79fb0045cb602539,GB,United_Kingdom,FI,vless,raw,reality,geo_resolved,fresh_verified,0,,1,https,2747
781d77edaa48df1e65b816ae2d903f6d772a44b1d5129a86caa32960a92471a7,,Unknown,,vless,raw,reality,failed,failed_unverified,0,reset,1,,
78200d93013ccecb444a0a6cab4e85626269dd454135795466db3762b698aa7b,,Unknown,,vless,raw,reality,failed,failed_unverified,0,eof,1,,
7843b9a48e8ff6f52ce5978efe7254c26ecccee5af0058484f114035fcf204ab,RO,Romania,RO,vless,raw,reality,geo_resolved,fresh_verified,0,,1,http,2194
7861848fc65eb2a17185d9abe9b17a8bf8a33d4c4331be54148ce3f7b0d699cd,US,Us,,vless,websocket,tls,failed,failed_unverified,0,reset,1,,
788ba6337d7912b20d0c31d90d270952ba2d3181a757ecfe6c65e9445f665a26,,Unknown,,vless,httpupgrade,tls,failed,failed_unverified,0,reset,1,,
789e1279349ea13fffc06fe48057265d0d3813916d93bfaef05fb871a93647ae,,Unknown,,vless,websocket,tls,failed,failed_unverified,0,reset,1,,
78bf23ef6ff21053eb090d22f75b9caf65f9877927ae2b25a056f4ae49f3c2c2,RU,Russia,,vless,raw,reality,failed,failed_unverified,0,reset,1,,
78c01f2f1e67f1185ad246d7d1bec7724c03bf28649cedc9308c70dff8f89b91,GB,United_Kingdom,RO,vless,raw,reality,geo_resolved,fresh_verified,0,,1,http,2133
78e2cc7a6ee4f355b0e1d583052933b1d1c5c941cba5c74cb9dcee2d4f7e99d6,,Unknown,,vless,websocket,tls,failed,failed_unverified,0,reset,1,,
78ef7e115378530daa6ff52fbc6a5182947818dd00ccfebed4e93c14e000e0cd,SE,Sweden,,vmess,raw,tls,failed,failed_unverified,0,timeout,2,,
7902ebf1550a62fb15be4469468a44ba376f21116e75ea1a2cce3756a2648cf6,US,United_States,,vless,websocket,tls,failed,failed_unverified,0,eof,1,,
7910529a7afc3d4f988bba165a7eda50e5523e2456e36d2c013714be275088f5,US,United_States,,vless,raw,reality,failed,failed_unverified,0,eof,1,,
7938f16b6b8773887aa714f8fb4bba5a4f1a18fa41150fbbb36bf95c4d25c92b,NO,Norway,NO,vless,raw,reality,geo_resolved,fresh_verified,0,,1,https,1177
793f1c4cad13746b059808addd642f52d09eda1179a6ab75f6473f40065ddd07,GB,United_Kingdom,,vmess,websocket,tls,failed,failed_unverified,0,timeout,2,,
7944661d6124d02c20ec5686a740dfc390639ceb15f056b877759cfe8dbed667,US,United_States,,vless,raw,tls,failed,failed_unverified,0,timeout,1,,
794b2a7a8ca59bdc1c0599b397f9571039fbaf3d6d18dd19296ea70f17f6075d,LT,Lithuania,,vless,raw,reality,failed,failed_unverified,0,eof,1,,
79573008ccce5fc3f84c06955e9dbb23e8273d5d09e3b3e9d52ece7878655c4d,,Unknown,DE,vless,xhttp,tls,failed,preserved_last_known,2,eof,1,,
79651948c1c117a5ba7c2bd17a88bdda1cfef1e66b88e89018df815da215d4aa,US,United_States,,vless,websocket,tls,failed,failed_unverified,0,eof,1,,
796e254034d1923a32f04ca5fbfdb44d44f7c699fbba7652995cc52a7e83120b,GB,United_Kingdom,NL,vless,raw,reality,geo_resolved,fresh_verified,0,,1,http,2077
797ef1d1f0465eb3eb4f5ab755db968932b2e880c5280d4f75881e28362f93cd,US,United_States,,vless,xhttp,tls,failed,failed_unverified,0,eof,1,,
799256ea685341060a67431bb1553ece05651bef736a8f69d0425fc359bc403f,,Unknown,,vmess,websocket,tls,failed,failed_unverified,0,reset,1,,
79a5a35caf50b2b796f6dff8a05d37576586c38977fd6256523a3bced7977fc3,HK,Hong_Kong,,vmess,websocket,tls,failed,failed_unverified,0,timeout,2,,
79aefd4ad8134bd25e9bd094e46893965decb95ad8138c969f10968a877f8c20,SG,Singapore,,vless,raw,reality,failed,failed_unverified,0,eof,1,,
79afe93a7b337d70a3004a887c6c62fb61f90a581470713e4078a6a11c9f11b0,,Unknown,,vless,raw,reality,failed,failed_unverified,0,eof,1,,
79cec64779e1654514dc6a3d617a797b12e60d1410177bd9755e62703a84f005,,Unknown,,vmess,websocket,tls,failed,failed_unverified,0,reset,1,,
79d449498911497f2d6d5fad72594bb6c0da5e098d5a3c90d1bf218586bee4bc,,Unknown,,vmess,websocket,tls,failed,failed_unverified,0,reset,1,,
79f9cdc7e27b068feae4d467f562d1710a1e4d995ae0d58f65032054f188b4c5,,Unknown,NL,vless,raw,reality,failed,preserved_last_known,1,eof,1,,
79fc9a38372999331cac24b32ff7538d07322346a2fa4a42dde6486ce5255d2e,,Unknown,,vless,raw,reality,failed,failed_unverified,0,eof,1,,
7a0b9159c83f1e2ab1f698ae5d5ca64d23be0b8a022ba9831632f4abbac4624d,,Unknown,,vmess,websocket,tls,failed,failed_unverified,0,reset,1,,
7a13718e1906a2ed08fecfd35e5d9bcccb34405c1d1158147d94d22d610bccf3,IE,Ireland,,vless,raw,tls,failed,failed_unverified,0,eof,1,,
7a1a5c83407b0107d84caee411be9e73fc28787478534528d38cd1e8fdf13653,US,United_States,DE,vless,raw,reality,geo_resolved,fresh_verified,0,,1,https,1914
7a1d2c372efbc9da93cb7eae66a402c13ac63766f29732dbbf336a0f66a838ce,US,United_States,US,vless,raw,reality,geo_resolved,fresh_verified,0,,1,http,2363
7a1f24a71490d2b9df578a80b7afd24f5563a3f85bed3cd280fe832cc73268ec,US,United_States,,vless,websocket,tls,failed,failed_unverified,0,reset,1,,
7a2f1231a1c4dd6126b5cdbd3466f5ce7f4118bc5dd19a1f6039c9ac67746550,BR,Brazil,,vless,xhttp,reality,failed,failed_unverified,0,eof,1,,
7a3cb9c9824a9ead1f22ed1712b335cda29fb33693c643d8f43d8f950577697a,AE,United_Arab_Emirates,,vless,xhttp,tls,failed,failed_unverified,0,reset,1,,
7a72b530369b09592dc28db0cb95c78beb7cfa31c819eff527a14822efc1d156,,Unknown,,vless,raw,reality,failed,failed_unverified,0,timeout,2,,
7a7a7fbb2e1b7f70c12da8a96484a9c842093d0fa6c6500ce210d2916f23915d,US,United_States,US,vless,raw,reality,geo_resolved,fresh_verified,0,,1,http,2450
7aaceadbf46b15e0915f210d9810cdc4fd00b516d6c03852425a55c268f22e9d,GB,United_Kingdom,DE,vless,raw,reality,geo_resolved,fresh_verified,0,,1,http,2301
7ab89a2a5fd7bb2d2b63811f02ba7d77cc05125c0ff50d898025da1392704d01,US,United_States,,vless,grpc,reality,failed,failed_unverified,0,timeout,1,,
7abecb8a73875e4d71bc6669e76edcc9a7cfec13e20d40404fa350d973cf9f75,US,United_States,FI,vless,raw,reality,geo_resolved,fresh_verified,0,,1,https,2210
7ac3f11ef2cd82ed4f9b319095a7079a484dc66830d2f92387b26a17c41ec53e,US,United_States,,vless,xhttp,tls,failed,failed_unverified,0,eof,1,,
7ac8be96968a820f51525453a384f6740d3b9f53afa688308847549fad4f9ce9,CA,Canada,US,vless,websocket,tls,geo_resolved,fresh_verified,0,,1,http,3983
7aeb292fdae6bb7e788831b77b2a279a6514a3f3900a33ca457319e207efe7bb,JP,Japan,JP,vless,raw,reality,geo_resolved,fresh_verified,0,,1,http,1853
7afcdb9138ad655cc22b22fbce0c7baeed661f6f5eef9840331ec081e9eee6d9,US,United_States,,vmess,websocket,tls,failed,failed_unverified,0,timeout,2,,
7b0166f9c39661c4a2f502641008255cf51fc981799b17438e01f42c99c419d3,,Unknown,,vmess,websocket,tls,failed,failed_unverified,0,reset,1,,
7b01b2711087136cd2ac3a9e853318d21f7e35de4ef95b897a3fe44988bb21c9,,Unknown,,vless,raw,reality,failed,failed_unverified,0,reset,1,,
7b09951873a69624a89c67c356f70b586212193e312a04ad63b494777a885c6e,,The_Netherlands,,vless,raw,reality,failed,failed_unverified,0,timeout,2,,
7b270c5633f379fa71a883bdd1f8363a788e15288601bd9303900202d92d8d04,,The_Netherlands,DE,vless,xhttp,reality,geo_resolved,fresh_verified,0,,1,http,2044
7b425befc0a64a2f07b6b0f368aae43dd11649ea17919d9ea9401b3e9287cfa0,IR,Iran,,vless,xhttp,reality,failed,failed_unverified,0,timeout,2,,
7b47b675fb26fac77d81f45536dcdb4616b0864721e7883581a2267212af890d,US,United_States,US,vless,raw,reality,geo_resolved,fresh_verified,0,,1,http,2405
7b49f200bf3998034bf8bd643381c0ab5a301137ffec69cbf5da30954d85c743,,Unknown,,vmess,websocket,tls,failed,failed_unverified,0,timeout,2,,
7b4b84836553c07ef1a34a01e50919087837da9706ac180152ca93d0b3ca9f34,GB,United_Kingdom,,vless,xhttp,reality,failed,failed_unverified,0,reset,1,,
7b586a59691aecd1b03648e973b5a7311b27fb450e168fbdbffc015513106964,,The_Netherlands,NL,vless,raw,reality,geo_resolved,fresh_verified,0,,1,http,2130
7b59d83be930045ac26c95495b9c5d7e370b80d6d4781ca2f0bd529d35a98408,,Unknown,,vless,raw,reality,failed,failed_unverified,0,timeout,2,,
7b7fd6210f956e6bc475137bcb013903b8dc13080d7e158ad3d8d14586a0ae11,PL,Poland,,vless,raw,reality,failed,failed_unverified,0,reset,1,,
7b8a09fb79f681d8248fad1fd45ac4b4f3c165217de6d2cdaddafea0d4689731,PL,Poland,PL,vless,grpc,reality,geo_resolved,fresh_verified,0,,1,http,3108
7b90e7c6f76b9b32df7331274fcc98b9482c2aa62a6d8e741f2fca496adac353,GB,United_Kingdom,,vless,raw,reality,failed,failed_unverified,0,timeout,2,,
7b96aaf731a050e2b9dc466127dc814c6b0e1ebcf5a6900ee214bc91e7268131,GB,United_Kingdom,NL,vless,raw,reality,geo_resolved,fresh_verified,0,,1,http,2092
7ba637f7e14207b593e55437e2cce4768890a388eb96e76edcf9e10018be2d94,,Unknown,,vmess,websocket,tls,failed,failed_unverified,0,timeout,2,,
7baca20cc7a5662bc6aee96ade9124b832a2fada4a3c4b9a9231b426de5dcc09,,Unknown,,vless,xhttp,tls,failed,failed_unverified,0,eof,1,,
7bec6eb845f0dc55499176d3a5bc5b3c48487fdd8bb9d2f2496bf5ea1c8b8142,,Unknown,IT,vless,websocket,tls,geo_resolved,fresh_verified,0,,1,http,1254
7bf2cbe4b6687c17e51470c2f297e6c8ae4df8dba8861b07e33a68b66b66bf34,,Unknown,,vless,websocket,tls,failed,failed_unverified,0,reset,1,,
7bf79c64cb38f9084f3a71ac0719c6307b2b70224a6540a4993e0d3f463493b0,US,United_States,,vless,websocket,tls,failed,failed_unverified,0,eof,1,,
7c03b414e59a23009fa5e76d5052e27eb312dd3f932e6a70172e4928e3d0124d,,Unknown,,vmess,websocket,tls,failed,failed_unverified,0,timeout,2,,
7c05d9153e9b0dbba2275637470fed68d47f756e4ceec55a94413408dccf7411,GB,United_Kingdom,DE,vless,raw,reality,geo_resolved,fresh_verified,0,,1,http,2354
7c22996f3aad48c6df12d7a5860ca65dce65c668eb8c4d5e6b34fb8b0d4d208f,,Unknown,,vmess,xhttp,tls,failed,failed_unverified,0,eof,1,,
7c245889b32e666e9597f4faad95b168eb485775a253c75feac73709afc65883,FI,Finland,,vmess,websocket,tls,failed,failed_unverified,0,reset,1,,
7c3b531b0d8a8e8253d8e7608d70c2baebb8bcf2afccc6ee23be2c16d7b94f6b,US,United_States,,vless,raw,reality,failed,failed_unverified,0,eof,1,,
7c78d0db4ef9354af0e9b738eb48f7578d96e4a51783eb110aa51b0734030807,,Unknown,,vless,raw,reality,failed,failed_unverified,0,timeout,2,,
7c919e7b6e4f78520313de3d8261001826163147404811ca05d2c061755ff843,KZ,Kazakhstan,KZ,vless,raw,reality,geo_resolved,fresh_verified,0,,2,http,3434
7cacf93258198e27b28b37c3cca74226d896d38e40e070db4af4b42422597261,RU,Russia,,vless,raw,reality,failed,failed_unverified,0,timeout,2,,
7cc7d4785356f1106e9f670b8f4bd047352e2a114b1aff532c9df80f016adaf8,,Unknown,,vless,raw,tls,failed,failed_unverified,0,reset,1,,
7ce37e6cdd4d0e6285b35764f7e34b60a3e0b4953c14a37bb85d734932cb737e,US,Us,,vless,websocket,tls,failed,failed_unverified,0,reset,1,,
7cf0d3ee10339eff27a0fa5b078cba3be625e26c134c13e0342f9d7aa3de9b21,,Unknown,,vless,raw,reality,failed,failed_unverified,0,timeout,2,,
7cf739f89685ff7d0bdc328916efad606f2e69ed73b9a0a4968ac0736e0af60a,,Unknown,,vmess,websocket,tls,failed,failed_unverified,0,reset,1,,
7cf9607dfea121b10ca5e49bf0fa24850022d2f08091368f276712787c4805da,,Unknown,,vless,raw,reality,failed,expired_after_failures,3,eof,1,,
7cfb979efc738b0239b559795705f028c6565c9454ec5b434f9c7f6f110cce43,,Unknown,,vless,raw,reality,failed,failed_unverified,0,timeout,2,,
7cfc228d77cbe5f60473822173e80ec3ed6efc832edb5730a3c5685d8f2ae0be,,Unknown,,vless,grpc,reality,failed,failed_unverified,0,eof,1,,
7d03ed1fd8d72c57f30e044f22ca95666b1fc39bc5e5fccbc3b9c3e80bf94b69,,Unknown,,vless,raw,reality,failed,failed_unverified,0,eof,1,,
7d06559d2b8aa11fdda222e8e8a765322ab0990be1a6fc0ca6a0b06a196a92a5,,Unknown,,vless,grpc,tls,failed,failed_unverified,0,reset,1,,
7d089201df1985ad736a400f27bfef8aad67817f4b8e927682812d5b0e40d1bf,DE,Germany,,vless,raw,reality,failed,failed_unverified,0,eof,1,,
7d10202ca65e9a4579dd19c076b1146a937833cbdcf73e14b74eb6539f669a0e,TR,Turkiye,,vless,grpc,reality,failed,failed_unverified,0,eof,1,,
7d2fc8d6b44863ce63b79e9fbf05c1e7dc462124f8a69839cd527e3f8addaad9,,Unknown,US,vmess,websocket,tls,geo_resolved,fresh_verified,0,,1,http,2677
7d4196fcdfc2a750369d2c7b2a7f5f478c289bd3973ae98e39b8821006d1b79e,GB,United_Kingdom,,vless,raw,reality,failed,failed_unverified,0,timeout,2,,
7d4998e33c7395eb83b4b40ef752312971f1c4696a8f49b2234fb752a3e6ccbe,RU,Russia,,vless,websocket,tls,failed,failed_unverified,0,timeout,2,,
7d5514fe964258aefca87a3be23c322641ccc93babb675b82abda0c7ba6bef1d,,Unknown,,vless,websocket,tls,failed,failed_unverified,0,reset,1,,
7d7f876a25bbc45355fd6263489089e11257f1aeae23fd13cca944e2fe028e5f,US,United_States,,vless,raw,reality,failed,failed_unverified,0,eof,1,,
7d8818a198842bba770e9961a9f08a45a6f2b9b9881362758f5bae1b2b589310,EE,Estonia,EE,vless,xhttp,tls,geo_resolved,fresh_verified,0,,1,http,3191
7d8d0493a8aad912b40b633dfad329180a7341a58f0540300aff1ba93f8fc646,DE,Germany,,vless,websocket,tls,failed,failed_unverified,0,reset,1,,
7d90c20e694b886266cceed81184362189fecc3dbf51e5fd075023820cfde6db,US,Us,,vless,websocket,tls,failed,failed_unverified,0,reset,1,,
7d9ce02e13ee2776329904456deedf9c8f3c7c57175a6682abf1f953b7794241,,Unknown,HK,vmess,websocket,tls,geo_resolved,fresh_verified,0,,1,http,2112
7d9d1178fc39231db21245dc7fe42052ccf5a86ea6ee8617d1be0e26e3b528fa,IE,Ireland,LV,vless,raw,tls,failed,preserved_last_known,1,eof,1,,
7db65f4d3bb03f2ca6d6529aa72866c47eec16793802c1cb3d543b6c4b38b617,,The_Netherlands,,vless,raw,reality,failed,failed_unverified,0,timeout,2,,
7dc5c773bee6410a5835adfb583683cb2896c1124146504db135db28ae25d7d9,US,United_States,,vless,raw,reality,failed,failed_unverified,0,eof,1,,
7dc7cd255397ac114644a67a3d1e0f5a12d5c5c583bba8980327dc93b022729b,,Unknown,,vless,raw,reality,failed,failed_unverified,0,eof,1,,
7e059c05df44f50a753b60a71a7d4fd8239051ffcac2c4243774e02805e0023a,,The_Netherlands,,vless,raw,reality,failed,failed_unverified,0,timeout,2,,
7e2014c4639e2856018abd31b8d4d653e90b4d89def834b75f05eb8c86e5c74a,US,United_States,NL,vless,websocket,tls,geo_resolved,fresh_verified,0,,1,http,5910
7e4bf6801fbee30a51b7f47fe0d1bf0a62ca49224d5514202ed06e0e63ffd9dd,US,United_States,,vmess,websocket,tls,failed,failed_unverified,0,timeout,2,,
7e4e2681b8a684cf3b8631eabe526f7ce83ea60dac8d3b90dd7029e14ad60be0,US,United_States,,vless,websocket,tls,config_invalid,config_invalid,0,config_invalid,1,,
7e6340d1787ae867d96db8ccf2c44b67806c43fe83bfc23d5f9fd52d0d8fc428,US,United_States,US,vless,raw,reality,geo_resolved,fresh_verified,0,,1,http,2288
7e715eceb77abc3eb00f9c77c270f5ffdd032f96fc6913c45d9a575dae7a137a,HU,Hungary,RS,vless,grpc,reality,geo_resolved,fresh_verified,0,,1,http,2175
7e78ee914b7820c6be35fcbaafb1a2385f5ff8ecaef4fc1b6a1791a9efd1f7b9,,Unknown,,vless,raw,reality,failed,failed_unverified,0,timeout,2,,
7e8574620a667bdd26827aa0da611fefc424b6e7870ae99165adef8f0f28a192,,Unknown,,vless,websocket,tls,failed,failed_unverified,0,reset,1,,
7e8c222f29f7c2dc817dd50ee030356586aea067a7b6044d98def48115cd8df7,EE,Estonia,PL,vmess,websocket,tls,failed,preserved_last_known,1,reset,1,,
7e93717dc74690ed5ad784d72e92c777cf3ec9a2ae4309894c11e4d3557dccd5,,Unknown,,vless,raw,reality,failed,expired_after_failures,3,timeout,2,,
7e979ccc5e2b269f93a9c6608de3fcec0d76c282f4121ae32560ca637b5aa15f,,The_Netherlands,,vless,websocket,tls,failed,failed_unverified,0,eof,1,,
7ea6b1e67cd261dd25e1256c2aba080d97e4eefa130b71ef83fa66364916da91,US,United_States,,vmess,websocket,tls,failed,failed_unverified,0,reset,1,,
7ea9e84427ccd6e61db4bf4a7120e6316c1a7a10ccf77dbf9ced1fe6a13c531a,RU,Russia,,vless,raw,reality,failed,failed_unverified,0,eof,1,,
7eb121888af87906efc7849b551698af1a7e536b618d812f1a18b54e861d5628,SG,Singapore,SG,vless,raw,reality,geo_resolved,fresh_verified,0,,1,http,2960
7eb420b56599ab9443c4c790b5530253879e430800252d868687cb3885a778c9,US,United_States,,vless,websocket,tls,failed,failed_unverified,0,timeout,2,,
7ed0e1097dd3d294d0968f70162b081b944ff9371be8b1eb991ef49ef74c427e,SG,Singapore,SG,vless,raw,reality,geo_resolved,fresh_verified,0,,1,http,2868
7ed635a600311d321a2fd3e523900a5dbe5c82b5ed769e8f1e22499c633ad58b,US,Us,,vless,websocket,tls,failed,failed_unverified,0,reset,1,,
7eec0d385da5b077a533bbc4797ca50817560be227d34d3e18f2d246dfc6b42c,,Unknown,,vmess,websocket,tls,failed,failed_unverified,0,timeout,2,,
7f1c60f4a20a34ec3ef5ad9c03280ad71f8e7a59fafc0828e754f23400fa96fa,US,United_States,,vless,websocket,tls,failed,failed_unverified,0,eof,1,,
7f448ea901a53934727bd0f823549404524e883890a0acb079456f3f637c64b7,GB,United_Kingdom,PL,vless,raw,reality,geo_resolved,fresh_verified,0,,1,http,2331
7f49d236aa668d9f9d9973b396084114ecbb0df5846f81a45580b672ba67dec4,US,United_States,,vless,websocket,tls,failed,failed_unverified,0,reset,1,,
7f4f3a529a682b222dc466d5737829c87d33465fda46bc5780d9d2936cdb8498,,Unknown,,vless,xhttp,tls,failed,failed_unverified,0,reset,1,,
7f5f33f496e5a5f6f7179b2d44a36493345af3b58e689455ca3c4c27c2e5017a,US,United_States,US,vless,raw,reality,geo_resolved,fresh_verified,0,,1,http,2418
7f66842d09b4187c987a995fe19aea320db17914a9e9d1c611528ea4aecc14c6,PL,Poland,PL,vless,raw,reality,geo_resolved,fresh_verified,0,,1,http,2143
7f6abd47050e7abdcc97c53b00fef7d2f0af204ce6a46c2bff65370c4a96184c,,Unknown,HK,vmess,websocket,tls,geo_resolved,fresh_verified,0,,1,http,2096
7f6d326963b9201a827eba04bfff4a22498871973417e18085c5aab96b66cd47,RU,Russia,,vless,grpc,reality,failed,failed_unverified,0,timeout,1,,
7f9aa8cdc345e3ab5bcc2a129be442651d4cb1fc023514b37e9f0c1fbe81bbbd,DK,Denmark,,vless,raw,reality,failed,failed_unverified,0,timeout,2,,
7fc243346b616a5ae1db31b07462432ecad0cc3a33a50f0f3f2c8999c3a3c80f,,Unknown,,vmess,websocket,tls,failed,failed_unverified,0,reset,1,,
8005f113ca523ae1b8a0d93a746a2902787f31bd22022201a973e205c2e464fe,,Unknown,,vless,websocket,tls,failed,failed_unverified,0,reset,1,,
8009019a60e956a3df286d6e60c588d07346db3dada4526c9a23531831c3b446,,Unknown,,vless,websocket,tls,failed,failed_unverified,0,reset,1,,
800be7897dae1e7b275a3087d11ba3110d7193f634f2def949639b07481b7d91,,Unknown,,vless,websocket,tls,failed,failed_unverified,0,reset,1,,
801278c3d0137be7950fcbeae77c51fe7222156a92b34e88e3f714d45432755e,US,United_States,,vless,xhttp,reality,failed,failed_unverified,0,eof,1,,
80162aadd9ac832f40eb2c53149058d11f46ece148c91f7f52e67d749d25dc36,BR,Brazil,,vless,raw,reality,failed,failed_unverified,0,eof,1,,
8016e7b9bb308908096b003cf5f38e234ee2576f7c617ca5aaf5cfded3d2df4e,DE,Germany,,vless,raw,reality,failed,failed_unverified,0,reset,1,,
80182a84c59ade5bf49b3088e4dfdab3201ccb5afd6de9195c1b11f0a4820167,CA,Canada,,vless,websocket,tls,failed,failed_unverified,0,eof,1,,
80193b443fa6f4465777a3063f9a115b66c7f1529e9120dfdacb53b2b13717f4,US,United_States,,vless,websocket,tls,failed,failed_unverified,0,reset,1,,
8026117f3d6dc38b9252b1398f3a5a607333ae3a581a43ca1892b5e244516de8,SG,Singapore,,vless,raw,reality,failed,failed_unverified,0,eof,1,,
802819d23a7f6e098581c29d175f6bd84179e5a987d58c202a43368fe0fa9329,US,United_States,,vless,websocket,tls,failed,failed_unverified,0,eof,1,,
803e1a3468f12356022784afd9c04a63a60143137e3e934faf6fcddfba4c2bee,,Unknown,,vmess,websocket,tls,failed,failed_unverified,0,reset,1,,
80526e2566c3d32e909225ff83f56b8f099cf8e617a29d400ea676e4ce5883a8,RU,Russia,,vless,grpc,reality,failed,failed_unverified,0,timeout,1,,
806dfc608ee593324d6e40a5bcab15c60f27bab9b26a1a76d885ba69a9f62cd4,US,United_States,,vless,websocket,tls,failed,failed_unverified,0,reset,1,,
806eaa5fd93281efe2134f1afc4ec92a01e616d09c173313e9e0343413b16318,US,Us,,vmess,websocket,tls,failed,failed_unverified,0,reset,1,,
808313427b9d1e47d578f789900190f9d56faa2d28dc12aba1b6add26d5ee7a0,,Unknown,,vless,websocket,tls,failed,failed_unverified,0,reset,1,,
809b11ecbda01d2345b681fd2ffff3e9449b1624af7637071e64565020f8572b,,Unknown,,vless,websocket,tls,failed,failed_unverified,0,reset,1,,
80aee3129a66df5e1da2ae6253066b0c566b8fc098cb5e922f534a9da8a046b2,,Unknown,,vless,xhttp,tls,failed,failed_unverified,0,reset,1,,
80afa11d5bcae5bb1094a600f3a5e7d798d0aaf44fe08ef01aa16eb2fa3c7259,CA,Canada,,vmess,websocket,tls,failed,failed_unverified,0,reset,1,,
80b74ed12c949f18539a3d4dd159209c01ffc275d98b3709fdac0aa42c589fbc,AU,Australia,,vless,websocket,tls,failed,failed_unverified,0,reset,1,,
80c13eecc0260a176c65dcc4a7adc641e10e2a9365f18a92a37e083c987902e9,,The_Netherlands,DE,vless,raw,reality,failed,preserved_last_known,2,timeout,2,,
80c2ed370bb489a2795cec31e043a8f4c69473eb4546bdf004a96f4c5f4a7fcd,US,United_States,,vless,websocket,tls,failed,failed_unverified,0,timeout,2,,
80c98ecd096ce483aede1ab2903546f2abcc1a40ea4fdd40d410e07c5eac190b,,Unknown,US,vless,xhttp,tls,geo_resolved,fresh_verified,0,,1,http,2195
80cd9f44ed6d4087228eef743e0907f0d7e21c1cce62c76877be49e390602367,HK,Hong_Kong,,vmess,websocket,tls,failed,failed_unverified,0,timeout,2,,
80ceef2bcd662bc0604b410d25d32e83e25957f326a9c4c939e93136a9435adc,US,Us,SG,vless,websocket,tls,geo_resolved,fresh_verified,0,,1,http,3007
80d6d2d4bec6b4cdecc51411fcbc14a0162aa977f669158cd1da87f8a8e41108,TR,Turkiye,,vless,raw,reality,failed,failed_unverified,0,timeout,2,,
80f6fa773103e7971b0964e79059435e1656613f7fd081384f820edcb84a1748,US,United_States,,vless,raw,reality,failed,failed_unverified,0,eof,1,,
8118f80c01d3a5dd842698e98d54cf36450c540e0ea3dcf17ba90a8fc1311e39,US,United_States,,vless,websocket,tls,failed,failed_unverified,0,reset,1,,
811c6d2b948feedd53ce128033d8b301a10cd103df171ee644c25c6d26c16277,BR,Brazil,,vless,raw,reality,failed,failed_unverified,0,reset,1,,
812eaf3791dd04964f32f359dd58ed609979873184600d83a4ed661549e6011f,GB,United_Kingdom,FR,vless,raw,tls,failed,preserved_last_known,1,eof,1,,
81304769ea6bd478fecc8caab95a27d3346afd26748c0aa34bb2058553980437,US,United_States,,vless,xhttp,tls,failed,failed_unverified,0,eof,1,,
81391029db1a3695764970d1cfeedc67774550f4baccae8abcb3a5acfbe17ab6,US,United_States,,vless,websocket,tls,failed,expired_after_failures,3,reset,1,,
813b40cf8d1ca7859818eb34bf1e770f96773b4ac69c52e2b716ee66fe75753d,BR,Brazil,PL,vless,raw,reality,geo_resolved,fresh_verified,0,,1,http,2099
81561f892109a2fc6f34cb6fa7fe5c37c043113f5b140938d7e1657a15df8a20,US,United_States,,vless,websocket,tls,failed,failed_unverified,0,eof,1,,
8168778e4b1e8053b28053e6915ed5bb7ba746440d1ddde2883370697504261b,MU,Mauritius,,vless,raw,reality,failed,failed_unverified,0,timeout,2,,
816c66e35f823556fd1569bb3c936f74e2616444cf95c50c0aaa1240b5a9bb85,US,United_States,,vmess,websocket,tls,failed,failed_unverified,0,reset,1,,
81739989ea455f3181a4dd417113dd133fcc412027123e366a1817c807e30d00,US,United_States,,vless,raw,reality,failed,failed_unverified,0,timeout,2,,
8176622d9eaa35a1562618e16d14066b26d7ce620f6bd1f9325b2625b43fcc94,,Unknown,GB,vmess,websocket,tls,geo_resolved,fresh_verified,0,,1,http,97
819bdbf8b71e9d09b44ca9d0ca07ae366452c42179e859e35f46e0b9549c6acf,TR,Turkiye,,vless,raw,reality,failed,failed_unverified,0,timeout,2,,
81b48f795c5c5f9f9113e9081d69e46fc214d45516789a652e09fac7c08d1d86,,Unknown,,vless,xhttp,reality,failed,failed_unverified,0,reset,1,,
81bf0b366c072737fa335d3c5a3723894c8ce18ace4c1ad58975db127e59f62b,US,United_States,FI,vless,raw,reality,geo_resolved,fresh_verified,0,,1,http,2785
81dfbfc78d616311b67d3bd81a379db870f2036ca7949faaf2b09db90e2c0cbc,DE,Germany,PL,vless,grpc,reality,geo_resolved,fresh_verified,0,,1,http,2141
81e0f3b974f9a4a4869e4df29bba477d9e53359291cab4e2e003409dc949ea19,US,Us,,vless,websocket,tls,failed,failed_unverified,0,reset,1,,
81e5d03f929a97b6a4d990254e13ea96ae0a3faaf5a735409f8da02fd892e6d0,US,United_States,,vless,xhttp,tls,failed,failed_unverified,0,timeout,2,,
81edc3fe2bc7f8a3c3f56baecda2d8d8fae35f6d787dccbb40783182078d89f4,MD,Moldova,MD,vless,grpc,reality,geo_resolved,fresh_verified,0,,1,http,2498
821245ffbebfb74809be550a2cd49c84635e8e805b9f778b7371fa04a3fbcf8b,BH,Bahrain,,vless,raw,reality,failed,failed_unverified,0,timeout,2,,
8225af454cb6e175a7810b6a9cf67f188c6efac04fc68634e338c1cfef6200aa,,Unknown,,vless,websocket,tls,failed,failed_unverified,0,eof,1,,
822b22d8492260d9978abb66660028a320c5752fd2d5acf2f2f744f320ed5fed,US,United_States,,vless,raw,reality,failed,failed_unverified,0,reset,1,,
822cceebda6f59e23add4e9f25b4a7ecb7ff22ac0407c0e991063b17d2df4134,,Unknown,,vless,raw,reality,failed,failed_unverified,0,reset,1,,
8234beb47ba047ae992bed364181c01daece8a4875d629fc47415b7ddecbcde9,US,United_States,,vless,xhttp,reality,failed,failed_unverified,0,timeout,2,,
8235eafb453fe304f41af438f8addab05a3ab2d8705fc13c3ea964333d81091c,TW,Taiwan,,vless,raw,reality,failed,failed_unverified,0,reset,1,,
8253c13af39429a520cdbfc3a8ade0e41f9f97dc4791a33df889295ce195469a,US,United_States,,vmess,websocket,tls,failed,failed_unverified,0,reset,1,,
8258000fb38480cf62c7916c3eca85cba16f0fe8602c40a4191249af00622293,GB,United_Kingdom,,vless,raw,reality,failed,failed_unverified,0,timeout,2,,
8280e5c9924c2738e05395e7627702ffc2bd501f4a7f221544978ccf5160f74a,,Unknown,,vmess,websocket,tls,failed,failed_unverified,0,reset,1,,
8296a82bd77a828552abec89cc88c15c7e9ef569d163357f14ef065bbd850a3c,US,United_States,,vless,websocket,tls,failed,failed_unverified,0,reset,1,,
82b62a7d7690cad8f06a0700578920475d900ba00494f95d8025718bd1e8a4a5,FI,Finland,,vless,grpc,reality,failed,failed_unverified,0,timeout,1,,
82b7ee2a6454034536f4bad3f7ca24cfe453c7bda4f6fe99fc0365a4d3c8877d,,Unknown,,vless,raw,reality,failed,failed_unverified,0,timeout,2,,
82d6d94304ad49ab571481d85823548eb098deafe2c3a4b36d8fd9e78a3b3366,,Unknown,,vless,websocket,tls,failed,failed_unverified,0,timeout,2,,
82f814e714b51bf0236431cf43af523f4bd6d998b345b22f7398c8c74e355970,,Unknown,,vless,xhttp,reality,failed,failed_unverified,0,timeout,2,,
830479bf90d9831ca5b522299fcc6c3d7dc8e0aa300b762badfb985dabfb5198,GB,United_Kingdom,DE,vless,raw,reality,geo_resolved,fresh_verified,0,,1,http,4884
8312e6a61e501135f4efb408bc1834bfaf0e1bae35ca937b0588ebe1adc19c95,,The_Netherlands,,vless,raw,reality,failed,failed_unverified,0,timeout,2,,
83196c382d1c5db6d541a401b57cc1cb3abfeccff3e685096fc7a34f20f6d5c6,,Unknown,,vmess,websocket,tls,failed,failed_unverified,0,reset,1,,
8322ce239e917a0bacba08fd4b7bcf17923997d5c758895af747d5e301b4ff07,US,United_States,,vless,websocket,tls,failed,failed_unverified,0,eof,1,,
83311f3aae4a549c9e37e90b32e67571e3d7ad5e90cc9749167722121cbe1a96,US,United_States,,vless,websocket,tls,failed,failed_unverified,0,eof,1,,
836d8dcc2213cb17775a5b6379fc023783ffc5ec11e04282f512987cb4f68e4a,,Unknown,,vless,websocket,tls,failed,failed_unverified,0,eof,1,,
8370f7ff194c60d6e64d2d65a8509999f31061acfe5c3b54ec560f2587b2e1ce,,Unknown,,vmess,websocket,tls,failed,failed_unverified,0,reset,1,,
83763ebde5019306a5eae6b4309169b9287db11fc8a245a600c86aab516d56d7,GB,United_Kingdom,PL,vless,raw,reality,geo_resolved,fresh_verified,0,,1,http,4516
8383a5fc199dc6323511dbd18c41a4bec55fb1d634ef7d4a3fb05e092eca94af,US,United_States,US,vless,raw,reality,geo_resolved,fresh_verified,0,,1,http,2377
839d49e40e1838c71b71695e9d139a532d046ca0d2a1e71610589cb04c0fc418,,Unknown,,vless,xhttp,tls,failed,failed_unverified,0,eof,1,,
83b647b5823cbcf9dc7059ee2970494023873e9545477ce40dd747339e2142be,,Unknown,,vless,raw,reality,failed,failed_unverified,0,eof,1,,
83e758802e9cc58adefa514014221155e194aae7ff4f115e786f26492acf6e00,US,United_States,NL,vless,raw,reality,geo_resolved,fresh_verified,0,,1,http,2112
83fd70f544d8665197b7d4047fb33a547eea979b5a11aaba6c14c91b0f4ce769,AE,United_Arab_Emirates,,vless,websocket,tls,failed,failed_unverified,0,reset,1,,
84011ef03482735746b35916dd74c0c486eecf6074f2007b95349e833360a67a,AU,Australia,,vless,xhttp,reality,failed,failed_unverified,0,timeout,2,,
8402d7abc91e12bc3026e7a78d4cbe20c6d8a3f43e18e3c3b3fe2d5d89de93b7,,Unknown,,vless,raw,reality,failed,failed_unverified,0,timeout,2,,
8404c8d647fa54070df7f5ff8ccef5a60a795552fac52d9174e5f2dba97d1683,RU,Russia,,vless,raw,reality,failed,failed_unverified,0,eof,1,,
840d0a27c8c20bcc3847fc70a5c9bc7666904d005880aef442e03aa9e9b67bfb,,The_Netherlands,,vless,raw,reality,failed,failed_unverified,0,eof,1,,
840f286ab45256ec8f454d1f3ee7db99501865b71aa00729f2f26b364d9dd9f2,,Unknown,,vless,websocket,tls,failed,failed_unverified,0,eof,1,,
843649c0230dfbf8bc5785757a3e7cf14ffbc523098a09e9bc63011122b7da67,,Unknown,,vless,raw,reality,failed,failed_unverified,0,timeout,2,,
843c5cab7a2a14f38a6030cdaad8f245cacfc76ba696ae12cd8634e4889eb484,US,United_States,EE,vless,raw,reality,geo_resolved,fresh_verified,0,,1,http,2176
844411c19a879797911ecc70e72ef4d6e7a4521546fd9f810fc13f7729eeeb7f,US,United_States,,vless,websocket,tls,failed,failed_unverified,0,reset,1,,
84472508117fb13fa7ef23210d6262077bb08e06a3ca3e562e88cefba10cb96e,US,United_States,,vless,websocket,tls,failed,failed_unverified,0,eof,1,,
8457de3e141d592354acb18e3764eab85671353888f259bab62103b35bc494fb,,Unknown,,vmess,websocket,tls,failed,failed_unverified,0,timeout,2,,
845f51c0e12c9709c2ba3c646910d35be4e522016baa50cd7ea3decc50e0bdd6,US,United_States,,vless,websocket,tls,failed,failed_unverified,0,reset,1,,
847296b5c11b1099935cd7bcf8d3ece50acc97f883c41b84383c91afea3c7f37,AE,United_Arab_Emirates,,vless,websocket,tls,failed,failed_unverified,0,reset,1,,
848a3713728da553580e3c7993988f3ab49ef7e4efdc8bfc535616cbac353936,,Unknown,,vmess,httpupgrade,tls,failed,failed_unverified,0,timeout,2,,
8494d32fc95d8ee1cedfeb024573fff60d756006a600efcf3872ac81ecc05003,,The_Netherlands,IN,vless,raw,reality,geo_resolved,fresh_verified,0,,1,http,3744
84ac6111223bfab0dc8ccfe7cb7e856597b81260925974d5dcff282df22548fd,GB,United_Kingdom,,vless,raw,reality,failed,failed_unverified,0,eof,1,,
84c35895b5b81b0d8762d5fe6168ffccaf21d2d83c020b7a0d3ee7b44ee726a7,,Unknown,,vless,websocket,tls,failed,failed_unverified,0,reset,1,,
84eefa9de149f5500fe4422a32a6fad9142b506d4573818b284f9b5fcf39202c,SG,Singapore,,vmess,websocket,tls,failed,failed_unverified,0,reset,1,,
84f1d678a58d5b4ccf50d63bf7607ad713cb3a602dc80c6ced577eaf5b3e172a,EE,Estonia,,vmess,websocket,tls,failed,failed_unverified,0,reset,1,,
850348c9be66c6c74b34b51caf0688554ea07e0ca8f684e1e2ccfed661f22926,,Unknown,,vless,websocket,tls,failed,failed_unverified,0,eof,1,,
8532c797408c503c6b6534d1d906d84c767320022df9994981edac41e6d41fa4,US,United_States,,vmess,websocket,tls,failed,failed_unverified,0,reset,1,,
8533c501dd6facb200503aefe7c58c2e9757336d6df31fadcc4a074d72ecf381,,Unknown,,vless,xhttp,tls,failed,failed_unverified,0,timeout,2,,
8561ec055e7d9dcec577e7d1d89e3a2a83d6d8c53e7ffc36a76ad3eaae1bd790,,Unknown,,vless,websocket,tls,failed,failed_unverified,0,reset,1,,
8576f4f1a807431f52ae701575abc0af3f72b07a7afc001cc89320ac6ad3e94a,EE,Estonia,,vless,xhttp,tls,failed,failed_unverified,0,reset,1,,
8583262c57aec30ae2a85878200eadd6edc9f8b7a5f1b846fdebdcc179df430a,,Unknown,DE,vless,websocket,tls,failed,preserved_last_known,2,reset,1,,
858898bf94b86a78ced787d5d6548966c0ad8ba7dbbfa2d6478de16316867def,DE,Germany,,vless,raw,reality,failed,failed_unverified,0,timeout,2,,
859367ee12d8fb81f0e47095d9e2a73b6ec81e79038ee7bad3e83d84b7618041,US,United_States,,vmess,websocket,tls,failed,failed_unverified,0,reset,1,,
8596a800efaf653c3893f1a96949437c24c8d2b7bfbde91750307a661d43a8d7,,Unknown,,vless,xhttp,reality,failed,failed_unverified,0,eof,1,,
85c71d9db5719274e2522bf424de83ca64aef5ebe28a80b506b7f6577105e239,US,United_States,,vless,websocket,tls,failed,failed_unverified,0,eof,1,,
85cb5e689f9ba6b2bc8deee6d583814e5819b56d6f0a339b9f199daced3719ea,GB,United_Kingdom,DE,vless,raw,reality,geo_resolved,fresh_verified,0,,1,http,3890
8604fff2c3a67101f68f973a7d49a0ca66995916a1eacff931c19f1486f7831b,RU,Russia,,vless,raw,reality,failed,failed_unverified,0,eof,1,,
8605a79acb183865cd521d60e06baee997ecfa10e8df256044d3d1eab06fddfc,US,United_States,,vless,websocket,tls,failed,failed_unverified,0,reset,1,,
860acaf9c489ba5722f1d3e97a7e025c8151758b6b290fb01d0f27b8083b2bbd,CZ,Czechia,DE,vless,raw,reality,geo_resolved,fresh_verified,0,,1,http,2661
861182f7efc9a7cfa42d60ab147d5c34d1b2817098eab246311c170bc4749758,,Unknown,,vless,raw,tls,failed,failed_unverified,0,eof,1,,
863390a5755ad6ab898eaff0797ba3939232a4d5490438a43f6d47326d70461c,US,United_States,,vless,websocket,tls,failed,failed_unverified,0,eof,1,,
86352cc5b9f21fdcc68cb2e9a1e53fca336ef3bbd43093e8330d2b479ceca427,,The_Netherlands,,vmess,websocket,tls,failed,failed_unverified,0,reset,1,,
8637cf22f8f87f082cb309932ec753a6ae11be3d58ac98d1b55d35e9ab63e0a3,US,United_States,,vless,websocket,tls,failed,failed_unverified,0,eof,1,,
865e2b3e069b29d442535f813a87d512bd87c5f4e1130892463617eb070bcd82,IE,Ireland,,vless,raw,tls,failed,failed_unverified,0,eof,1,,
86668d86bd41b1eda0be790437bc34326ac35bb3d46a7810bc0c9aeef1599330,,Unknown,,vmess,websocket,tls,failed,failed_unverified,0,eof,1,,
866c9d6f995448f8a9b2532ee8120f4bb444fd6115d027d81b87378eee201e48,,The_Netherlands,,vless,raw,reality,failed,failed_unverified,0,eof,1,,
8672e5683a35ad6c45b493a22c87d48b555ad88ee9bf324a7cfafbfdf63960d9,US,Us,,vless,websocket,tls,failed,failed_unverified,0,reset,1,,
8681527aef95c1b311b9f2ad97e5db5bfb34bf2cffb85f3a8d65005a0749b353,RU,Russia,,vless,raw,reality,failed,failed_unverified,0,reset,1,,
868a9a35d97d79b2e1c865b6a2d58f2e507a8f2adf0e606a9f1dc167e4db002e,GB,United_Kingdom,GB,vless,raw,reality,geo_resolved,fresh_verified,0,,1,http,2425
869640b261fac3556a48313ab171df197ed509376cd21af009e964dd0af45f87,GB,United_Kingdom,,vless,raw,reality,failed,failed_unverified,0,timeout,2,,
869789e444395788eb1a903926da6b254656fe5f1fe47b13a9ec5686ed5823ed,,Unknown,,vmess,websocket,tls,failed,failed_unverified,0,reset,1,,
86a21e90853c38fa3709959d4e003080452ba187d5b6cb2177568245819a2fd3,US,United_States,,vless,websocket,tls,failed,failed_unverified,0,eof,1,,
86af3b9bb215c1360f7b857d2051feb86a7f1c49020910b703644f8155adfbeb,US,United_States,,vless,websocket,tls,failed,failed_unverified,0,reset,1,,
86b2db63c65e4315188d4ab3ffff53b0b759455be46d276b6a7ed1f3800f9e6a,,The_Netherlands,,vless,websocket,tls,failed,failed_unverified,0,reset,1,,
86c6430a90ed3802d7ced80addebcbcdbbf91c7f06f418d333ae5c2d5bcffbec,US,United_States,,vless,websocket,tls,failed,failed_unverified,0,reset,1,,
86cb9bdceb33ba77e309f17077c0d4591c9defd4f343aa9b3c01577f48cab5c8,,Unknown,,vmess,websocket,tls,failed,failed_unverified,0,reset,1,,
87159eead2c90eabb5d089ae0b0cbd9a15143d2da1792192d1a0a853143f304c,CH,Switzerland,,vless,raw,reality,failed,failed_unverified,0,timeout,2,,
8718aadd6b785ecffa596b049f7bce4ad0fad00a67ce8a6714154d62a99676c6,,The_Netherlands,NL,vless,raw,reality,geo_resolved,fresh_verified,0,,1,http,2098
8721452b2eaa6744a283e0df55cd0c96604f51c286200d748876a5111da8eb47,,Unknown,NL,vless,raw,reality,geo_resolved,fresh_verified,0,,1,http,2393
872c4570b4a62797b5065d4ec78054ed8d9726e89cfd55578537ef447eac95af,GB,United_Kingdom,,vless,raw,tls,failed,failed_unverified,0,eof,1,,
874b5502648d4893fb6c439ee6e0fee052b645d9dbc12c1b0a738739ca20b8ab,US,United_States,,vless,grpc,tls,failed,failed_unverified,0,eof,1,,
8754b932783acb98225189390df5a82c8053253298554d9ffd4410a2708ce234,DE,Germany,,vless,raw,reality,failed,failed_unverified,0,timeout,2,,
875af63791bf91b7f58dc7cade6e0e343035bb63bc7d1b0670f14a3aca13a3e2,,Unknown,,vless,websocket,tls,failed,failed_unverified,0,reset,1,,
8761357406767641a34c521551163f567bfaa8c1d7931c3909fc1149009d8c27,,Unknown,,vless,raw,reality,failed,failed_unverified,0,eof,1,,
87668dfbade1ebcf0e9f6c3e2487da744ddf22d5046992ccc07ae0c32a2c425a,RU,Russia,,vless,websocket,tls,failed,failed_unverified,0,eof,1,,
877563a1ad4b8c8deb621ec0c57a01cc9598bbc25cbfa00f61fd028d040cee0c,,The_Netherlands,,vless,raw,reality,failed,failed_unverified,0,eof,1,,
877ad32c8cbce91944432709cf529aa1c4667eeaed2627f0532cf88bfef1a1a2,,Unknown,,vless,xhttp,tls,failed,failed_unverified,0,reset,1,,
877c83b30ab3291bfcbb68e1cc449b12c110edc48fe32b4c645fb30e9d545344,US,United_States,US,vless,raw,reality,failed,preserved_last_known,2,timeout,2,,
878871e0fedf7738c745db563c7c55239790631b2346713ce0316722c86b65ac,,Unknown,,vless,xhttp,tls,failed,failed_unverified,0,eof,1,,
878ef1ae8e6a938cbf58a26f0036231108cd45d914e2a2bab8a9681d64be3f42,US,United_States,,vless,websocket,tls,failed,failed_unverified,0,reset,1,,
87a59b1b6d1aee54738781fbe198c5880279418b3b0de762cf095e9fa9bde699,US,United_States,,vless,raw,reality,failed,failed_unverified,0,timeout,2,,
87afb9d46001170563baa42a08d88b63ae4264898726cdeab5c34cc2b1819347,,Unknown,,vless,raw,reality,failed,failed_unverified,0,reset,1,,
87bb38ea96ff89f7fbd3879a6616182c81b50e56f123c4eeec24c4c6d10e1c1c,,Unknown,,vless,websocket,tls,failed,failed_unverified,0,reset,1,,
87be184523af5e94eedb2c8a6c34a88a410ab00eaaf15684867c123e0a12dfb9,US,United_States,,vless,xhttp,reality,failed,failed_unverified,0,timeout,2,,
87c0cc60da3bfa0c2457824924742709129d930a041111eb92ae87e0261dfe2a,,Unknown,,vless,raw,reality,failed,failed_unverified,0,eof,1,,
87eb02bdc99a07b2fefe146073c54d2eb6b7c79c9393b78fe2fdeabe524b68e4,,Unknown,,vless,websocket,tls,failed,failed_unverified,0,timeout,2,,
8803f023f947cde4e137a4f0fd35b6888b22f8bf5ec56b9f509f7cd03619bb78,,Unknown,,vless,websocket,tls,failed,failed_unverified,0,reset,1,,
8805a72cd5a9f1698a4be69220ef6416daacaa4dfc46620bec594cbd3206f70c,,Unknown,DE,vless,raw,tls,geo_resolved,fresh_verified,0,,1,https,5555
8809cf7bb3a53080f9b4165b93e08dc332fb1702f64977c23d213cd705952fe7,,Unknown,FI,vless,raw,reality,geo_resolved,fresh_verified,0,,1,http,4337
880fe4c3a41f68245d9675f70a2caa363abd5327fd574e95bacfc1add3f335b2,ID,Indonesia,,vless,websocket,tls,failed,failed_unverified,0,timeout,2,,
881b28337a3b06afb849768178c1305d9c68d9c503792c16d66ab8963a68db22,FR,France,FR,vless,raw,reality,geo_resolved,fresh_verified,0,,1,http,3098
881c9ef5e10972bd78e5355d7f85974bc1456147cdfe7f1e859a249ed8761a88,,Unknown,,vmess,httpupgrade,tls,failed,failed_unverified,0,timeout,2,,
881eca28b7a9225c7f36bca06054711d232804ebeadf73706309d0bd58077a7f,,Unknown,HK,vmess,websocket,tls,geo_resolved,fresh_verified,0,,2,http,5193
882680a9cdd68d99c8e3db77225c45f33b3d05b48bc06233d6b471159a878422,,Unknown,,vless,websocket,tls,failed,failed_unverified,0,reset,1,,
8851da02cf031cfb73a0abf65f6d322997b55043e03301d3b0a644ecdc74be33,,Unknown,,vless,raw,reality,failed,failed_unverified,0,timeout,2,,
88521281669b265ce2c4d8bbc60b6d256c14c14ab2d7bec750b7247180d8c271,GB,United_Kingdom,NL,vless,raw,reality,geo_resolved,fresh_verified,0,,1,http,2072
88627554489a81b4d1aeeec9fab2823b11d685b2f1dc7a68de8b05d9551dd62e,,The_Netherlands,,vless,raw,reality,failed,failed_unverified,0,reset,1,,
8881235c3b811709ba594f59fae746fc21c2cec5a3a5d542e04a3bb0c2cbb9f7,,Unknown,US,vless,raw,reality,geo_resolved,fresh_verified,0,,1,http,2576
888967b4c7b7571379853622d99249eba8cd4537f712805e8cb1892c52aa5e56,HK,Hong_Kong,,vmess,websocket,tls,failed,failed_unverified,0,timeout,2,,
88899c04a52fc3bede0a74a10040b939066ce1439fad94004f1abfdb677b738a,DK,Denmark,,vless,websocket,tls,failed,failed_unverified,0,eof,1,,
888bc8b9568143991630b8ae1546ab1bff7d94b80deeee8ec481e3b8c26fb528,,Unknown,,vless,websocket,tls,failed,failed_unverified,0,eof,1,,
8894bdc8b40480efe7a7b2d359a17e27564a958dafb220bf8d5ee91ee4c9f16e,NO,Norway,,vless,raw,reality,failed,failed_unverified,0,timeout,2,,
88a1503b704708c8e413fbb265b1be18b52efcb117bbee590963d887363ed193,,Unknown,,vless,raw,reality,failed,failed_unverified,0,reset,1,,
88d86abae023e4e96b061956d0796d59efe86e4c1dea305828e80fdaa397eb30,US,United_States,US,vless,raw,reality,geo_resolved,fresh_verified,0,,1,http,3379
88e216beceb8905266eddd07ee504cedff28797b5cf26df07b42fa2cc2765d07,,Unknown,,vmess,grpc,tls,failed,failed_unverified,0,timeout,1,,
88e7df1b1db4524f643195728d25b45559c9218c67e502cdc08a5110841963c7,US,United_States,FI,vless,raw,reality,geo_resolved,fresh_verified,0,,1,http,2122
88f3a3b2465e8123ff87a6d65960aacc6fc480395abf95a0906cebb6f7b2f542,NO,Norway,NO,vless,xhttp,reality,geo_resolved,fresh_verified,0,,1,http,2253
8907de40668e1b4c7ff5d23d0764498aacd905944f507fbd488befbebce55886,,Unknown,,vmess,websocket,tls,failed,failed_unverified,0,reset,1,,
8908890cb13e740e1e1bfaf5cb41a18b8863376c093e1abcf34f0843bfca0e6f,,Unknown,,vmess,websocket,tls,failed,failed_unverified,0,reset,1,,
892ab04c31219edae13cf6312f8eec7b9e89efc0a479e4aac7241f42639a1b3a,,The_Netherlands,,vmess,websocket,tls,failed,failed_unverified,0,reset,1,,
893252b2b890c8f73fa2bce73744cbc9a5e6b76ecb2beeb08f446bb154ebc263,DE,Germany,,vmess,raw,tls,failed,failed_unverified,0,timeout,2,,
8932bcfc9d602c07580fbbce7b9ea150ab25f1a4e47a9c19ce87fbcc1dc2626b,,Unknown,,vmess,websocket,tls,failed,failed_unverified,0,reset,1,,
895dc31cab79486aae902c8250170e0b816a1ae078e438283768934476b7ce12,US,United_States,,vless,xhttp,tls,failed,failed_unverified,0,eof,1,,
8971ddff9c5795014f78364f15c8ce2c851facb064ddc3a89f1c781e210c4c96,US,United_States,,vless,xhttp,reality,failed,failed_unverified,0,eof,1,,
8988fc2192d1f55bef9891abbbaefb59f5d3c6e6d1eb1591803d1d78db2933ea,,Unknown,,vmess,xhttp,tls,failed,failed_unverified,0,eof,1,,
898ecdc60538ff75f6ad703115f5aab0647628bf77a820168df6626a20b40d49,GB,United_Kingdom,DE,vless,raw,reality,geo_resolved,fresh_verified,0,,1,http,4353
898fd4fe4468ceb054594a06cda149ee2810049604b8a30f81038fa707cafa44,GB,United_Kingdom,DE,vless,raw,reality,geo_resolved,fresh_verified,0,,2,http,4960
899de3924f1a177b0fa5fc57118a893fa011d8c1a9167734379b89101881d664,,Unknown,,vless,raw,reality,failed,failed_unverified,0,eof,1,,
899fe78f98ae695e7dd5dc6e173f65c481e956f22565b8150afd527d6bbeb1d8,,Unknown,TW,vless,raw,reality,geo_resolved,fresh_verified,0,,1,http,2938
89a2b38b392e72856af77036d37dd6658a414f628c695df5401df1310b767c7c,,Unknown,EE,vless,websocket,tls,geo_resolved,fresh_verified,0,,1,http,1251
89b6f558479a8668f5b77c21dd5d901a27277cf23e023f51fadbf97ba403b0d1,,The_Netherlands,,vless,raw,reality,failed,failed_unverified,0,eof,1,,
89b7085a9a13475ffa83b6c6b3a75e1f9401982d52b64c146eae1645d89e115c,GB,United_Kingdom,EE,vless,raw,reality,failed,preserved_last_known,2,eof,1,,
89e18cc2922fa9131e90a6df2bde0f49af8d2ff8ea6c28263f49cd29000b59c4,GB,United_Kingdom,,vmess,websocket,tls,failed,failed_unverified,0,eof,1,,
89e38c9fb8d704e15affde33208ef6bb465a0ca4428c5ddeb394ab0587350ff6,,Unknown,,vmess,websocket,tls,failed,failed_unverified,0,reset,1,,
89f15494086bb9a1ee56111ba853bdfa7d2050cf46cf866781dfb1c3970074bf,GB,United_Kingdom,NL,vless,raw,reality,geo_resolved,fresh_verified,0,,1,http,2091
89f7b91793f520025361666b2d4d7a0cb593c1587f499d303f994f835f828267,US,Us,,vless,websocket,tls,failed,failed_unverified,0,reset,1,,
8a01733f0291e10c885e3fb6b9cb2e902f7a7885e03ac633ac8f174f830c04c1,DE,Germany,,vless,grpc,reality,failed,failed_unverified,0,reset,1,,
8a177219768516822c5d1bcdc3594d6b34ce7417c76bf8a50bd8aae43e2c390b,,Unknown,,vmess,websocket,tls,failed,failed_unverified,0,reset,1,,
8a24f3803925ffe0db04c5fae85e00db6683ac336bf2e70345fbc854262cd3d8,GB,United_Kingdom,,vless,raw,reality,failed,failed_unverified,0,timeout,2,,
8a3672956865b74edef74054acd5cabd5c9b2da3a1230aacca08e0de491c1741,US,Us,,vless,websocket,tls,failed,failed_unverified,0,eof,1,,
8a3fc4792c57241161bba34235fa7ed72b850a96795c3609ce1bf93614cd975a,,Unknown,,vless,raw,reality,failed,failed_unverified,0,reset,1,,
8a4ec75236aa4200ed8ff6a00c010d59af71553f77020aa3f87221fb48c3f509,US,United_States,US,vless,raw,reality,geo_resolved,fresh_verified,0,,1,http,1341
8a52dfb5f14811362389c80b471e1b028c1176b6fab7b0e7ff4213590a45fe09,NO,Norway,,vless,raw,reality,failed,failed_unverified,0,timeout,2,,
8a5ab17a3fa3aaa3bb66e6e9429780163dc68c9bb16d1b899298b7253d3d5bf8,DE,Germany,,vless,raw,reality,failed,failed_unverified,0,reset,1,,
8a82a771e87771507f2e12ffbe940a8bc61b7214939693bb4c7d322d5dd445ce,,Unknown,,vless,raw,reality,failed,failed_unverified,0,eof,1,,
8a950282cf182db1ec6d5f3918bbf83c8f049eb8731e619eb58d7ddc90e92f37,HK,Hong_Kong,,vmess,websocket,tls,failed,failed_unverified,0,timeout,2,,
8aaea92d12bb0624d94fd835eb1c8a38ae4635e70563cfb2336d4ee85e0a63a2,,Unknown,,vless,raw,reality,failed,failed_unverified,0,reset,1,,
8ad5a1d9f044c0a51f9f2fa10ccfae5702bb204b950c22bfe0acdbf4873196b8,,Unknown,,vless,websocket,tls,failed,failed_unverified,0,reset,1,,
8adfaa870ba555ffb0cd28a72b789a064cf2af5d2dc62482c63bc03b9f9cbc08,US,United_States,US,vless,raw,reality,geo_resolved,fresh_verified,0,,1,http,2522
8adff3e3537f620d5a61da4febdbbe79aaab49eef40929cf5b9e970378a25e05,GB,United_Kingdom,,vless,raw,reality,failed,failed_unverified,0,eof,1,,
8ae6468f3f5abf631c09bca20000524b08556856fd790b995b6776dfb8c04505,,Unknown,,vmess,websocket,tls,failed,failed_unverified,0,reset,1,,
8af0c66ebc35ce575681a7f3e24eb8657fef2707299287ba3e91d2cc9e266a53,GB,United_Kingdom,FI,vless,raw,reality,geo_resolved,fresh_verified,0,,1,http,3176
8af49d07815784ddab95330e6429d76007bd640eadc8f02cfa3d1be59ca35288,GB,United_Kingdom,FR,vless,raw,reality,geo_resolved,fresh_verified,0,,1,http,2107
8afd992c2a06c0d9f940a5e7cec6a78ffaa3036a07e24cdde2d35a0073030053,,Unknown,,vmess,websocket,tls,failed,failed_unverified,0,eof,1,,
8b066345a950740dc3ec43ba61acfdd7b301172130ab2d8fce8f7e4ed401aaf8,,The_Netherlands,,vless,raw,reality,failed,failed_unverified,0,reset,1,,
8b1fd0bf6d0fa6ccb8a72f6fa5de8895e0ae3ad54f97327cb02a8e9616f6028d,MY,Malaysia,,vless,websocket,tls,failed,failed_unverified,0,timeout,2,,
8b2c57c6503a20c93276a458a47629afde426fe2d92d90b677fa17930fd732c7,,Unknown,,vmess,websocket,tls,failed,failed_unverified,0,timeout,2,,
8b2d1aa99e8f22df412d3f7490779ab9baec8e876f48594f6b58fdea66fccd08,GB,United_Kingdom,DE,vless,raw,reality,geo_resolved,fresh_verified,0,,1,http,3666
8b5f897c9029411529b143bcd9921a98ca7d13daf7dd322b878428f5a3186fff,US,United_States,US,vmess,websocket,tls,geo_resolved,fresh_verified,0,,1,http,1472
8b6509ba1ef59884cb0f66de3cfb449c3c9255d9b67f87b2e3a199ef85251191,LT,Lithuania,,vless,raw,reality,failed,failed_unverified,0,reset,1,,
8b69b15afbe9503b5aeb5279d4b39972b48a246c5f9aaffe1cb5773d098b0d6c,US,United_States,,vless,websocket,tls,failed,failed_unverified,0,eof,1,,
8b7c82d00b064033bbf8a7bcfa5edc91c86ef48aca80bb9cf71d2403bd4ae7a2,RU,Russia,,vless,raw,reality,failed,failed_unverified,0,eof,1,,
8b8f4f368e6321de68d99262a751ce63272018b3fa940fcd3a4c8c29588eec46,US,United_States,,vless,websocket,tls,failed,failed_unverified,0,reset,1,,
8b9af69a10c56d0be784476955b2423b903b36af0b08566727bb0fd15a9fd662,AE,United_Arab_Emirates,,vless,websocket,tls,failed,failed_unverified,0,reset,1,,
8bac8fda1b532fcc837379e95668da4fea00cdfe40f7dbcb62a1cd55780d264c,MD,Moldova,MD,vless,grpc,reality,geo_resolved,fresh_verified,0,,1,http,2296
8bbe9a1339b1909c2c9357690035a2787990cb3b22fee2e74046cc4b9e974520,IE,Ireland,,vless,raw,reality,failed,failed_unverified,0,eof,1,,
8bc6999055f48521ced96ce478ba66f5c60838b9ea5cf9c26f95384c60ffcc1c,,The_Netherlands,,vmess,websocket,tls,failed,failed_unverified,0,reset,1,,
8bcd1e4c09a0760c96b48b185938a672b11d52bb1c21d5c95bb52353bfd0be31,GB,United_Kingdom,,vless,raw,reality,failed,failed_unverified,0,timeout,2,,
8bd035f9b73e6008ca9fed70003ba335e0ae01e949a1a4e4da113545112f2c9b,,Unknown,,vmess,websocket,tls,failed,failed_unverified,0,timeout,1,,
8bd0e4fc8471f100ac08af05289d0fd051ccaf5acde26b63b6cfa532c1d3e87b,CN,China,,vless,xhttp,reality,failed,failed_unverified,0,eof,1,,
8bd74a490e30772b465a4ad1dfccc443929eadc962d2fe500e8aaab4ea7280ee,GB,United_Kingdom,,vmess,websocket,tls,failed,failed_unverified,0,reset,1,,
8bde607884c3d3b530729edcf9d1d0d62c9f905314cd2b2bd4fe1fe009514f65,TR,Turkiye,,vless,raw,reality,failed,failed_unverified,0,eof,1,,
8bea1ade9bb614fd697b9c39bd2d2ffc3c74d74b732314d64b94effa1ae16398,RU,Russia,,vless,raw,reality,failed,failed_unverified,0,timeout,2,,
8bef3d1c2767e7fc5ff688ae9a0681681545d1ce8a2507b1f3d339c018259a59,,Unknown,,vless,websocket,tls,failed,failed_unverified,0,eof,1,,
8c150a74d0997e4c4b5f0dd2c598ef81421b3e379becba566f499e9b85d0f416,US,United_States,,vless,websocket,tls,failed,failed_unverified,0,reset,1,,
8c15635f8a16a8d349ca5b8b4f2da8112f69850dfca5ac4ef2172b216345565b,RU,Russia,,vless,grpc,reality,failed,failed_unverified,0,timeout,1,,
8c194b924b6c60608c0d1922019e8ada03ed22f2a9aea52c0558519caf2f008c,US,United_States,,vless,websocket,tls,failed,failed_unverified,0,eof,1,,
8c1e79fc4fca37a6dde918de2488ea52824ae7cbae6fa7febfbe4ff1ad2a142a,US,United_States,FI,vless,raw,reality,geo_resolved,fresh_verified,0,,1,http,3830
8c20b475e76de07cc6dda9e0a4e0ee9196b3c4aecfc40acc67ca9713ff931d66,,Unknown,,vless,websocket,tls,failed,failed_unverified,0,reset,1,,
8c24089b92ca59b1194eec23f4b9875d05356a131c757d4b83c07b326bbfe859,,Unknown,,vless,raw,tls,failed,failed_unverified,0,reset,1,,
8c2689d05a57c0001a64e78e6a58a0414a626a2f622255d71bd138c1006c57eb,,The_Netherlands,DE,vless,xhttp,reality,geo_resolved,fresh_verified,0,,1,http,2058
8c2ed09890f99267d4b91419020da49c39c1376108a8be17893e09c98c19bb89,DE,Germany,,vmess,websocket,tls,failed,failed_unverified,0,reset,1,,
8c4415464d094406d27b1d277927c6d44df10b242a6fda80634a5e71e460176b,US,United_States,,vless,raw,reality,failed,failed_unverified,0,reset,1,,
8c5797fbf90f67bd5c7daac838514ca9de01ab894aa8f7a5db7eb7a5ff827809,DE,Germany,,vless,raw,reality,failed,failed_unverified,0,timeout,2,,
8c5d410cab53eb29cbee6bd9d0ef7b740516a4b5dc40d9e08982d0e6185e3c50,,Unknown,,vmess,websocket,tls,failed,failed_unverified,0,timeout,2,,
8c63e1df55c9a47796b9d0dbace8e585175ebaab52a15a3f0270ee3091b5bd5f,,Unknown,,vless,websocket,tls,failed,failed_unverified,0,eof,1,,
8c669545e478e7ade89a102fde39d7b5f69882d0532c67faff12b71c7becdd8a,,Unknown,,vmess,xhttp,tls,failed,failed_unverified,0,eof,1,,
8c69c2dfe805425e04022791f71ae325a8d101568e7e44f51fa6cf756ceff8f5,,Unknown,,vless,websocket,tls,failed,failed_unverified,0,eof,1,,
8c781a776b34dcefa0b5abdb54c1ae667fd643ae034eb6260831a629b7996c0d,GB,United_Kingdom,,vless,websocket,tls,failed,failed_unverified,0,reset,1,,
8cab78087f68b6a41135575e487aa22c9b4d4a115569ed3be7e8e659e450cccb,CA,Canada,,vless,xhttp,tls,failed,failed_unverified,0,reset,1,,
8cb692279177c760664e97e02d0449cd6a9e8ebfc38fbf30733d1e418843153c,US,United_States,,vless,raw,reality,failed,failed_unverified,0,eof,1,,
8cc3bb9eb461f9b743043e336acd6b03c0c76a96dcd647a9b1ca8f60a887e7b1,US,Us,,vless,grpc,tls,failed,failed_unverified,0,eof,1,,
8cdf536906cf808d75c95f3dd87488bb1f30e19dea042a47ba71f12e1ec54463,US,United_States,,vless,websocket,tls,failed,failed_unverified,0,timeout,2,,
8d0432080996cb6bbc0cd7151b6535d042dab5dd30ac47626dc2d15bd1bab36d,,Unknown,,vless,websocket,tls,failed,failed_unverified,0,eof,1,,
8d073196117d86a9379074ba0566a28af58d7e1c2b8b3f1e6597679c1135d9e3,,Unknown,US,vless,raw,reality,geo_resolved,fresh_verified,0,,1,http,2440
8d118404099e913d749a800481431bd18ce944f0334a594a03bf834b7fb4c1e0,US,United_States,US,vless,raw,reality,geo_resolved,fresh_verified,0,,1,http,3689
8d1c1fb63c7677b3f1721375dee730a1a61664eb8d3637c6cbcdb229568daece,,Unknown,,vmess,websocket,tls,failed,failed_unverified,0,reset,1,,
8d1c4ec0bc0b6ce84314b9e4f16eaad6ddb04f02b1f8663fc0b08b146fa83f3f,,Unknown,,vless,grpc,reality,failed,failed_unverified,0,reset,1,,
8d2ba8f1a16b27c71aed2c90b114b1a25c3315b7bc8b264af46de6c00f5ec1b1,CZ,Czechia,,vless,websocket,tls,failed,failed_unverified,0,reset,1,,
8d565eb2d9f1d1ab9a414dc62e6f8f96ff578ec73550bd28f84334a82af06126,DK,Denmark,,vless,websocket,tls,failed,failed_unverified,0,eof,1,,
8d570aa6639a4b066b8331b5426dff0b8321b2d66839d1dba3a607fd490fec03,US,United_States,,vmess,websocket,tls,failed,failed_unverified,0,reset,1,,
8d65be1d0b63c28abf8e479b146b943ed5beb231f4a9db5de9a746c5aba687bd,RU,Russia,,vless,raw,reality,failed,failed_unverified,0,reset,1,,
8d6b4a23606b7362e3a4ea9046b8e3e2953f54c3ed281ff6f497fe8e2927d2e9,US,United_States,,vless,xhttp,reality,failed,failed_unverified,0,timeout,2,,
8d6c47141408a8ae4f5bb14c0bea9e48ca91b623c429b1bd3dd9aa54f3c37645,US,United_States,,vless,websocket,tls,failed,failed_unverified,0,reset,1,,
8d8d5c438a8697b932b6ebd0b4d4b14bcfcecb16eaa1d923278a40d5046e68e6,DE,Germany,,vless,raw,reality,failed,failed_unverified,0,timeout,2,,
8d94d9b547691579a4cedac7be5f81449ed1c2f4247554639d83346b2bc18aad,CA,Canada,,vless,websocket,tls,failed,failed_unverified,0,reset,1,,
8d97c38054e4aca159be7de0c1165648050863a7889b77445833e664a90bcd31,RU,Russia,NL,vless,raw,reality,geo_resolved,fresh_verified,0,,1,http,3532
8dca8973ec06176e5733b24b6a975503c4f3a259f86ae2af4fe4febac1dd6882,,Unknown,,vmess,websocket,tls,failed,failed_unverified,0,reset,1,,
8dce01da91be625c397609193d3acc24d15861a06ac651003e365c6261e7d123,US,United_States,,vless,websocket,tls,failed,failed_unverified,0,reset,1,,
8dd403a7953e4cb1a2d2e7c7d04dbe0af40ed718c0fb3326292ef4dfeb2087df,,Unknown,,vless,websocket,tls,failed,failed_unverified,0,reset,1,,
8df7d2ade71255eda580b0fd5f3be025fb5f267e5213b4c779a4e264142104c4,,Unknown,,vless,xhttp,tls,failed,failed_unverified,0,reset,1,,
8e0182b138b872984f68ee2435804f63279c8b5f7b50fded31ecbb0f3657612b,US,Us,,vmess,websocket,tls,failed,failed_unverified,0,reset,1,,
8e269f57ff25adef93d40a98651c821f6dcb90411b217b92fda1acfed1f29de1,RU,Russia,,vless,xhttp,reality,failed,failed_unverified,0,eof,1,,
8e334bd70e15bc4b8aa8e4e9eff560783332777792315078602d39bf87dc7f44,HK,Hong_Kong,TW,vless,websocket,tls,geo_resolved,fresh_verified,0,,1,http,1187
8e4cee2012306cc912cb3ab6a804654109d370924845b5b28c9100cdff9923e8,,Unknown,,vless,xhttp,tls,failed,failed_unverified,0,reset,1,,
8e6253d9c90f37fb21a62b724dae07472fa20d18500f874c372c507aa76a7fa5,,Unknown,,vmess,raw,tls,failed,failed_unverified,0,eof,1,,
8e673807ad9965c93cdfc9e7723d317d04ed680492aa02c6d8b304709aa6cf80,CH,Switzerland,,vmess,websocket,tls,failed,failed_unverified,0,reset,1,,
8e7f154327fa32b5e559321b820700b1cedc8e8b6afdc712d139b525062f57e1,GB,United_Kingdom,NL,vless,xhttp,tls,geo_resolved,fresh_verified,0,,2,http,3073
8e84e530c1af19e344a7b8f0d4c84df5f6aeebde179ad39af8d429b301f09bde,GB,United_Kingdom,,vless,xhttp,reality,failed,failed_unverified,0,timeout,1,,
8e8e4d5aefed1359989dee8291077d7cf37d7c5d2f1827fd6e645120170e9a32,DE,Germany,,vless,raw,reality,failed,failed_unverified,0,timeout,2,,
8e928544fa222021cac7c1fcc543ea6dd868306cf5282d0e69882eb05bf97815,US,United_States,US,vless,raw,reality,geo_resolved,fresh_verified,0,,1,http,2502
8eaad88cf06d3254411b6884a0ba0111d63eaa9d3b209342300ece868c139e2a,,The_Netherlands,,vmess,websocket,tls,failed,failed_unverified,0,reset,1,,
8ebec526535f104d1422229f7c0e1615bd34f28181b50730a9fa04f6458aa026,CZ,Czechia,,vless,raw,reality,failed,failed_unverified,0,reset,1,,
8ec5d47fabb57aaf3d0bfd2788cfe1fe095f6ff7834e51e53d996586439a0d47,US,United_States,US,vless,raw,reality,geo_resolved,fresh_verified,0,,1,http,2415
8ed1a5b190e3793fea818febd7eaa2a3560e148147f034633610882be767e522,BR,Brazil,PL,vless,raw,tls,failed,preserved_last_known,1,eof,1,,
8ed9e68efc9a6fac7cf157e376ccb0e2c1fd5ab9cd7e1a40ec9ba4f8449f9812,,Unknown,,vmess,websocket,tls,failed,failed_unverified,0,eof,1,,
8ee797b34f9646ba8027c39488f543c6078ba8ce2082b81b56f1bc9218eadcb7,,The_Netherlands,NL,vless,raw,reality,geo_resolved,fresh_verified,0,,1,http,2095
8efabb3250765aecbd62a03271581c8a1e276e092f3599713ea9aa00080fcbc6,,The_Netherlands,,vless,websocket,tls,failed,failed_unverified,0,timeout,2,,
8f0bdfabd588665178b2ef2dad6cf637047f320b75071911d6e0ef3f9e944d1e,IQ,Iraq,,vless,raw,reality,failed,failed_unverified,0,eof,1,,
8f13011379c13e7263f136fd8e7033c298cee2620f5878a2ec6e351426e4a35e,,Unknown,,vmess,websocket,tls,failed,failed_unverified,0,reset,1,,
8f15141ce3f4c55cbd16d9f463c6f6fa69d03bb279e5a2c11daf7d0d1510f894,,Unknown,,vmess,websocket,tls,failed,failed_unverified,0,reset,1,,
8f2463ab7f1099466bb5f617e16754ba49728b1100ea3a81100a5f6ae8de506e,,Unknown,,vless,websocket,tls,failed,failed_unverified,0,eof,1,,
8f2b461392d16416e25eac4304243563b072e4f2d054cdfcfe1076a600d97caa,,Unknown,,vless,xhttp,reality,failed,failed_unverified,0,timeout,2,,
8f3d21ec151de0d398c660a9bb6cfe8ef845551fd18ef12b173493b5cd8b60b1,,Unknown,HK,vmess,websocket,tls,geo_resolved,fresh_verified,0,,1,http,2174
8f406b20fb6e697a8badd2261bdafbbbce9bf4da2afe5d1240dcc686d5a60e8f,,Unknown,,vmess,websocket,tls,failed,failed_unverified,0,reset,1,,
8f4a57c23b324dba376417fd7bbf83b4c333e05ec29284f57e34cae35c47d548,GB,United_Kingdom,,vless,raw,reality,failed,failed_unverified,0,eof,1,,
8f55176d9e832598b1ad368a3fab5e5a4542cd90febab93359a3c7fde8ab80fc,,Unknown,,vless,websocket,tls,failed,failed_unverified,0,reset,1,,
8f55c0e3f87142cbc698fea96fe4d21c5252fb54a84e082da96f19c085956c64,,Unknown,,vless,raw,reality,failed,failed_unverified,0,reset,1,,
8f6cbf68290dd9119e60fa1ad0a8dc1bc55f8a78d5771a3e88ac4a183214ac96,US,United_States,,vless,websocket,tls,failed,failed_unverified,0,reset,1,,
8f763232a2eced1019d4246fa6500c7060d50e6fe4995f81f6f0e18b51b1b0f1,SE,Sweden,,vless,raw,reality,failed,failed_unverified,0,timeout,2,,
8f85084f043ad1b8aa08c9df7efb1e0f68723e8d3ad138be1a2ab96c13a3dca2,,Unknown,,vmess,websocket,tls,failed,failed_unverified,0,timeout,2,,
8f8dddace7015c1366c5de01a7dac9afa9d5f1eed7f951556ae10c0267944eba,US,United_States,,vless,raw,tls,failed,failed_unverified,0,eof,1,,
8fe78870f84cfff53e83af6c548869d9efea7711d23bf36801737c9271ec87d0,CA,Canada,,vless,websocket,tls,failed,failed_unverified,0,reset,1,,
8feb421ecda11d972ef2c7189d21497900e933e258c4d521dfb21c605df555bc,US,United_States,,vless,websocket,tls,failed,failed_unverified,0,reset,1,,
8ffb659e6bfc0a5a16649ecbb13cbdc2b8a1ec17fde7558dcf627a5ccf54e97b,,Unknown,,vmess,raw,tls,failed,failed_unverified,0,eof,1,,
9023f5acd3ca1302877634684240ce8f68fc7f95cb069469116e83a4d6d47e87,EE,Estonia,,vmess,websocket,tls,failed,failed_unverified,0,timeout,2,,
903102edf1d14028a0ceb20ef2ad1f0d87177d70a9b6e21580ba4748eb1cfc27,IE,Ireland,,vless,raw,reality,failed,failed_unverified,0,timeout,2,,
90393cda109723b4e1d2e69227016d90d52a9bc7db653a97d1be70daeb11ca76,US,United_States,,vless,raw,reality,failed,failed_unverified,0,timeout,2,,
9045c0101210bba600b81a854d6b522b5c8c477d025b01db9b52f9c3f614e386,,Unknown,,vless,grpc,tls,failed,failed_unverified,0,reset,1,,
90541cb42e7bc111b05eb16cfa959b8800d5f31ab8971132a4e16cbd130a067b,US,United_States,,vless,websocket,tls,failed,failed_unverified,0,eof,1,,
905c2b2f5bf399b7c1c51b32addd5f053c6bb444774eb8f1913d1187f980248b,,Unknown,,vmess,websocket,tls,failed,failed_unverified,0,reset,1,,
906338bc71d13e90123bf2042b4bddda89743bca06abcf2b6e4346f69e2712fc,SE,Sweden,,vless,raw,reality,failed,failed_unverified,0,timeout,2,,
90672d7c6878bd4d2282761bd859517483e5886ad2a2076fc36ac125f4e0216e,US,United_States,,vless,websocket,tls,failed,failed_unverified,0,eof,1,,
90786ae347c8deb2d8577c13b4ed0686bea7e15de5449df09a031367b27e8521,US,United_States,NL,vless,websocket,tls,geo_resolved,fresh_verified,0,,1,https,98
9079066d6762839c61df79fdfdfc934507adf29d04098faf8a1540469e34f26d,GB,United_Kingdom,FR,vless,raw,reality,failed,preserved_last_known,2,timeout,2,,
908335fb246594e0bd7a4a8dcc0f32820ab70c7166f15a47ee7aee6568c77c4b,,Unknown,,vmess,websocket,tls,failed,failed_unverified,0,reset,1,,
909f1c54d2498e5232f8043810159c005b5e0ae6cf7b7b9adc07ac252c0092b1,,Unknown,,vmess,websocket,tls,failed,failed_unverified,0,reset,1,,
90a87ad4890828811c9c3bb13df7f90c52351aabf715660fffd9d1d3502f9d25,,Unknown,,vless,websocket,tls,failed,failed_unverified,0,eof,1,,
90b467db60aac14e4f007a1900582c84df0e200262559a15ef9f4b6dce9a7da0,DE,Germany,,vless,raw,reality,failed,failed_unverified,0,eof,1,,
90c8209bc8e5e1274e71da5e73908360cf902fe537886c3ab872ace984bb6d3a,HK,Hong_Kong,,vmess,websocket,tls,failed,failed_unverified,0,timeout,2,,
90d8cbdd9e8efc9a40a726d30d27c0f9a83d3941f3915ab3e1f9d8efa5afaab7,SC,Seychelles,,vless,websocket,tls,failed,failed_unverified,0,reset,1,,
90defa414cd15953663d8f857d143b83d9ed7bcc1c2f5ca8e75833b2ae39bfdc,US,United_States,,vless,websocket,tls,failed,failed_unverified,0,reset,1,,
90eaa2d176ff17391dff085d3977957d637de45bb00f15135f53a96a6b441895,,Unknown,,vmess,websocket,tls,failed,failed_unverified,0,reset,1,,
90ec3d7bb629e5d3a88a31e0036bab80c68a8bbd0e471b939978b385f89a5180,,The_Netherlands,,vless,grpc,reality,failed,failed_unverified,0,reset,1,,
90fedae19f206bcfc5c3a482c136a32180e006eb63d170e35534f7ec0e84a638,US,United_States,,vless,websocket,tls,failed,failed_unverified,0,eof,1,,
9108b4ee96b74668a96a374be04bc56504dd09fc0d7079ac2fe4757e0009a35b,CA,Canada,,vless,xhttp,tls,failed,failed_unverified,0,eof,1,,
910ea2f65bba8265b91af348c304e8f4fac35de62bd79357fe51806153049287,US,United_States,,vmess,websocket,tls,failed,failed_unverified,0,reset,1,,
9122f3cabb3af93d75936e0c065e5444f23e1b772f2af838f13347a544c0e95f,US,United_States,,vmess,websocket,tls,failed,failed_unverified,0,reset,1,,
9127cfe2c8cd528daab51168f3b707f259f8c22d714a7b008cc7c5a81ca2c0b1,,Unknown,,vless,xhttp,reality,failed,failed_unverified,0,reset,1,,
913115f80cc9d65c4126a0f9c4aec151e89759b95a382500bbe8f79bbb5de575,US,Us,,vless,websocket,tls,failed,failed_unverified,0,eof,1,,
913972884a57ccb814a5b29f4b15bf83bc001a920a651275d0e1ebfe838b1b64,,Unknown,,vmess,raw,tls,failed,failed_unverified,0,eof,1,,
91427f67494652fcf890ba100ddae8f16f6b785954a31f222a0c1bbcd7227431,,Unknown,,vless,raw,reality,failed,failed_unverified,0,timeout,1,,
9144022b032097013bba5178c94ea5e0fb8da9045e4ccfaca3f157a14177cf29,,The_Netherlands,,vmess,websocket,tls,failed,failed_unverified,0,reset,1,,
91472544c99c260457010bf4125775f383071d3e6f4c0f9c15d7174f32c48acc,US,United_States,,vless,raw,reality,failed,failed_unverified,0,timeout,2,,
9154d86b4784665e4bce38b461e1e20800e5076290d6c0493e6cb75963859ae7,,Unknown,,vless,raw,reality,failed,failed_unverified,0,timeout,2,,
915eeb2af44ade7a864d82530411b80bd19ff286ea395d06309fefc58977e1df,FR,France,,vmess,websocket,tls,failed,failed_unverified,0,timeout,2,,
917405fc3f81f5570e32007a896dfa15f1ea8db88a98d2d98ac60c2c20a7c8a5,,Unknown,,vless,websocket,tls,failed,failed_unverified,0,reset,1,,
917702d8a7703a2a9ae3b5b282ae74a6909b55a149ee69f251e1c3b4b94fa02c,,Unknown,,vmess,raw,tls,failed,failed_unverified,0,reset,1,,
917e4c5c5aae35c7f713d0bf2de16b849903c6e3ec6443f8e2713a4597a47ae1,,Unknown,,vmess,websocket,tls,failed,failed_unverified,0,eof,1,,
9192297736fd7947d6d51cc7dcca02bd16787e5d86af592e8e41138da848c446,US,United_States,DE,vless,websocket,tls,geo_resolved,fresh_verified,0,,1,http,1358
91a031df3531aba74e20329daa48bf3033559ef05c0a6227356af25c066dee40,,Unknown,,vless,raw,reality,failed,failed_unverified,0,reset,1,,
91b940bdc4f0d33839ec8a7d30e507d61bcbd96acc1c60904508874367118c30,,Unknown,,vless,raw,reality,failed,failed_unverified,0,reset,1,,
91becd142ba748680395bac0fbe3f49bd3cc41a9cab7609d6b13453e48c58b9c,,Unknown,,vmess,websocket,tls,failed,failed_unverified,0,reset,1,,
91f74b03186cba61e0d6f682de067926678bd4e0755acd84a28ad639a631a2a1,US,United_States,,vless,websocket,tls,failed,failed_unverified,0,reset,1,,
920136089fa9c294a851df7fd7bfcb4b17994aa51bb28d0bac82475cee362efa,US,United_States,,vless,websocket,tls,failed,failed_unverified,0,reset,1,,
921550525f136a235b74839dc4553a9772895b53485cbf943642234a99671176,,The_Netherlands,NL,vless,raw,reality,geo_resolved,fresh_verified,0,,1,http,2152
921cc7ee8994c19a0705f0ccd3d1d4f4813a95a7bdaa57d658da1ee656005701,SC,Seychelles,DE,vless,raw,reality,geo_resolved,fresh_verified,0,,1,http,4962
923b4bfdab8e16872fd49d05cea516e8bc81715b5fef2c542871d34b33fa0471,DE,Germany,,vless,raw,reality,failed,failed_unverified,0,eof,1,,
923ec462ac9bdfb3cee477acbc286ee22e0d6528c3c67d0ebca9053fa1364c82,US,Us,,vmess,websocket,tls,failed,failed_unverified,0,eof,1,,
9256386b75f26093310eb378a422ba31fc9a5488acf9a5d99c0936e2d2eb5b3a,US,United_States,,vless,websocket,tls,failed,failed_unverified,0,eof,1,,
9270d3824a07000bb14bbd3660e7bdde82a57037d6a18b906aacd044a56319ca,,Unknown,,vless,raw,reality,failed,failed_unverified,0,timeout,2,,
92793aaee8467050fd7e7a8fe50fa295d329f6d4432cf8a6a4107ba581bcaaab,HU,Hungary,RS,vless,grpc,reality,geo_resolved,fresh_verified,0,,1,http,2230
92833b722c3edbe20da634ec5cf7937c08f4d00b8843be3b36fdda2c28b80f93,,Unknown,,vless,raw,tls,failed,failed_unverified,0,eof,1,,
9298c14e39b5d048b4eafb605161dff2b9cd0ad381af39e87fe6e0419202e4e5,,Unknown,,vless,xhttp,reality,failed,failed_unverified,0,eof,1,,
92a24061df1dc50d854de75f2664ce6b7090b6d9d9af87f58442920af204afc4,,Unknown,,vmess,websocket,tls,failed,failed_unverified,0,reset,1,,
92a43793b6070752033ed15dc6cbec7180b8a0413eae4db2eb0c3c25a70111e6,CA,Canada,,vless,websocket,tls,failed,failed_unverified,0,reset,1,,
92a53578918f847238c3f79963a9280bae308def6976fa471e20831cde3bd3e0,,Unknown,,vless,raw,tls,failed,failed_unverified,0,reset,1,,
92c800a45f27c176c9835f89255efff781f3486852469a6e386fa72f06676af7,GB,United_Kingdom,GB,vmess,websocket,tls,geo_resolved,fresh_verified,0,,1,http,281
92c8da5316ca8dc8a3518949c76b21486681fc126c1f18cc7a28029cd4993f1b,,Unknown,,vless,websocket,tls,failed,failed_unverified,0,reset,1,,
92d9cef0f25e6f586f4febc094c8d667dc791348f82e87361bd37e7bf6151a90,,Unknown,,vless,websocket,tls,failed,failed_unverified,0,reset,1,,
92e977ce07f09ff4c86f4e61b771b257aa6a13196eac86e1f3a9983431dfb344,ID,Indonesia,ID,vless,raw,reality,geo_resolved,fresh_verified,0,,1,http,1651
92f15fc21ea16926d220ec08927b227907e53f73ec7c18f86013ad236b9232c0,CA,Canada,,vless,websocket,tls,failed,failed_unverified,0,reset,1,,
92f6fa9965dd0a8d5a18f68d7a7e965c3a85d6a69c2dec57fb43ae94b04abf4b,IT,Italy,,vless,raw,reality,failed,failed_unverified,0,eof,1,,
932f50e0bc8816b0920a77348613ae4e6347d70d6109a501baa44763e8b859d9,CA,Canada,,vless,websocket,tls,failed,failed_unverified,0,eof,1,,
936c4fe06e69dc5407e4eb4fffdba88c71e1a0923ec186c099dcc71d64fc44cc,US,United_States,,vless,raw,reality,failed,failed_unverified,0,timeout,2,,
93721e0faa0b426955a3d659655296de08d7cbb514f9a35d4b99d0d1bae9e1cb,HK,Hong_Kong,,vmess,websocket,tls,failed,failed_unverified,0,timeout,2,,
9374250032cf56a7c8522304467ba82d13eb4701dca35cc39880639d0234ad71,IE,Ireland,NL,vless,raw,reality,failed,preserved_last_known,1,reset,1,,
939062b01bb8eea56a4bdadd1d570781ceeebc0b5d27628129c6f0b59c7b2e2c,JP,Japan,,vless,websocket,tls,failed,failed_unverified,0,reset,1,,
939955cc7c62e8cda94d8359862044500b641911e019683a8f2d95196788ad68,,Unknown,FR,vless,raw,tls,geo_resolved,fresh_verified,0,,1,https,7033
93b5eb66c7130e581c93c850cb183c64fc3f472c772a5bfe022b58bf2ca46f21,US,United_States,FI,vless,raw,reality,geo_resolved,fresh_verified,0,,1,https,2773
93cc6fdf9c5d62297295980b33cd6079d3d16871727403c62ce29f3b0c1420da,NO,Norway,,vless,raw,reality,failed,failed_unverified,0,timeout,2,,
93dcc548061b6f377f4802b1bcc0406577ce1a48af853e1d39c53cd61468f482,,Unknown,,vmess,websocket,tls,failed,failed_unverified,0,reset,1,,
93e05e9a07211d63fe0af465dec7b9ed9a159e63f2eee68d3fec0a5b99f153d1,US,United_States,,vless,websocket,tls,failed,failed_unverified,0,eof,1,,
93e719c60cc51f055cc83b80d4575fa428d03cb1683679d6c18aeccaa59b0821,,Unknown,,vless,raw,reality,failed,failed_unverified,0,eof,1,,
93f4232eef965370607c2452397d41f5479cb4010564e910b91aab0582390adb,US,United_States,,vless,websocket,tls,failed,failed_unverified,0,reset,1,,
93f45a6cad081a099ffeb40dfe6c015a1b92cbea89d9bf4ce701b67e169c579f,GB,United_Kingdom,FR,vless,raw,tls,failed,preserved_last_known,1,eof,1,,
93fa437c38e43ccb11ea132a946cb972a073512301d3fbed9800659658909c0f,,Unknown,,vless,websocket,tls,failed,failed_unverified,0,reset,1,,
94091ed7e9b13edaf54cd8eb333072753b677c37ee19ecfb38d787cb4425be02,,Unknown,,vless,raw,reality,failed,failed_unverified,0,reset,1,,
940d0f9c14602cb6a4488bd55f85f1412f283c33adb71adae65a5925b9e4f92c,GB,United_Kingdom,,vless,raw,reality,failed,failed_unverified,0,timeout,2,,
94125426e0dc0bb4a3a75aa20ae25c92d9c319a4c92fe8b88a27d50a1cc87c05,US,United_States,,vless,raw,tls,failed,failed_unverified,0,timeout,2,,
942f49b2e4ecc2d374af6db8a0ac62991ebbb45ebc024a1044efc9c4be46a4d4,FI,Finland,,vless,raw,reality,failed,failed_unverified,0,reset,1,,
9438e5b549da77a99267590578817d29327c91ef5ba01012610ef4ed3774e05d,,Unknown,,vless,raw,reality,failed,failed_unverified,0,timeout,2,,
944ae8e4fa7e9e660911ba276f390c1176dddf9c056818287dadb0d0bd340eb1,,Unknown,,vless,xhttp,reality,failed,failed_unverified,0,eof,1,,
945024665f4119a66c7039326e0dc287f84e6c2bb5a01e4dff921d21ede2a555,US,United_States,,vless,websocket,tls,failed,failed_unverified,0,reset,1,,
9461e5a902a7a37a4c2390ab2907ba2c7a5f3bf5d638430d1bd891a2b0be7c0e,US,United_States,US,vless,raw,reality,geo_resolved,fresh_verified,0,,1,http,2508
9467d958ee4f56ca1da245a259f7f44d31a64e29287a73e3b37692aa4a962433,TR,Turkiye,,vless,xhttp,reality,failed,failed_unverified,0,timeout,2,,
94785c75ecdbb6c409561f13e6d08a8eb3d63ff7400889c3dfd9e0b3d0263753,US,Us,,vless,websocket,tls,failed,failed_unverified,0,reset,1,,
948d92d49f1dd22116c19896002e77bcb556f1c8c404921145237b61d6b1b266,US,United_States,,vless,raw,reality,failed,failed_unverified,0,timeout,2,,
94947a3f51ceb4f9b0fd0167f5cd1ef2f428df9de6732e343365b286dbd3d05c,CA,Canada,,vless,websocket,tls,failed,failed_unverified,0,reset,1,,
949963988e2245a001c37ff5cb120d77c2f3763323a54943ff1379ca34864992,US,United_States,,vless,xhttp,tls,failed,failed_unverified,0,reset,1,,
949a11143d120859ab32127c47c0eca46496c002dae1a4f091d04f938112fb86,,Unknown,,vmess,websocket,tls,failed,failed_unverified,0,reset,1,,
949bd44d9a700e34129ec8df52b4a4166a25622a87f7b09c6b29d4fc9f502034,,Unknown,,vmess,websocket,tls,failed,failed_unverified,0,reset,1,,
949d0119c622098a94fbf06d024e894c61eff9bdc669470c26f3287c6aba73a4,DK,Denmark,,vmess,websocket,tls,failed,failed_unverified,0,timeout,2,,
94b66d7521ebe94c579003390bb8cf5e96df1674f10b6c0a266235369171c748,US,United_States,,vless,xhttp,tls,failed,failed_unverified,0,reset,1,,
94b9681ee0285428da59daf70db8d9fc6d3453b788858ebd0189974e036bccce,,Unknown,,vless,websocket,tls,failed,failed_unverified,0,reset,1,,
94c5e8cd44fac8fd86f9af01b94d6931475229995efe71622283789ad80fd6e8,,Unknown,,vless,websocket,tls,failed,failed_unverified,0,reset,1,,
94eba29f55066a7ed05182feda6e2070686b6a1581656d35ed42a62d72762fe8,AU,Australia,DE,vless,websocket,tls,geo_resolved,fresh_verified,0,,1,http,1507
950732595c96bcac09a7054111caab85db37d3bba1faeb5723fdb068a02299ad,DE,Germany,,vless,raw,reality,failed,failed_unverified,0,reset,1,,
950e4e78a9e34708f8eb54a675d1b8ed703700ddbc680806d6f658062a4598bd,US,United_States,,vless,websocket,tls,failed,failed_unverified,0,reset,1,,
9518816273c1dcb349c9b222088d3d3a4d663972f02e274b691d8e9e0236f30f,AU,Australia,,vless,websocket,tls,failed,failed_unverified,0,reset,1,,
953f07c9a144894c488d12693e8e45aa762a3863aac371fd4a3e0e8718293c5e,IN,India,HK,vmess,websocket,tls,geo_resolved,fresh_verified,0,,1,http,1870
954347ef7514b4f0087495664068f1139539255307c61aaacce68e73d05a3571,,Unknown,,vless,websocket,tls,failed,failed_unverified,0,reset,1,,
9545f0650b29135648c974ecf2c3a9247f0dca080e52d6c16da13c211e7b9104,US,United_States,,vless,websocket,tls,failed,failed_unverified,0,eof,1,,
9552cf596bf899cda21395684215643dc89166e989874d8ff0805955cd4211a2,,Unknown,DE,vless,websocket,tls,geo_resolved,fresh_verified,0,,1,http,1082
9553d62e25f5dcf0f44f2cdfd7e735d4bc973f8579de5b5e7950771ae83fe05f,DE,Germany,,vmess,websocket,tls,failed,failed_unverified,0,reset,1,,
95609e82f681925015bae1b1223240a6b96a6c6891c47cacf4ef9122d30bd9bf,,Unknown,,vmess,websocket,tls,failed,failed_unverified,0,reset,1,,
95bf4185246149e9170893407d9a86d1fab6e00a25fe215f3b9fb78fdf11f646,,Unknown,,vless,raw,reality,failed,failed_unverified,0,reset,1,,
95bf8ef4da54b16b8156ac77e366de19d577ced4ca607b909e624cdfaa8a9e5a,US,United_States,,vless,raw,reality,failed,failed_unverified,0,eof,1,,
95c492ff1a9a6a584c9db5c32aa7ca3febf3018e921fe96b8deb7a3019f5c140,US,United_States,,vless,websocket,tls,failed,failed_unverified,0,reset,1,,
95e3bd7106bd91d770d5dce78d0e79009f14a88aea2f6a7d5059f3d314731da3,,Unknown,,vless,raw,tls,failed,failed_unverified,0,timeout,2,,
95f367ab7b2ca547292b61206fa88e0791d06e063509dd432dc2d7535bc1874b,US,United_States,,vless,websocket,tls,failed,failed_unverified,0,reset,1,,
95fb2dd44ff8d9a487416cec957888573d67b5df48362e11c2a576c5a4d6f49f,PL,Poland,,vless,raw,reality,failed,failed_unverified,0,eof,1,,
960493c49b228319266a1b82499af3f8762d8786f1b3dd909181e6a0b69f421e,FI,Finland,,vless,raw,reality,failed,failed_unverified,0,reset,1,,
960aac39de7e0fa627d0ebf2530cc564fcc9ff08028d83782f50d734ee4cdddd,US,United_States,,vless,websocket,tls,failed,failed_unverified,0,reset,1,,
961b347dc6b659030ebb2894c0bf2f02b3b888d5ee4652d025b0ac4c766e0dce,MD,Moldova,MD,vless,grpc,reality,geo_resolved,fresh_verified,0,,1,http,2384
961f1925642a5c8a2e85461fd4cc1006d9537cf4134a857021647198355692c0,US,United_States,US,vless,raw,reality,geo_resolved,fresh_verified,0,,1,http,2499
962194658d99d525bb7664bb7db171af38d0296b4a439efb5d3fc44b7efbdfdf,KZ,Kazakhstan,,vless,grpc,reality,failed,failed_unverified,0,timeout,1,,
96239927511cc92726da352627544d6a6d24086bd7425531b8f5bee1e7419c5d,US,United_States,US,vless,raw,reality,geo_resolved,fresh_verified,0,,1,http,1343
962c5490cbcbe0f50f385ec9514b152664932136bd9c056a48bba53e7049efcf,,Unknown,,vless,xhttp,tls,failed,failed_unverified,0,eof,1,,
963489547c61cfac8eb51c00cccc10498742cf9b18c8ce773b34b41b04509363,US,United_States,US,vless,raw,reality,geo_resolved,fresh_verified,0,,1,http,1351
9651afa38ffc53cd577d434391495287195d37b9fea8f6d0a56b4aed1aa87530,US,United_States,,vless,websocket,tls,failed,failed_unverified,0,eof,1,,
9659f132fc7ad74b61708349d512dde58938d84903b4b2a8170307afa356114d,,The_Netherlands,,vmess,websocket,tls,failed,failed_unverified,0,reset,1,,
965fbbc26cfd7a3cefc52007bcc7825d713e0e848274e93e0f339469f5c3e15c,US,United_States,,vless,xhttp,tls,failed,failed_unverified,0,eof,1,,
966ee24e978597f1a0915dc2a3b91ff2d0f3e4d53dd42b1026651f6b1d051a8d,,Unknown,,vless,websocket,tls,failed,failed_unverified,0,eof,1,,
9675093dac3ef9b4a98ec3e20841c394f071cbc7d54d5a1df8b6ca18c45a487c,UA,Ukraine,,vless,raw,reality,failed,failed_unverified,0,eof,1,,
969af5a0bafb9e79dc659b716cc05d4a8151887ece0583c4917d3cba51684c8e,US,United_States,,vless,raw,reality,failed,failed_unverified,0,timeout,2,,
96b0a5f40c50c7dcbccdd529157e650402cb096bec61f2aa0dfe0422fbb19f0b,CA,Canada,,vless,websocket,tls,failed,failed_unverified,0,reset,1,,
96b3d57c484146d354f459e661658f05f921317ae57afe131823cd4cf3688fd6,,The_Netherlands,,vmess,websocket,tls,failed,failed_unverified,0,reset,1,,
96b46681fc39e9eede3d6b07acd1d9550dd0666db7cbc3fc655615afed6dba78,US,United_States,FI,vless,raw,reality,geo_resolved,fresh_verified,0,,1,http,2132
96b93f8bd1afcf335f94b9bbe78cd69a484d4ce33c124d21b82ce0b0a5452d60,,Unknown,,vless,raw,reality,failed,failed_unverified,0,reset,1,,
96c02960a532f2cf44d641487c4d71befce5884ca5be1d767f0d9bcddd9887e8,,The_Netherlands,,vless,grpc,reality,failed,failed_unverified,0,reset,1,,
96c7401e36577f5aabd46be6566484eb7060219d5af685aeb97d6dddd6c85e8b,US,United_States,,vless,websocket,tls,failed,failed_unverified,0,reset,1,,
96cb8eff8658d8aba8088f72bbe0b4b4ff6d57d3f6a4d2749c12225908a5b549,FI,Finland,,vless,websocket,tls,failed,failed_unverified,0,reset,1,,
96d6b3896536d7ca646d1ae7a5f43ab09e797a650acfd666e9689c098e2be8a5,US,United_States,,vless,raw,reality,failed,failed_unverified,0,reset,1,,
96eb39ab6adc2f07b92137b8a74170aa971e37ef0bc2fa445ae118c7b7e115d3,HK,Hong_Kong,,vless,raw,reality,failed,failed_unverified,0,timeout,2,,
97000e633dea3e664a19fd0f3f20669e9ac231cd0b5de24bef1478278fc48f84,RU,Russia,,vless,grpc,reality,failed,failed_unverified,0,timeout,1,,
970088f69cfd5bb835e8c66cc5b8a8e94d54ee0ea37dfa73f9a17430444efff6,,Unknown,,vmess,websocket,tls,failed,failed_unverified,0,reset,1,,
9701110a6e333677ee3950ebb18f4b789b243a4df819acda39e9a7b64318f3a3,,The_Netherlands,,vless,websocket,tls,failed,failed_unverified,0,eof,1,,
970b03ed7d757ab9f2797c4a549d6c89d68a9a7d78372c9e0ecc9c956bfddfc3,,Unknown,,vless,raw,reality,failed,failed_unverified,0,timeout,2,,
970bee40c67e3505c197f18794da7cd76a08082c3783bf43646082fa2ff58679,DE,Germany,,vless,raw,reality,failed,failed_unverified,0,timeout,2,,
971c5c11937b24f7aba33f83f38d2f2591325ed02c1c06de8ac03d0d698cfad5,US,United_States,US,vless,raw,reality,geo_resolved,fresh_verified,0,,1,http,2295
97202d542686a75c82a3006fe56290af4ba5d1207444795cde444f2f00905518,,Unknown,,vless,websocket,tls,failed,failed_unverified,0,reset,1,,
972899a90d9403d32346d157f3f9e85e53628967fb0df17b4c3606e4c3b7e87c,JP,Japan,,vmess,websocket,tls,failed,failed_unverified,0,reset,1,,
972caa960c913d84a7f3a7925b8dc60475121c7dec4a2862aa3bffbae8b6d80e,,Unknown,,vless,websocket,tls,failed,failed_unverified,0,reset,1,,
976ac972d6edaf7090a921ad72eb8840c380ac240820ac3ca4af2f7e44bc16b8,DE,Germany,DE,vless,websocket,tls,geo_resolved,fresh_verified,0,,1,http,126
976ca1242aa2dbdf6fc47465e344680f32e080b4a4bc2f4893d4b48d1612af86,,Unknown,HK,vmess,websocket,tls,geo_resolved,fresh_verified,0,,1,http,5514
978c5c7ef11928815b84908c6b8c36cddaea12b0b7ef5813d0b56ebb2a49854c,EE,Estonia,EE,vless,websocket,tls,geo_resolved,fresh_verified,0,,1,http,1277
979f1194017ae56f211bfc6083e431913ad62d119a11fad6e5c8624c73e2b94e,US,United_States,,vless,websocket,tls,failed,failed_unverified,0,reset,1,,
97a0d7e39eefdd3c76680b64669ccd2b6d0f56ffd8d284fe501aad1d37313c5f,US,United_States,,vmess,websocket,tls,failed,failed_unverified,0,reset,1,,
97ad1c428370ed64ca039d020ebafac38a9191fddad91926e5b872a9d6caac9b,US,Us,,vless,websocket,tls,failed,failed_unverified,0,reset,1,,
97ae44a044d91fcc52fa9c9cf3aa63ac9419f735b818fa2bb8c868da17f3dc7c,RU,Russia,NL,vless,raw,reality,geo_resolved,fresh_verified,0,,1,http,3512
97b7fc1bde6728a46c73dd827b8d1ba7b7d885199312501fa3d264292f9d1f3d,,The_Netherlands,,vless,raw,tls,failed,failed_unverified,0,eof,1,,
97d50958211177c5d16388e2874cb97f493dde3ea03f284c6e272e1fe585788a,,Unknown,,vless,xhttp,tls,failed,failed_unverified,0,eof,1,,
97f5f786f35dc91f71d160c168b56a40305ada9da589b09e0b09152d15d00240,KR,South_Korea,,vless,raw,reality,failed,failed_unverified,0,eof,1,,
97fc9d8953c21d17b12093a53a478dd46591e344474d137301e61a9648af7fba,JP,Japan,,vless,raw,reality,failed,failed_unverified,0,timeout,2,,
97fdc10d06e56931b7e536f31a7cad9a5c0e64341c7363329dfd4231406cf6de,,Unknown,,vless,raw,reality,failed,failed_unverified,0,reset,1,,
981a3c6e61ec421f6c84ea1d5cfeca441e8e8d8bf5675ec4fbda5300ee29a0e1,US,United_States,NL,vless,websocket,tls,geo_resolved,fresh_verified,0,,1,http,1156
981ef099f114610346c63582026aaf89fc5f9cbc56d200bd8f279185d17248db,,Unknown,,vless,raw,reality,failed,failed_unverified,0,eof,1,,
9834cabdd1a25b9989a78bb5ff288dc98137f9cff196c2ee5b1ec30171625787,DE,Germany,,vless,raw,reality,failed,failed_unverified,0,timeout,2,,
983753d1da9d42f02c7955acebe49b0b4399237c4df1ccfebaa2554cbac65c04,BG,Bulgaria,BG,vless,grpc,reality,geo_resolved,fresh_verified,0,,1,http,2177
98574d894def8a8d6f0ad2e7e2233090fe9b45d0f6f620030cf012b30708bac5,,Unknown,,vless,raw,tls,failed,failed_unverified,0,eof,1,,
9861fe47a06015aa30512875d73460457be4bf40b62c552ca8433f7cd469d963,CH,Switzerland,,vless,raw,reality,failed,failed_unverified,0,reset,1,,
986397f48a541eb0ff04c1c171d03c44c2a44fda579a62705beda300b0ff0a43,US,United_States,,vless,raw,reality,failed,failed_unverified,0,timeout,2,,
98645200c58d08e79c62038507f285b76e7a95ac436eb37e2b04709f064c5e9f,,Unknown,,vless,raw,reality,failed,failed_unverified,0,reset,1,,
9870c7679c29da0dbdf4e8fc4875d1ab034e851a34340ec5c74993829b071b6b,,Unknown,,vless,websocket,tls,failed,failed_unverified,0,eof,1,,
9873fdb31120d3502e255e853100d209d5a5f259636535a2c550f42a689ace57,FI,Finland,,vmess,websocket,tls,failed,failed_unverified,0,reset,1,,
987bed4a2686fc3a55a6c2545d310b84cced72155967192304593519879c0a6c,,Unknown,,vless,websocket,tls,failed,failed_unverified,0,reset,1,,
987c22feef709542c54491fad9f845001820f2edce0060227d62e2744498891f,,Unknown,,vless,raw,reality,failed,failed_unverified,0,eof,1,,
98878304ac988593a211fa5fb0322d2ea1a50d955028d78430d684b0dc1429f3,US,United_States,FI,vless,raw,reality,geo_resolved,fresh_verified,0,,1,http,2173
98903af781f06e5e2ad173d13dbc82f5fe0ac156105657c56984e9bad19b071e,US,Us,,vless,websocket,tls,failed,failed_unverified,0,reset,1,,
9892ba5106518bfb6436d669c9d746ec4b1d8325b110a9df4e2cd6f6905a87c8,,Unknown,,vmess,websocket,tls,failed,failed_unverified,0,reset,1,,
989855079b89b6db68e1ae188336e964b72772b29564de9b58feffac7277c0de,IE,Ireland,,vless,raw,reality,failed,failed_unverified,0,reset,1,,
98a14294a1fe2f5ba7cb9d3b95ce5cd92be3fa6fc2247933647b260fbc8fe342,GB,United_Kingdom,,vless,websocket,tls,failed,failed_unverified,0,timeout,2,,
98b11b9e4fb4caf4e37c77cce54d1283498e9d9cc3a2a6d23e9c5970e51e2222,US,United_States,,vless,websocket,tls,failed,failed_unverified,0,eof,1,,
98bedcca8ef2a28428eb25918d426942d472d55f2d5f555680af48b5520dccf9,US,Us,,vless,websocket,tls,failed,failed_unverified,0,reset,1,,
98c42914c5d3de53cf1a0b187f1165068066ff533f29227e23aee8ceb32d9b4c,,Unknown,,vless,raw,reality,failed,failed_unverified,0,reset,1,,
98c5a3ff5dfeb9a89a5f7cb3ce100850a6a3f8fb057e912261a2ce8c79a86f29,US,United_States,,vless,websocket,tls,failed,failed_unverified,0,eof,1,,
98d5cf73cf294854005334e5f1590da5452a437449f161e00d3a73fd16f358ab,DE,Germany,,vmess,raw,tls,failed,failed_unverified,0,reset,1,,
99060ba4d5ef6300ef1cf7abae2f8fba0be7b0f9eb783411b6b4bffbb45946b9,US,United_States,US,vless,raw,reality,geo_resolved,fresh_verified,0,,1,http,3434
990e02f77c52182945a68675d329374db65cf78df52f442e5c4c33e8a2a3b722,,Unknown,DE,vless,xhttp,tls,failed,preserved_last_known,2,eof,1,,
993cea5fbd08748a07de433ae6fcb6d0c10d90b3a96db86cbbb79faa19cdb94d,DE,Germany,,vmess,websocket,tls,failed,failed_unverified,0,reset,1,,
9944bd4c0f0b89f32288d91955ed7e07994fa60fd4ea2b89ac165939282a4f4d,,Unknown,,vmess,websocket,tls,failed,failed_unverified,0,reset,1,,
994780c80c7dd826df52bb0c723f6c25c555896681174bc7484dc3e30f3ed3fc,,Unknown,,vless,websocket,tls,failed,failed_unverified,0,eof,1,,
9947bd9fe33d82bf2d863e25085dbf336640cf01eab9a52b00c04356b25326e3,US,United_States,,vless,websocket,tls,failed,failed_unverified,0,reset,1,,
9950c0be48984e86f765ec4871c1f61a646c891bca820a5c8189e50d7b90b88f,DE,Germany,,vmess,httpupgrade,tls,failed,failed_unverified,0,reset,1,,
9965ca9ae536e951de527851aa47b8c9ea58d1e2d09b06b943c14885e8d47394,IR,Iran,,vless,xhttp,reality,failed,failed_unverified,0,timeout,2,,
997415dde019b8e888136f8ea147bd7b04a7d91462a4cc34308f96062da07d36,RU,Russia,,vless,raw,reality,failed,failed_unverified,0,reset,1,,
9974889d8e47854717cff08620355f051d46983b6478120e5452e2264fdc2d01,,Unknown,,vmess,websocket,tls,failed,failed_unverified,0,reset,1,,
99794856a29fc778b0e791500bca519830b0e807146fa7453a35e3ac963d4100,DE,Germany,,vless,raw,reality,failed,failed_unverified,0,timeout,2,,
99975422966d4fc7944b04f2e5d63a8ad0bea5569a5363eeac7e9fcf84807fb8,FR,France,PL,vless,raw,reality,geo_resolved,fresh_verified,0,,1,http,3114
999d3983418f050a07e2ab3d1ef556a33430756fbdb1bb7ce2a9df05ad92ea15,US,United_States,,vless,websocket,tls,failed,failed_unverified,0,reset,1,,
99a3db3cafadb1611f1cd45b2c69035a5ac55abb0b53058259ed0e06448bac6d,US,United_States,,vless,websocket,tls,failed,failed_unverified,0,reset,1,,
99afa22bca9a53e8faaa574ac688493f6c674a26ee3881f5a7853ff5a3f21cc4,BG,Bulgaria,BG,vless,grpc,reality,geo_resolved,fresh_verified,0,,1,http,2158
99c7a122b506241b29a4c967c011fcc9eedc7880cd7916b53be9b1ecbe366697,US,United_States,,vless,raw,reality,failed,failed_unverified,0,reset,1,,
99cd08feb9855b8f9139711b65afdaee132bb54462275cf1ee8e3c97c6ca0795,US,United_States,,vless,websocket,tls,failed,failed_unverified,0,eof,1,,
99ce69b39a2afce38600978b15c87547ec52f4247afc8bb8a1a44c41ea801bdb,US,United_States,,vless,websocket,tls,failed,failed_unverified,0,reset,1,,
99d06a81832030ed4abde4c35fa277334fe32929f312480323eacf554cdddc70,,Unknown,,vless,raw,reality,failed,failed_unverified,0,eof,1,,
99d763de632051e14e5b885ddadb0f40375bc851d4ff744800f2d9b1c921c672,US,United_States,,vless,websocket,tls,failed,failed_unverified,0,eof,1,,
99d80e334a3a9675865982ba52de1be0a6ca184b8dc10241f907c07f6d8335fa,CA,Canada,,vless,xhttp,tls,failed,failed_unverified,0,eof,1,,
99fd76c7c0cbf9920a68ed55739b91eb809ae1d6f79f9171cb4cec0b3668726e,RU,Russia,,vless,grpc,reality,failed,failed_unverified,0,reset,1,,
9a02e6cc5dc98e3834916a8cec22d53cde03c787f33c1c8e3dcf4404b8ccdc83,IE,Ireland,EE,vless,raw,reality,geo_resolved,fresh_verified,0,,1,http,5199
9a040a5ca36a285d79a2eba19849752ef3c5f882c3f06ae7c4b4d91b64613098,US,United_States,,vless,websocket,tls,failed,failed_unverified,0,reset,1,,
9a08344e3d02bee6b8dfc523fa7c81abcccc95a59f49370974fbdad7587f3fa0,CA,Canada,,vless,websocket,tls,failed,failed_unverified,0,reset,1,,
9a258a3c529906a7db9046f5ba449b1c6c87f1ed22f5f6c2092f6de035810f16,RU,Russia,,vmess,websocket,tls,failed,failed_unverified,0,reset,1,,
9a508a68395494ad46eba9a0e6e26386bf345938417c046a0c18f8202e239179,US,Us,,vmess,websocket,tls,failed,failed_unverified,0,timeout,2,,
9a50c712d7ddda0f8a53eaa3441a97f2d5c0f249e471f21ee31db693793b189e,,The_Netherlands,,vless,raw,reality,failed,failed_unverified,0,eof,1,,
9a541669f2fe8c9f18d992e9294793308643e0207aa59014a4d80c3ee244f614,,Unknown,DE,vless,websocket,tls,geo_resolved,fresh_verified,0,,1,http,1429
9a5dfd533cd197f0d60320453861728f50f906a6f1ff53ff52d1e23b91781ccf,IR,Iran,,vmess,xhttp,tls,failed,failed_unverified,0,timeout,2,,
9a703450e38a3697ba1740d0cb01b836fc95b11c02dd7cf3a826da3e9a4547c8,,Unknown,,vmess,websocket,tls,failed,failed_unverified,0,timeout,2,,
9a8dc30201d82534a8a17399d27792263eb89426da9a3499e9071f92931306b0,,Unknown,,vless,websocket,tls,failed,failed_unverified,0,reset,1,,
9a90a10634a7efbd8e3af791a1a1e9c848c29f56104f76333a2d55573c22667f,NO,Norway,NO,vless,raw,reality,failed,preserved_last_known,1,timeout,2,,
9a9b8f02b531dc3a4c055e14c3292d948c0a56ad1b1064652f5e61ca071b529c,BR,Brazil,,vless,raw,tls,failed,failed_unverified,0,eof,1,,
9aa8f3fd9bda2e3dc78bb57ec0d0ac41bd6e4113c7de7f163613e50bd3e563eb,,Unknown,,vless,websocket,tls,failed,failed_unverified,0,eof,1,,
9aa909e6162d5a8ba0ce4fd0ce163b791497b3e884f9114e3b05f438dad83653,SC,Seychelles,,vless,raw,reality,failed,failed_unverified,0,eof,1,,
9aafe8b96c1637dd26a2cc5d9cab445f65b322bdcc43bf6be8a40eff1fab11a9,,Unknown,,vless,grpc,reality,failed,failed_unverified,0,reset,1,,
9ab4d33ec501c6c143fa5686606138d1e262c26f291fd79aa0dd11dc4bdf8465,TW,Taiwan,,vless,websocket,tls,failed,failed_unverified,0,reset,1,,
9ab5a1fc2675be7297f35652cc6756495250987e6147e284a203a1720eff6734,RU,Russia,,vless,grpc,reality,failed,failed_unverified,0,timeout,1,,
9ac03e3302893e47bc0fc8c4fa7a5cc9fac154b106aa9d9b6ca6a556d3d45464,,Unknown,,vmess,grpc,tls,failed,failed_unverified,0,reset,1,,
9ac0ead444de0bc7f538d28710bb470f56422dfc58d4a6f9e6bd6f17eafa79cf,US,Us,,vless,websocket,tls,failed,failed_unverified,0,reset,1,,
9ae1d1f2308a8671d7b3536a07787a8751256c42f87ebffc7be87d370209d269,US,United_States,,vless,websocket,tls,failed,failed_unverified,0,reset,1,,
9ae3d6f485bc1cd97227e31736afeb7903d3bee839fac5c549ca4a8dd6fdd7d3,US,United_States,,vless,websocket,tls,failed,failed_unverified,0,eof,1,,
9aefcc93c115a87119e5256aa376bad103049dc1a3d80d35b5604aaad0e34fd3,HK,Hong_Kong,HK,vmess,websocket,tls,failed,preserved_last_known,1,timeout,2,,
9af0bd155d513522b6c7dd4fca574cf4419b63815a021a0b734b907db4acc959,US,United_States,,vless,websocket,tls,failed,failed_unverified,0,eof,1,,
9af8c349ca5c3c0fa72116eaf44c438c0448380cc2ae6c42db9a0d788c2db31c,AU,Australia,,vless,raw,reality,failed,failed_unverified,0,eof,1,,
9b086d93260ac6e7a9e54127fa404fc3777f0185622ed135e9f7d04d4d2ed596,CA,Canada,,vless,websocket,tls,failed,failed_unverified,0,reset,1,,
9b14bf1e9871c985b494098cf74d37aaa10e49a980ff16219f0e447e43b8f330,,Unknown,,vmess,websocket,tls,failed,failed_unverified,0,reset,1,,
9b18af0c8e310f296a21517791932185cf483051b013c7961714b77665de0c41,US,Us,,vmess,websocket,tls,failed,failed_unverified,0,eof,1,,
9b262933ae83dfa76213b16afece6b9fd1404feda5f36756bb58b75741de0488,US,United_States,,vless,websocket,tls,failed,failed_unverified,0,reset,1,,
9b3c78d18a310f7ec19c7694db52bca8020c399dd7107af22ee8642d51dc77a7,CA,Canada,,vless,websocket,tls,failed,failed_unverified,0,reset,1,,
9b3faafb71ac92b64feacefcc2305011c5fc4bf1a78b3807d10213e59b27e658,,The_Netherlands,,vmess,websocket,tls,failed,failed_unverified,0,reset,1,,
9b46014019506a2cd40f2748c1c58b7ada6bf6cf87b1749a6333147a4e9a6527,RS,Serbia,,vless,raw,reality,failed,failed_unverified,0,timeout,2,,
9b4babac78cdafb2bfaf07c329cec3fe57900261f21f353d4b784f8e97080b65,AE,United_Arab_Emirates,,vless,websocket,tls,failed,failed_unverified,0,reset,1,,
9b4e30379dfd1494e381c2354c7780c5a1f628c88ac9089995912251587c3d49,,Unknown,,vmess,websocket,tls,failed,failed_unverified,0,reset,1,,
9b6838b853145f69040ed5b4f91c0c3cd98b5cee351117dcc78152228a9644bd,US,United_States,,vless,websocket,tls,failed,failed_unverified,0,eof,1,,
9b7071bb6543c3382dc7678e24084d84da23cf5b7d58d1789205d88214cbdfd5,,Unknown,,vless,websocket,tls,failed,failed_unverified,0,reset,1,,
9b838569ad583e0b533db161891ca02f52b23cc1b65348eb5afc36f074061f30,,Unknown,,vless,grpc,tls,failed,failed_unverified,0,reset,1,,
9b8b01a8b08002f919fb54997fc016a133393e742d755fc8db37d6bebb76e76f,US,United_States,US,vless,raw,reality,geo_resolved,fresh_verified,0,,1,http,1341
9b9ffb8ca7529cf4104760704131c6f2e4a902498aaac615f49866c9a5896a30,,Unknown,TR,vless,raw,reality,failed,preserved_last_known,1,eof,1,,
9bc61a682d0ef33fd337f4a9e1f1237c39761dac27f69dfd2d0d4b349fd55f08,DE,Germany,,vmess,xhttp,tls,failed,failed_unverified,0,timeout,2,,
9bc95dac70b96ce103ba644c738fb4872f3394ef14d08dd991665bc6c55b80c6,,Unknown,,vless,websocket,tls,failed,failed_unverified,0,reset,1,,
9bcc05b9ba5adcc853099f28b9a82045b4061b2ffaa444c51bdc96f8eaa92bc3,,Unknown,,vless,websocket,tls,failed,failed_unverified,0,reset,1,,
9bd12fa33f92e6fb2b7e2ad1007bfa8ca036943ed71ba6e693d54ee5d500fa53,DE,Germany,,vless,grpc,reality,failed,failed_unverified,0,eof,1,,
9bdcbd05b4ebdb91caadea16fa413e94fe16605775ba127bd551b7bad2b9be81,US,United_States,,vmess,websocket,tls,failed,failed_unverified,0,eof,1,,
9bdece294fb3703030e064708b7835388d0cda72f58a89d69d5f953c78cd823b,FI,Finland,,vless,grpc,reality,failed,failed_unverified,0,timeout,1,,
9beb07d09fc9e057107d0f2046bf5d7c6eea79d7473b6f13bdca72ab1c8d3291,,Unknown,,vmess,websocket,tls,failed,failed_unverified,0,timeout,2,,
9bec2cde5dfcc256771be3317ef7c19bd869f8a72fbb4046f08243263a69a2f1,RU,Russia,,vless,raw,reality,failed,failed_unverified,0,eof,1,,
9befab0eb936abd39b7110cc46f1676451cd359320397539b36b73916775e0c7,US,United_States,US,vless,raw,reality,geo_resolved,fresh_verified,0,,1,http,2300
9bf4dad9d041dbeb8f232168c40e6ea5b68b74982f7bda6694ae3f867e139b12,,Unknown,DE,vless,xhttp,tls,failed,preserved_last_known,2,eof,1,,
9bfcd6f005a541b766e39a098924b0b00d657778e934aa8bccd43e18ad6f9beb,US,United_States,,vless,raw,tls,failed,failed_unverified,0,timeout,2,,
9c10afa1b301ee471fd0ae839a0314581f1767375e5de1e3abe1f98be5ac9b14,,Unknown,DE,vless,xhttp,tls,failed,preserved_last_known,2,eof,1,,
9c13df0d92cf874d97061818fe6d267a7110f1020c46def4fe271613771df887,BG,Bulgaria,BG,vless,grpc,reality,geo_resolved,fresh_verified,0,,1,http,2136
9c2840ce55cef588ee232906d408f8bfb485751421f02763142f579c4c744fbd,,Unknown,HK,vmess,websocket,tls,failed,preserved_last_known,1,timeout,2,,
9c28ac208b31e8942d9d30ad95f7892e90ed2841a73c6585927b1ab00adb47ae,GB,United_Kingdom,,vless,raw,reality,failed,failed_unverified,0,reset,1,,
9c357d1d2e273cbd784a7c3af70dc0017e54f0819ba48599cd1bcb2f7d9656ef,,Unknown,,vless,grpc,tls,failed,failed_unverified,0,reset,1,,
9c51a926dadba679ad113d355eae1506c44e0561cc284638bc457f7ba91be1cc,,Unknown,US,vmess,websocket,tls,geo_resolved,fresh_verified,0,,1,http,1429
9c5bcfff59236e2d4d88470c4000609676a7883cf9481d579f3d65aee47eb9d1,US,United_States,DE,vless,xhttp,reality,failed,preserved_last_known,2,eof,1,,
9c5c0cea171e098015b76cafd26d6337fa06091e257b083426f0d142aacb94b4,BE,Belgium,,vless,raw,reality,failed,failed_unverified,0,eof,1,,
9c604f01f5619cb4c3c5991de4eb6d6d5434069cb9a49ec2d5ee5f396a15a18f,BG,Bulgaria,,vmess,xhttp,tls,failed,failed_unverified,0,timeout,2,,
9c6a8f98511670dcc7cc8590addacaea556882d3bbb52230e1991bde404ec107,US,Us,,vless,websocket,tls,failed,failed_unverified,0,reset,1,,
9c6b6fc8f5aab39b28ff16a745e140fe9489013b0e2353b9b0af939298440d35,US,Us,,vless,websocket,tls,failed,failed_unverified,0,reset,1,,
9c797069f07c3d498c0f1acf57c98d27400b5b5f3c659f26ea965907f00eeba1,,Unknown,,vless,raw,reality,failed,failed_unverified,0,eof,1,,
9c82bfd713e3d31bf0903303b872ebe091ebccac41b116e2e142429c32aeb8f6,,Unknown,,vless,xhttp,reality,failed,failed_unverified,0,reset,1,,
9c8c4b1e27a3cd64250598fd79379c70ccbcaa530af0b4930662f943567a20e9,US,Us,,vless,websocket,tls,failed,failed_unverified,0,reset,1,,
9c91b7f516af46add578df397952470504e8b572a9c0dfd3d9acc93005b07aab,US,United_States,US,vless,raw,reality,geo_resolved,fresh_verified,0,,1,http,4113
9c931e0a8fea581a086424e52c89f3a81697eb3744d8b59afe3d2927038fc1d2,ES,Spain,,vless,raw,reality,failed,expired_after_failures,3,timeout,2,,
9c973d0e91d91529784a89a16a3c21439a0dbd605030a2b095aed2012cd11614,US,United_States,,vless,raw,reality,failed,failed_unverified,0,timeout,2,,
9c9eb00addfd387cb7d5fccea27efb906a0e71eba72c4f74abfdc6029fab20f4,,The_Netherlands,,vmess,websocket,tls,failed,failed_unverified,0,reset,1,,
9ca869fbecb7ff646cd0b884273d3ad615f57b3ddb44baa624886a2dbfb71d74,,Unknown,,vmess,websocket,tls,failed,failed_unverified,0,reset,1,,
9cb095366ddc936a710fb1ef4799195db7a2f2e5b3cab64b1e5d48754a42d312,US,United_States,,vless,xhttp,tls,failed,failed_unverified,0,reset,1,,
9cc4a942fc1fb19e7a32bc50ef495988e8723c51877ecbfacbddd3a33b3a0182,US,United_States,,vless,xhttp,tls,failed,failed_unverified,0,reset,1,,
9cc8e4a460172fd16b0f2dff93fa9d034acaf2ec205a94995a4afa30627f3642,,The_Netherlands,,vmess,websocket,tls,failed,failed_unverified,0,reset,1,,
9cdbf8df35d5de3a0475420e29783ce4dc2f2fc4f82622f9e81774833322f3ff,,Unknown,,vmess,websocket,tls,failed,failed_unverified,0,timeout,2,,
9cdc18f64c3c977c590b8de81bacec107ffd519bb539b598aa8c20d6c0390fea,US,United_States,NL,vless,websocket,tls,geo_resolved,fresh_verified,0,,1,https,490
9cf15b873d331b1d6126139ccca10189ae593c16364a711998ba4a0d17d1323e,US,United_States,,vless,websocket,tls,failed,failed_unverified,0,eof,1,,
9d0c9ae6022bc596d9c7c69fe56745b2fa5b55eac38c8685b2968c759c9cdaaf,,Unknown,,vless,grpc,reality,failed,failed_unverified,0,eof,1,,
9d2cb6bed86e4b6da66fffbd24468f68c26c2646da097c4578177cd50fe45dce,,The_Netherlands,NL,vless,raw,reality,geo_resolved,fresh_verified,0,,1,http,2064
9d41fc04060a0dd2e5a11016d73c67d395a0614298c5c034bfae8ca6fc20085c,,Unknown,,vless,raw,reality,failed,failed_unverified,0,timeout,2,,
9d4219779e523d4f9ecec0656dc81050567c3c9e44df4b2683c1b6d41efe1725,,Unknown,FI,vless,raw,reality,geo_resolved,fresh_verified,0,,1,http,3211
9d542647e57432c4a801fd2ca6bdedaed6f3aba415f9bcb6a5f84b61e4c79688,US,United_States,,vless,raw,reality,failed,failed_unverified,0,timeout,2,,
9d5862abf5fcd6c886f9a451cec9bd406a051c590787d1b3b05ce16ff3997d35,CA,Canada,,vless,websocket,tls,failed,failed_unverified,0,eof,1,,
9d7d5760f4d2a14f7c06f4766c9a9c736cdace763b62975ba5764a04c546e86a,,Unknown,,vless,raw,reality,failed,failed_unverified,0,eof,1,,
9d9f469b7199b19d239dc3d5e6c7093ca140c1b22a9253becdf33ddcc7053e81,FR,France,,vmess,websocket,tls,failed,failed_unverified,0,reset,1,,
9db0e15ae9ab3b85285f91d3c7e9728ef5244a9c0471f519008b2361c048d884,RU,Russia,RU,vless,raw,reality,geo_resolved,fresh_verified,0,,1,http,2212
9db264210d30b6d932e52de983b6e613ad470b82996a4cd8568e86e9a6a6e700,DE,Germany,,vless,xhttp,tls,failed,failed_unverified,0,timeout,2,,
9db29926c486077b0470225956d1102d6cf08005189da6bcb97433cdd824ff82,,Unknown,,vless,raw,reality,failed,failed_unverified,0,reset,1,,
9db71edbe0a586313b9bd5acd47644dd104b149187b2b32023a5e7c8931c419e,,The_Netherlands,,vless,websocket,tls,failed,failed_unverified,0,timeout,2,,
9dd89d5c7d914d4018751662188b050965b7372b3f01fcd1a128eb9a9c6d7c13,RU,Russia,RU,vless,xhttp,tls,failed,preserved_last_known,1,eof,1,,
9e06578759d8b30d42385fa6edcb93d411d5d19a3c29db807a57f0674020bdf6,,Unknown,,vmess,raw,tls,failed,failed_unverified,0,reset,1,,
9e29642e6303f900a4935a54ad47d6f6bde62bc23a0d4fb5651df106b2e8739f,,Unknown,,vmess,websocket,tls,failed,failed_unverified,0,reset,1,,
9e49f047f63816e5f7ddad9e76d7900ff6f01336bc105136339cb1c71439c14b,GB,United_Kingdom,,vless,websocket,tls,failed,failed_unverified,0,eof,1,,
9e53ad540d68a28498d93daf5f0de9438288058b11876b97b94b722d352776d6,MU,Mauritius,,vless,raw,reality,failed,failed_unverified,0,timeout,2,,
9e8719fdca865b068d5f9e9257de9bb04b509281c694b78365e6459dcb6c3e23,GB,United_Kingdom,DE,vless,raw,reality,geo_resolved,fresh_verified,0,,1,http,2081
9ebdeac9aa841a34835c0d2fc31423657c651ba55d81d5c2aae7b83138c8b061,US,United_States,FI,vless,raw,reality,geo_resolved,fresh_verified,0,,1,http,2908
9eca709737dd9302d77b91191c1a26a961dc5bdf1b1a9b48ad85465b4c279755,,Unknown,,vless,websocket,tls,failed,failed_unverified,0,reset,1,,
9ecd0538af883ed77cd3a3b35c26814250453b4129f402f809a5f075740f2860,,Unknown,,vmess,websocket,tls,failed,failed_unverified,0,reset,1,,
9ed97844dbe665a37c8684c6e668c67591f2459f4f848ad61f32adb873a80e44,,Unknown,,vless,websocket,tls,failed,failed_unverified,0,reset,1,,
9ef177a97d317896768a9afb159c797b6b0fd51e6c08acfc73980a28aeada00b,,Unknown,US,vless,raw,reality,failed,preserved_last_known,1,timeout,2,,
9f422f50c82bba4c7d65b99ef93f9a6912bd5d53b0e0abfd807ee0458525c33c,SG,Singapore,,vless,raw,reality,failed,failed_unverified,0,eof,1,,
9f5cff24f3574ac5d2916b97d3475bca211fa1d8d24e07b25b9c30eb4a1f63e1,RU,Russia,,vless,xhttp,reality,failed,failed_unverified,0,eof,1,,
9f69600828481f126d9f042d404fcea131d1019982e2fd327823df970be23d20,GB,United_Kingdom,FR,vless,raw,reality,geo_resolved,fresh_verified,0,,1,https,114
9f6b4cd52a14c84e6c9c7aac6d83a7505a1e8a2f259c08c639c959b86eba2718,RU,Russia,,vless,raw,reality,failed,failed_unverified,0,eof,1,,
9f6f226a8538d20aef768c285c12ab2dda00aec6e1834cf4e7d6e750fb2c929a,FI,Finland,,vmess,websocket,tls,failed,failed_unverified,0,timeout,2,,
9f73bbf83d81bab971c339793e509db3dbafedcb631aa520b55b586e522de1c1,,Unknown,,vmess,websocket,tls,failed,failed_unverified,0,reset,1,,
9f8d8c36f566cbe66b9db253a9eb92f7465009a03fd1d87df4e6eddff4ac5231,US,United_States,US,vless,raw,reality,geo_resolved,fresh_verified,0,,1,http,3207
9f9c72e3213a3a936a4c5c2ea80e6231a8e4fed25bb2e210617523e1eb6cf5c5,US,United_States,,vless,raw,reality,failed,failed_unverified,0,timeout,2,,
9fa16b7603036e389d5f2772d6d535dcb71bec2f6e1c5bfe12c9ed459800169c,,Unknown,EE,vless,websocket,tls,geo_resolved,fresh_verified,0,,1,http,1234
9fcee0167a931356c47b58dafbc5c95c2dc76be605ca24b611ce4fa202270325,IR,Iran,,vless,raw,reality,failed,failed_unverified,0,timeout,2,,
9fdc92190f603a7329e1c2bc22062df907b69207371467163a4a10327a6f588c,US,United_States,,vless,websocket,tls,failed,expired_after_failures,3,reset,1,,
9fe49b4a27d3b39fdc4c59bd47370cbeeee4ae33547d28ad69cb355e073cdae1,,Unknown,,vless,raw,reality,failed,expired_after_failures,3,eof,1,,
9fea3922d73a2e87e6f1afa7e5c9ac12043521bf6ed844b26fb1aff2db4e9278,,Unknown,,vless,xhttp,reality,failed,failed_unverified,0,reset,1,,
9ff2b37e166ecf4cf8f2f5a9564100b744c57630593dd5375abf3c3bc200e9c9,,Unknown,,vless,websocket,tls,failed,failed_unverified,0,reset,1,,
a010563f9c8b1457781657abf934454f12228a967ebd6f3a848c9a091aa2ba46,GB,United_Kingdom,FI,vless,raw,reality,geo_resolved,fresh_verified,0,,1,http,5484
a01920e0f3f6a734f03531c799d9bc37a659bd6388ab1fbb1bdb8351eabedeb6,GB,United_Kingdom,,vless,grpc,reality,failed,failed_unverified,0,eof,1,,
a06252553faa371fc4b0474b50797c369e02069eab2fd18ff17ae21adf74e6ff,,Unknown,DE,vless,websocket,tls,failed,preserved_last_known,2,timeout,2,,
a06be5c246e98aefa7b25eedad47d4830be15acbdc4cfc40d97a10af5448105e,,Unknown,,vless,raw,reality,failed,failed_unverified,0,reset,1,,
a06c660b57f61c7a4c764e5de7b1df33fe0ab7d0e97d251b8038485bb18b04a4,,Unknown,,vless,websocket,tls,failed,failed_unverified,0,reset,1,,
a0793421db035850f27e9a01e212152db9e0c56574a3ab1e4a3dbf358996ec71,DE,Germany,,vless,raw,reality,failed,failed_unverified,0,reset,1,,
a07b12fe699fbba44f4b4eb6e1760a1e79e7979c1938626bc7c4887980e17952,RU,Russia,,vless,xhttp,reality,failed,failed_unverified,0,timeout,2,,
a07cbb72c8fd1e4634a99e8134b529410c617234b096eadb2309aca48ca923bc,HK,Hong_Kong,,vmess,websocket,tls,failed,failed_unverified,0,timeout,2,,
a08331ef54660a274409037c9e01ebe2300bb098e963d73dc18c27f85af77dfc,US,Us,,vless,websocket,tls,failed,failed_unverified,0,reset,1,,
a08479d7cf562186497804d69e470492fa0645908d7209397d91b780d1f10ddf,US,United_States,,vmess,websocket,tls,failed,failed_unverified,0,reset,1,,
a0860961511bfbc46f707fcce86bfd4343e5ee13481c718f8977aa265c6094f3,,Unknown,,vmess,grpc,tls,failed,failed_unverified,0,timeout,1,,
a09154ac4c10ec3e22d6a6814942d441bfee61158eeaeafbf5e7f626736a5aa9,RU,Russia,,vless,raw,reality,failed,failed_unverified,0,reset,1,,
a0a29f40d9075af9a48fce3a3724600971043a30c3f9f8aec6dee2b6b0af6ae0,RU,Russia,,vless,raw,reality,failed,failed_unverified,0,eof,1,,
a0a4985e82840086797fefa56cfcc96817c73d337e2282c5e1428d16b004a04b,US,United_States,,vless,websocket,tls,failed,failed_unverified,0,eof,1,,
a0b15ee2399a29da7f9e660c7dacda3a0f569db01f14dc8da191d30abe979aab,,Unknown,,vless,websocket,tls,failed,failed_unverified,0,timeout,2,,
a0b410bd9faed82d248d525f996e90a151686f1717960fadd1503b31f38b0334,,Unknown,,vless,xhttp,tls,failed,failed_unverified,0,reset,1,,
a0bddb1b4a6ee09a5891fec87bc63f4bff0dd8b6551290913ff8bccb3d079626,US,United_States,,vless,raw,reality,failed,failed_unverified,0,eof,1,,
a0c38ad72a781ecf18656582d0cff58712334ace60109ba0e7982f0826dab609,,Unknown,,vmess,websocket,tls,failed,failed_unverified,0,reset,1,,
a0d03ae5af46b882c8b9913ef52c44a84ce2847e6c64147eebca86540ed7f905,SE,Sweden,,vless,xhttp,tls,failed,failed_unverified,0,timeout,2,,
a0da512214549a9318b60ee6057726b964bc9546adb369bc656a9c2109478db8,,Unknown,,vless,websocket,tls,failed,failed_unverified,0,reset,1,,
a0fa30ece888484ed6f1eabdd3e0e8bd6890aa7e1198567d1e30152e05556783,,The_Netherlands,,vless,raw,reality,failed,failed_unverified,0,timeout,2,,
a0ff566cdca9c420ecd1b125a971dfcc311159d3c25b3268aa54ee9d53240375,,Unknown,,vless,websocket,tls,failed,failed_unverified,0,reset,1,,
a0ff5922c53981f16471dc071f3b15907208c271d58bfb39745719e1c0147006,US,United_States,,vless,raw,reality,failed,failed_unverified,0,eof,1,,
a10f292793fe1e91f2fc9f1821a922e09f7e60d0e16004bd1e18b171cbf02e8f,CA,Canada,,vmess,websocket,tls,failed,failed_unverified,0,timeout,2,,
a117e2f39f8b1289f60e91b3f09c8c968f5dcab87c77513ba9d9393c497a53c7,ES,Spain,,vless,xhttp,reality,failed,failed_unverified,0,reset,1,,
a12773b9a735be6d06047d3ed00048410e9d8d154876f4671cd86cb106a3e7b2,,Unknown,,vless,raw,reality,failed,failed_unverified,0,eof,1,,
a13df99af977b35e622032a0a46401e5e05c17025cf4ab33b35755059a9b93be,,Unknown,,vmess,websocket,tls,failed,failed_unverified,0,reset,1,,
a13dfcc6f6ee9efa51fe39d8282645bcbd09b9146ff503834c4981f0b80ae37c,,The_Netherlands,,vmess,websocket,tls,failed,failed_unverified,0,reset,1,,
a1575a055808ba1113740b3e6984b5017ca99a2889c2f38adadb7632fa921a32,,Unknown,,vmess,websocket,tls,failed,failed_unverified,0,eof,1,,
a161b52e81fa7c8886f43ac45e61f0671787b55978a89baa0b8592ce9ea75491,CZ,Czechia,,vmess,websocket,tls,failed,failed_unverified,0,reset,1,,
a1788d8705d7462c7a2c5f425ae875f9d45600021bafa538bad8cb77143331ad,,Unknown,,vless,websocket,tls,failed,failed_unverified,0,reset,1,,
a18e3d65231699618d236031d6a0fc0c615574a9499bd85adc9583dd4a335996,IE,Ireland,LV,vless,raw,tls,failed,preserved_last_known,1,eof,1,,
a194754811f139a258bc414104122aa4b2a85e7e69835f30f994258544e6de17,,Unknown,,vmess,websocket,tls,failed,failed_unverified,0,reset,1,,
a1965608c235af1509512789635548ec85b56aa892f80c705c7949e738177e33,,Unknown,,vless,websocket,tls,failed,failed_unverified,0,reset,1,,
a19b29f6eccb0981208f181920a2e1f0fb25bf6b80e0dc5b4009754ca6d376ab,,Unknown,,vless,raw,reality,failed,failed_unverified,0,eof,1,,
a1b5fb5bedc5bc5ea22dbe3e8a7ea38c35a62bd948ac3aaaeb73ecba5c77833d,US,United_States,,vless,websocket,tls,failed,failed_unverified,0,eof,1,,
a1c3ed4dede0ae40d83287377f2f42fa1afd0c9c995e29dc28564f9cb3686372,,Unknown,,vless,raw,reality,failed,failed_unverified,0,eof,1,,
a1c78ebac981f15896cb05760d293b8bb6afad5893e1f908abf8f6635b60af4d,US,United_States,,vless,websocket,tls,failed,failed_unverified,0,reset,1,,
a1d19dade32654fb72c9e98a0329c4085b58fbbdd1ffc11873bb7e80356183a6,,Unknown,,vless,websocket,tls,failed,failed_unverified,0,eof,1,,
a1f45e2f1d1205647f23c1555c548168b5bf8bcdacd2ce69414f87a2df4af113,,Unknown,,vmess,websocket,tls,failed,failed_unverified,0,timeout,1,,
a1faa9aaf57f57c06a0261086674cc41ede0a941a77e196ffa0c2bdb0707e395,US,United_States,,vless,websocket,tls,failed,failed_unverified,0,reset,1,,
a1fb5ffab741c9d0207fa8a7f84409ab2d2b99134d5de50511dfff7b73e9f67c,,Unknown,,vless,websocket,tls,failed,failed_unverified,0,reset,1,,
a221cd55e4ffacfdf4e3a9a60a6f2ced45e50133cd29f3b4c44f49288cabff18,GB,United_Kingdom,DE,vless,raw,reality,geo_resolved,fresh_verified,0,,1,http,2087
a22d0a066ecf1443acaddfc62e4200c5b55452ea568480b21491ffdf0f123e4c,,Unknown,,vmess,websocket,tls,failed,failed_unverified,0,timeout,2,,
a24aac47b4ad8f096b61cf848d7b682b4456a103309e3982acc6ccee26495fea,US,United_States,,vless,websocket,tls,failed,failed_unverified,0,timeout,2,,
a24b2bfb70d5b2d56257e9392d7b772eda3e0ae59fbb4e9760f3d05942452847,FI,Finland,,vless,raw,reality,failed,expired_after_failures,3,eof,1,,
a24c8b2b0811bcbb385d197018a61166d45a243fa02a1bc78b58b31ee3c9a600,CA,Canada,,vless,websocket,tls,failed,failed_unverified,0,reset,1,,
a26b2bd3f51489cfb592a8a8be179e4e45dcab61a7ee5bd631120df56b03f807,US,United_States,,vmess,websocket,tls,failed,failed_unverified,0,timeout,2,,
a26ca0758c36136faa6f147d8b3d51210a5e373c465f74d66a9c363562f2bf5e,US,United_States,,vless,websocket,tls,failed,failed_unverified,0,reset,1,,
a276c7e310a140dff2e3e22268035c04b6f5429b3b8f14c75d7424c4af7bc358,US,Us,,vless,websocket,tls,failed,failed_unverified,0,reset,1,,
a278642cb04c22c12465adec3d0e937ea26427b4f3f0274f9683a94bb1c314c9,DE,Germany,,vmess,raw,tls,failed,failed_unverified,0,timeout,2,,
a29f6dea111b71a1903d89cdc6a54ef55a78a28e7eab45247627b8476510eed9,,Unknown,,vmess,websocket,tls,failed,failed_unverified,0,reset,1,,
a2aa3987147eb672a7a66852d22f641772749aa7f13391cfc74ca5e9fe7a60d4,,Unknown,JP,vmess,websocket,tls,geo_resolved,fresh_verified,0,,1,http,2614
a2c93a1f57381f4991d0ef02ea86dd8649511fc0ee25549fd933bb5c4e499fb7,,The_Netherlands,,vless,raw,reality,failed,failed_unverified,0,reset,1,,
a2e6a519c931c76f386d43816336148aa71784f2fd52c399418db280482ec38d,US,United_States,,vless,websocket,tls,failed,failed_unverified,0,reset,1,,
a2f3124d50e30f7bc1520dffa01b3ed58b8311c245d9b7618e3adbd8bd8cbc37,US,United_States,NL,vless,websocket,tls,geo_resolved,fresh_verified,0,,1,http,1141
a2f392fa1889efc4e58ee6b4afab1b91ca20b608b6982df6f393af2af9122b0c,IE,Ireland,NL,vless,raw,reality,geo_resolved,fresh_verified,0,,1,http,4315
a2f61500d6ebcaa09b72ff331aee182250569f3a30b7ded4b0837b303590f5e2,CA,Canada,,vless,websocket,tls,failed,expired_after_failures,3,reset,1,,
a30381bfc2d5c41ed7e60a2f7f2964e5e12cf18c5c2acad6468474e840500584,,The_Netherlands,DE,vless,raw,reality,failed,preserved_last_known,2,timeout,2,,
a304f756dd80d8fc1813613cd41e599a27b9ad3d8f2ef7bd424f3baa80363171,US,United_States,,vless,raw,reality,failed,failed_unverified,0,eof,1,,
a307505c52792bf4f81c59d37acc3acdd958588458d02b6e23d3988fd92d710b,US,Us,,vless,websocket,tls,failed,failed_unverified,0,reset,1,,
a324c6fc97bf68a1be666de2c6552347f15ad4c6312d1553aa70521de2476493,US,United_States,,vless,websocket,tls,failed,failed_unverified,0,reset,1,,
a33b0e1a397db5729ef68460a2472a499e447e13ecc710446547f22379b92649,HK,Hong_Kong,HK,vmess,websocket,tls,geo_resolved,fresh_verified,0,,1,http,1937
a3404fa79d5b9385026234b3874ab9f0a18cdcfef10d6051c2d3a6e0fc253709,,The_Netherlands,,vless,raw,reality,failed,failed_unverified,0,timeout,2,,
a343c3594a2d100b8a50f98b27d4a7dc15ab5a345c055a3f9b96acbbe7d20249,,Unknown,,vless,raw,reality,failed,failed_unverified,0,eof,1,,
a347fdc83891a80d14565b70cb4495aeed1606db98a9ee2dbb9d40516fa0445a,RU,Russia,,vless,grpc,reality,failed,failed_unverified,0,timeout,1,,
a35cbf0124fcbfb9f434466133e8a083d6ce04b10f50ce8332a4d8b9c9342bc3,US,United_States,,vless,websocket,tls,failed,failed_unverified,0,reset,1,,
a36534c86f1c6d03cc77a07a22e7e78d6de1c23520eca2d391f70ad27b3652d9,DK,Denmark,,vless,raw,reality,failed,failed_unverified,0,reset,1,,
a36a219e7998d5ff93ff254f6fed9ab083694d48beadfe18ed9e1f35f901f6b0,SE,Sweden,,vless,raw,reality,failed,failed_unverified,0,timeout,2,,
a36b7615c42480d74059af805fa496b81503f0b5c8f35c57cdda58d2c795b81e,US,United_States,,vless,raw,tls,failed,failed_unverified,0,timeout,2,,
a37ba8e2da533952ddb060f657e640fde2e32c8d22984222cf17e79b4a18006f,,Unknown,,vless,websocket,tls,failed,failed_unverified,0,reset,1,,
a3a9eef02ed2b39d2082e51b514487a3353e514cf504d868cfaa6683684b1b7d,US,United_States,,vless,websocket,tls,failed,failed_unverified,0,eof,1,,
a3b07a2f863e6a4aba8ebce68f732cdaa45b95679f7c62282b8aeb804d366e33,,Unknown,,vmess,websocket,tls,failed,failed_unverified,0,reset,1,,
a3b57a7da4e29a4be612d59c5b946243ace4c17924138adfb76761c6675b23b6,US,United_States,,vmess,xhttp,tls,failed,failed_unverified,0,reset,1,,
a3c1ac19a3c77df045455a53f16994bde0cbaf09d625f27bca1febd846adf311,,Unknown,,vmess,grpc,tls,failed,failed_unverified,0,reset,1,,
a3c55811e6c7c4bc61b1cc6ab5225ad5bc051a994aba60e82c864b9f9eda0d3a,,Unknown,MD,vless,grpc,reality,geo_resolved,fresh_verified,0,,1,http,2394
a3cbf37132e7419ecda39711306adb838c1aa0766a39d53cf9eed42eeb2a5c2d,DE,Germany,,vless,websocket,tls,failed,failed_unverified,0,eof,1,,
a3de5f8bc515762adc9d0c913e36b0c2d327597e0e402565404b39493c7b01a6,US,United_States,,vless,xhttp,tls,failed,failed_unverified,0,eof,1,,
a3fb7a4e818913589f4758ec445f259fc1886f21f21c8e6908e4c06e4f48ccb0,ID,Indonesia,ID,vless,raw,reality,geo_resolved,fresh_verified,0,,1,http,1612
a405e7b4b40db2670b18cc1b1fb079f45b3269b33425a8e747e76d631911c63a,GB,United_Kingdom,NL,vless,raw,reality,geo_resolved,fresh_verified,0,,1,http,2084
a40e2920569f26dfc03324da3ac76065f71c6d7949ed37dcb7b9a236f9c5a93e,,Unknown,,vless,xhttp,reality,failed,failed_unverified,0,reset,1,,
a4122645f50e04ab7f226d729aceed9052fdb7d6d1253a9d46f090f36bb1b12a,DE,Germany,,vless,raw,reality,failed,failed_unverified,0,eof,1,,
a41f91be968921c514b98e0cfc7709d27d7b55b01fc51faf1d43a7fa5e57b3d2,,Unknown,DE,vless,websocket,tls,geo_resolved,fresh_verified,0,,1,http,1370
a42057b69d125bc398f30307bc1e8e824a243bd502ea896497a9fae8c6cc624c,US,United_States,,vless,xhttp,reality,failed,failed_unverified,0,timeout,2,,
a42353c37802307e5c3fed7ea0cc2fcb8f3ee085c5eaca3b3095bc09b9d43449,,Unknown,,vless,websocket,tls,failed,failed_unverified,0,reset,1,,
a424c1cda36a2bfb7b3c264a00e031264e4e03a13dfb81abdf5fba31d7fae07c,,Unknown,,vless,websocket,tls,failed,failed_unverified,0,eof,1,,
a42d5311157b534b2d5669718b4f2e61815a9558077d96c0f1cc330edb9b5f19,,The_Netherlands,,vless,websocket,tls,failed,failed_unverified,0,eof,1,,
a4502f7d34b87d5caf73240431554259cc54dc36c1cb0237f84acff2338a4106,DE,Germany,,vmess,websocket,tls,failed,failed_unverified,0,timeout,2,,
a46b4e8106fa01ba119bbf569aa2fc5f59e7035c391a62b98a113326c5a29e2a,HK,Hong_Kong,,vmess,websocket,tls,failed,failed_unverified,0,timeout,2,,
a47b9fa1a1c2b5654e3a7a3de6ac36f711f06d60fb9aab090c2e8ef3c132fe19,,Unknown,,vless,xhttp,tls,failed,failed_unverified,0,reset,1,,
a47c150a5848d56a6fc1b18380d9af01186ae577cf41bb9c79c15a3781e3ae02,GB,United_Kingdom,FR,vless,raw,tls,failed,preserved_last_known,1,eof,1,,
a48e945b82f0cdb8b678049a127710d3e14f6de0a1af055078afa359299fadcd,HK,Hong_Kong,,vmess,websocket,tls,failed,failed_unverified,0,timeout,2,,
a493247371339e1716565701ecfdd75239c005c7a0953d17a0cedb2a2cd49312,,Unknown,,vless,raw,reality,failed,failed_unverified,0,reset,1,,
a49de01ce19bdcd8bfdacffaad2711605a7588a675608d8cd51455e17dacfd40,,Unknown,IT,vless,xhttp,tls,geo_resolved,fresh_verified,0,,1,http,2140
a4a13437134c2b454cf8b7f5075e4f396d15ced7b22ab2e041c7cdfb979277d8,US,United_States,,vless,websocket,tls,failed,failed_unverified,0,eof,1,,
a4a14f93af4002824185336796e7b62fcd337c79b1938c6d60f6f9d7d69cce19,RU,Russia,,vless,grpc,reality,failed,failed_unverified,0,timeout,1,,
a4a35fbfaa449a7ed7a006b33fedc208232d2b3f3d3587d7ddca0fa6ffc992f3,MU,Mauritius,,vless,raw,reality,failed,failed_unverified,0,timeout,2,,
a4b8ee3c903b443260406c3c79e8e55ff0f730d09c7259e22191c728a8091f15,RU,Russia,,vless,grpc,reality,failed,failed_unverified,0,timeout,1,,
a4da1f2777acdadfd1154027253603170e51e4a0498eda0ec29b0f532ece6b50,,Unknown,,vless,raw,reality,failed,failed_unverified,0,eof,1,,
a4ddf73423380f116e2b130c35e7447bf61f01fa4ab665cde17df84c9d35c415,GB,United_Kingdom,,vless,raw,reality,failed,failed_unverified,0,timeout,2,,
a4e13eaeb2d3a22b00fb2c4d153e27ee0f2c65c4aca7022c94783b08ba72cb2e,,Unknown,US,vless,xhttp,tls,geo_resolved,fresh_verified,0,,1,http,2202
a4e1edc6e80fa1eccb816a50a2d76288cbca928bb9458886312e5b330a2fdbba,FI,Finland,,vless,raw,reality,failed,failed_unverified,0,reset,1,,
a5103c30867a2fc7bc2de8026467176043b2930fd90e3215ae98ab98fe9997fd,,Unknown,,vmess,raw,tls,failed,failed_unverified,0,eof,1,,
a516c16539864d64e5c89d0839bca44ef8a673ff57e78ff3af6d6cec3ce6eb23,HK,Hong_Kong,,vmess,websocket,tls,failed,failed_unverified,0,timeout,2,,
a51c8782880614bd3b7ba3844600851cff74fb7c1ae98a2cf3eff9fc14417392,,Unknown,,vless,xhttp,reality,failed,failed_unverified,0,eof,1,,
a520dfc5c490921d7b3ac4d11ac809042506873fd11fde5b4674b33563ce2ae0,RU,Russia,,vless,raw,reality,failed,expired_after_failures,3,eof,1,,
a523df313f9a91ca5edc0c1cd83679e2ac1304778fcc4e56162f9796a231b2bd,US,United_States,,vless,websocket,tls,failed,failed_unverified,0,reset,1,,
a5326dc62856b65d9f4ea3b3920436704d741322ff2327a72d79d9dab49fa750,CA,Canada,,vless,websocket,tls,failed,failed_unverified,0,timeout,1,,
a549104b9c868c0ecccf91cea3f34970b0714f37d98896eaf3b273bea393d242,GB,United_Kingdom,,vmess,websocket,tls,failed,failed_unverified,0,reset,1,,
a54d8070a62fe3f6819b093752ab4c13882613004670783eb4f6e5c5c292c53b,,Unknown,,vless,raw,reality,failed,failed_unverified,0,eof,1,,
a54ec0a90ae9e62b75fc2eee220d6a8c0e67ca4beabf5891fa0f95d508d03961,DE,Germany,,vless,xhttp,tls,failed,failed_unverified,0,timeout,2,,
a556f50ae20838a2d675ed0239acc75612fa2236d54c283a452a791ee5cc9c34,RU,Russia,,vless,websocket,tls,failed,failed_unverified,0,timeout,2,,
a55bba2ca7d2df5d43cc4458f1eebb63fbf2aa141354954308ef735764e428f2,CA,Canada,,vmess,websocket,tls,failed,failed_unverified,0,timeout,2,,
a56789ebb3a35faafe0f8a3c899a8e1f0d4983df3683f824192276e2d82989af,RU,Russia,,vless,raw,reality,failed,failed_unverified,0,eof,1,,
a56df67e1b1fe6f61a9d5a10ccf58d6703724496893730bb75efb51b0b625276,RU,Russia,,vless,raw,reality,failed,failed_unverified,0,eof,1,,
a5ab08925a762612ccdc157fc8ae487fbbfc4da5d38d95ff5ed7b039dad9f8d8,,The_Netherlands,NL,vless,raw,reality,geo_resolved,fresh_verified,0,,1,http,2127
a5b00df8174ba3d38b472653578e702aaf50eff5b89fba6db90076060d14d2b2,,Unknown,,vless,websocket,tls,failed,failed_unverified,0,reset,1,,
a5b13390ac45bc0c0122d5b7d420593e858684f2ed42a6719bc12c110a974b16,,Unknown,HK,vmess,websocket,tls,geo_resolved,fresh_verified,0,,1,http,2086
a5b5e645281fb58e658c1c95baff6dea835b5f73463fde36b931d8ad1361d6f4,,Unknown,,vmess,raw,tls,failed,failed_unverified,0,eof,1,,
a5b929d4f48ecfd6b37362eee3e27cba61ed47a480083ca68ea9669c2c52ad5e,US,United_States,,vless,raw,reality,failed,failed_unverified,0,timeout,2,,
a5e797618a21cc3fe7bc3c361e1afdbcf0ebc56b13ac9618fa7aefc807e02996,US,Us,,vless,websocket,tls,failed,failed_unverified,0,reset,1,,
a5eb3010896774b2c461d0c4368c30563a6ab2d201ac9492317d260cf231890d,US,United_States,,vless,raw,tls,failed,failed_unverified,0,timeout,2,,
a5ef1e4d79cdcda4eebd6f08b2655f72d65a1deb44e746b37c6061eb7b94839a,CZ,Czechia,,vmess,websocket,tls,failed,failed_unverified,0,reset,1,,
a5f81ea679074155e3dbca57cf8e94932fa64fc7ac358a57b2bf73b4c098dfd5,US,Us,,vless,websocket,tls,failed,failed_unverified,0,reset,1,,
a607c297fc9bbff00c7f5b0bfc03495a7571eb0e0be6642626b1cd1103e7ed45,DE,Germany,,vless,raw,reality,failed,failed_unverified,0,eof,1,,
a61a3215af022430978e5b8b6e0036099feea27aa2647dcff3eff659d8b387b5,,Unknown,,vless,raw,reality,failed,failed_unverified,0,reset,1,,
a61af27852e8172d867ae98578824207089cec6a380eb7acafe2f3867aa1b4cb,,Unknown,,vless,httpupgrade,tls,failed,failed_unverified,0,eof,1,,
a632dcebedb83c3887dda620743aaee07145b594980af1876ced8971aa80b109,US,Us,,vless,websocket,tls,failed,failed_unverified,0,reset,1,,
a642f06692cf141cacf6660875463af1d9b0de4760c5e035275ea792beb00ffd,,Unknown,,vless,raw,reality,failed,failed_unverified,0,eof,1,,
a65951c95c47f34b843a4f81a34c0eb4c808be076705e65dedb55fadc5f83569,RU,Russia,,vless,websocket,tls,failed,failed_unverified,0,reset,1,,
a668632d1ab420af5e20cdbd053038df5c594161a98ee9a96e01962e5550c9e3,,Unknown,,vless,websocket,tls,failed,failed_unverified,0,eof,1,,
a67b3c08c451aeabcb4b69908239819de4b62f3b589fd1d0df2f4d6e884ae62a,US,United_States,,vless,raw,reality,failed,failed_unverified,0,timeout,2,,
a67c22ba40c10a4c3696f137745e68b68d00f75f0468476f22558ba56c3096ad,,The_Netherlands,,vless,websocket,tls,failed,failed_unverified,0,timeout,1,,
a683142b71aca5f936fd05dbb2dfdb08f3733f580157729299a9fdbbc30529c0,,Unknown,,vless,raw,reality,failed,failed_unverified,0,reset,1,,
a68f7d87b5c97db3ac3277d1d2a09eac7d6ed472f81c0581263b3e22d1b018b1,,Unknown,,vless,raw,tls,failed,failed_unverified,0,timeout,2,,
a69875ef2f36185756fb8618ad7df1a6df3fbf349a3e21b6a483aff9531c0954,,Unknown,DE,vless,xhttp,tls,geo_resolved,fresh_verified,0,,1,http,2112
a6a671ff1d8514ade9f4b53278cc00f6d938092f3ab397d620f2fc673649fb97,US,United_States,,vless,websocket,tls,failed,failed_unverified,0,eof,1,,
a6b0b9fd2f81c699d2586016ac238b1534187119d40b36f1f0f47d04fbac3085,IE,Ireland,,vless,websocket,tls,failed,failed_unverified,0,reset,1,,
a6b1ba3a0ed1f421f07ecd387e6eb7b83757c6f49178c0b1da042ac9fa857f6c,US,United_States,,vless,websocket,tls,failed,failed_unverified,0,reset,1,,
a6b1fff74b92f9595a65772c9ee18a40f7f5653ff116e8099e48aae3bbfed611,,Unknown,,vmess,websocket,tls,failed,failed_unverified,0,timeout,2,,
a6b7416d051069ba051779b7c4a0da72acfb0a1193226c1cd48351e945b4f31d,FR,France,FR,vless,raw,reality,geo_resolved,fresh_verified,0,,1,http,2130
a6bcfd1021a6978f28fb42fac7de58628b11d0e0a18acc83a2e8852cb72f98ea,GB,United_Kingdom,,vmess,websocket,tls,failed,failed_unverified,0,reset,1,,
a6be4dcafe2cd0d980580d6839409886c254f2bce34cee74d151b53218864260,,Unknown,,vmess,websocket,tls,failed,failed_unverified,0,eof,1,,
a6d3c755514e450c874d761d137d00176c30dd80e37ebbbadb2ff0c1f21f753a,HK,Hong_Kong,,vmess,websocket,tls,failed,failed_unverified,0,timeout,2,,
a6f48934dc4d8b2096b4603b5d868acb7896da2c4e7eb1b3d2de64d2096e7866,IE,Ireland,,vless,websocket,tls,failed,failed_unverified,0,timeout,2,,
a6f7cd544eb0a95f3433f1df87d126c337a23b3f1c060637596029697390e6cb,LT,Lithuania,,vless,raw,reality,failed,failed_unverified,0,timeout,2,,
a704a5c103cf62b897a0d46b62ea8d9fd78548c14ff93e2b6431727a1fb92446,,Unknown,,vmess,websocket,tls,failed,failed_unverified,0,timeout,2,,
a70bb2e4a2cc4d5f45c83cae462d840892e917ed3ef3baa4986f1d87cd02a79b,,Unknown,,vmess,websocket,tls,failed,failed_unverified,0,reset,1,,
a70e4b88310cfe9b3fd3a5e22c665e4ffc681cd2c697d3c1b4de8f768aff7c3d,CA,Canada,,vless,websocket,tls,failed,failed_unverified,0,reset,1,,
a729555beb611c20055ca298ace3f43bec58bd989738eadf983db52152da5fb6,,The_Netherlands,,vless,raw,reality,failed,failed_unverified,0,timeout,2,,
a7343a8ba576cb71f2dccc93cbe0bb125e40fc2f9ae33799e83bb78475d42ab8,,Unknown,,vless,raw,reality,failed,failed_unverified,0,eof,1,,
a7518a15ee608b6fb5e133e54e65906ab5747629a4ca9629c41a8651372424f2,US,Us,,vless,websocket,tls,failed,failed_unverified,0,timeout,2,,
a75a352b570dd32bbd75bc90db33da393839b042a7995a9ef407389663ce496e,BH,Bahrain,DE,vless,raw,reality,geo_resolved,fresh_verified,0,,1,http,2049
a75cb68ca77b1b93446e354ebea87b1acc1a6dd9255a5e686151dbd782216e95,RU,Russia,,vless,raw,reality,failed,failed_unverified,0,reset,1,,
a762cdd53b6074156e4a35e7a493eb71827319d7909001a92017384f6853a969,,Unknown,,vless,websocket,tls,failed,failed_unverified,0,eof,1,,
a770314f61860d5a57aa9a1533b5e870ee9bb491a40f6a60eac4be1177a3088b,US,United_States,,vless,websocket,tls,failed,failed_unverified,0,timeout,2,,
a7711c294f863dfae7900716341da8ed849d040d111912f26b2d95386d2cfaba,,Unknown,FR,vless,raw,tls,failed,preserved_last_known,1,timeout,2,,
a7792184652d3e10e4c9d0ef775ba6a7956e9f1493ec35658a2b5c8b2bf0dbc8,US,United_States,,vless,raw,tls,failed,failed_unverified,0,timeout,2,,
a77c0367f25768c8e38b1e6960e087a8ba6fc4c9701b1c79265d2d13d7c944d2,US,United_States,,vless,websocket,tls,failed,failed_unverified,0,reset,1,,
a78c9bb034877d953b1d898f82637eff3b95fb619b8fc440d87e38312dd58d6b,,Unknown,,vless,websocket,tls,failed,failed_unverified,0,reset,1,,
a794e94ac53e9766cee5b6a8cf59e2c1755e4227c421f335f06a015c6abacf46,,Unknown,,vless,websocket,tls,failed,expired_after_failures,3,reset,1,,
a7982dc61127b702bbf3a6164ad0396534c7102f38838fb6fe8bd786ff07bc96,,Unknown,,vless,xhttp,reality,failed,failed_unverified,0,timeout,2,,
a7cb23da1bc4955a790ba02b627653f30e16fcc6563e358325e535e17a4f70d4,GB,United_Kingdom,FI,vless,raw,reality,geo_resolved,fresh_verified,0,,1,http,3193
a7e23c3237cac35884d68c82c0f3244c0dc454e0b90aab0aa10faccc5e5bad4a,US,Us,,vless,websocket,tls,failed,failed_unverified,0,reset,1,,
a7e2de0ae5e6ffc221999348af98f8d9f99534716461e27425296de4e6b68963,IT,Italy,,vless,raw,reality,failed,failed_unverified,0,eof,1,,
a7e901e58f78182ed31d60e126e12491fc38b9dd61fd4c7cc634242e75d0f2fb,,Unknown,,vless,raw,reality,failed,failed_unverified,0,timeout,2,,
a7ed306792454a53375893ba0e24de371900f9eb72aa6c14f70d09eb7c4ea766,,Unknown,,vless,websocket,tls,failed,failed_unverified,0,reset,1,,
a7f54b141618d98f8685762e3f61432bf3acf9d6453d1489be383f2750129f05,,The_Netherlands,,vless,raw,reality,failed,failed_unverified,0,eof,1,,
a7f7bcbca9b52737c0ec2c99917c365d6c04733de1c419de1307e5bd4e608265,TR,Turkiye,,vless,raw,reality,failed,failed_unverified,0,reset,1,,
a7fd9082250e84a56ce680087c912a0463afbd59233fdc4c0d13cc7c38f1f125,,Unknown,,vless,xhttp,reality,failed,failed_unverified,0,timeout,2,,
a8080af6be3f0d4752f46d0521f3f3d8241a80f3f6994782b19d1299ac83ac95,US,United_States,,vless,raw,reality,failed,expired_after_failures,3,eof,1,,
a80dec6d399e68d9d9adb98db1f6d5ab4d8c8f6fb94b1445c800e5273e426abc,,Unknown,,vmess,websocket,tls,failed,failed_unverified,0,reset,1,,
a812d9f456a06e7aa04bea9352357990c1459b71043130efa283a305d30a8e5f,US,United_States,,vless,websocket,tls,failed,failed_unverified,0,reset,1,,
a830817b36f3a4462bbe35836c57b5a2d38c95819304c466630a82eb0b342188,,Unknown,,vless,websocket,tls,failed,failed_unverified,0,reset,1,,
a83233d6647b3393cdf476b49803636147cd2ace20b2c8be124370264440c4ac,,Unknown,,vless,raw,reality,failed,failed_unverified,0,reset,1,,
a8507b45044bc711e0bcd13dd69fe02985fe63185686bdc704e01e0aad6767ba,,Unknown,,vless,httpupgrade,tls,failed,failed_unverified,0,reset,1,,
a861637311e9a26531a7f3f320acf7363562f3226d2c5f48f6d2af82a13de6d3,US,United_States,,vless,websocket,tls,failed,failed_unverified,0,eof,1,,
a88c01e961f25777898b4b27d423693ac48896907428d2de261108db4f7b6ec2,,Unknown,ES,vless,raw,reality,geo_resolved,fresh_verified,0,,2,http,2233
a8b8bddcb0fd85c133e53f20c0af5931c059ae2e153c2a6512a32ddf1f8ffb87,DE,Germany,,vless,raw,reality,failed,failed_unverified,0,timeout,2,,
a8c66737a34329da794343892f787c0569d63ca6d724e914c6f088005ce4357a,,The_Netherlands,,vless,xhttp,reality,failed,failed_unverified,0,reset,1,,
a8cef3467892eb754e587acd68f3c30226ac25553e2665e456627ac33681ac2f,DE,Germany,,vless,raw,reality,failed,failed_unverified,0,reset,1,,
a8d70b9412e159536ba52e4c389c9702ba39db6085067bf5267c8b2a64e80918,US,United_States,,vless,websocket,tls,failed,failed_unverified,0,eof,1,,
a8f8acbcfe338ed11b80cbc7c9afdbb75092db2928449cd12ec84b9ff5bb9f75,,Unknown,,vless,grpc,reality,failed,failed_unverified,0,eof,1,,
a90c20ed052f703a715b928e3bba43b6b7f6f4ef237de69d73b65e407f98cee8,BG,Bulgaria,BG,vless,grpc,reality,geo_resolved,fresh_verified,0,,1,http,2135
a9136daf348399ec3262e88109687aed5c514d373a1c2fbfa127fa40fb364d96,,Unknown,,vmess,raw,tls,failed,failed_unverified,0,eof,1,,
a924a1f33639b93391899e34ee339ce8160ce0934b80e68b436f1b7b5db0d62a,RU,Russia,,vless,raw,tls,failed,failed_unverified,0,timeout,2,,
a934c1054c06f1e0179787687285a97881fe8db93f6de12572f9059957b3af9b,US,United_States,,vless,websocket,tls,failed,failed_unverified,0,eof,1,,
a93e589b4bd3b19bc6e317a80395d349bf086d95a581abc3fa6d01e25be8b976,,Unknown,,vless,websocket,tls,failed,failed_unverified,0,eof,1,,
a945b2dcf7382130bb4a352c375dd2a29e138b19032e71737d6996c23e201fd4,KZ,Kazakhstan,,vless,xhttp,tls,failed,failed_unverified,0,reset,1,,
a94fe465ebbc3f75c8edb20a23bd321e26255e323ae68abb8a08ebff6b031012,,Unknown,,vmess,websocket,tls,failed,failed_unverified,0,reset,1,,
a958036c0fb6f43dbc0c1d93f27ec9ede15942fedad5bfbbbc70450450f44cba,HK,Hong_Kong,,vmess,websocket,tls,failed,failed_unverified,0,timeout,2,,
a95a506a449151d015429a8b0d9b269699bb337d990d240c92ba16c3a8cc0020,,Unknown,,vless,raw,reality,failed,failed_unverified,0,reset,1,,
a95e900e8a9c64aa22b76e6033c86dc7823624aa7c6bea1365251cfdf44e0fc1,US,Us,,vless,websocket,tls,failed,failed_unverified,0,eof,1,,
a96fc151d85eb41b1726ca19267b63617c15a253fe6937ce89002de86f174af5,SI,Slovenia,,vless,websocket,tls,failed,failed_unverified,0,timeout,2,,
a9704e504c31c1fae9a337305a98aa3bb06c75717faed908dc20fe14c63df5fe,,Unknown,,vless,raw,reality,failed,failed_unverified,0,eof,1,,
a9748b4f72be85da1cec0f4d1b5defb576a7ecbfad675404ebba69c0e7b24192,FR,France,,vmess,websocket,tls,failed,failed_unverified,0,reset,1,,
a995d45434f241de768ed7039116db1c21ca545fff536afddb65f22c92ae1efc,DE,Germany,,vless,raw,reality,failed,failed_unverified,0,timeout,2,,
a999ebe300c5db993a019d609b01890ead6fcbdd57fe119e76f2feebba382eaa,US,United_States,,vless,websocket,tls,failed,failed_unverified,0,eof,1,,
a9bf47e8e74f46c739e22b94c60e01d5147c8dfd40c3a18100e31c89f59b2fcc,GB,United_Kingdom,DE,vless,raw,reality,geo_resolved,fresh_verified,0,,1,http,5479
a9d09da8d22b9b9e9a59c5b8c89a51bd35d8538ff7fab15c13afc91fb32e2326,US,United_States,,vless,websocket,tls,failed,expired_after_failures,3,reset,1,,
a9d9259edbf77a6def79d90bbd53a83bc65a69bee3e0e72c8719ad8ad4a8ba11,,Unknown,,vless,raw,reality,failed,failed_unverified,0,timeout,2,,
a9e34ec281ce0d34f3c8568f4a084456cfb2bbf877f0fde7fbe07bcb36ffd8ac,GB,United_Kingdom,GB,vless,raw,reality,geo_resolved,fresh_verified,0,,1,http,2617
aa13a6c75beb0b0946465a91b27ecf9add6a71c1cf059d38cfbdd269aaa01520,DE,Germany,,vless,xhttp,reality,failed,failed_unverified,0,reset,1,,
aa1ee617a77221e60518985df694fbf926dbc5e29c8067241fa3da84b26af9f3,US,Us,,vless,websocket,tls,failed,failed_unverified,0,reset,1,,
aa1ef91f20422ff9aef11bc8ed1e5d9c9db70555ab112b3782668ceb84db45fd,TR,Turkiye,,vless,raw,reality,failed,failed_unverified,0,timeout,2,,
aa3c2ba3682a61aeec1d8c76877a4bf909ac84d7f183fd6a99e8b6e1b2441752,CZ,Czechia,,vless,xhttp,reality,failed,failed_unverified,0,reset,1,,
aa42fa4d5913d835a1dc25f45c5f1accb243b0260ccd1be96716d1f90488025c,,Unknown,,vless,websocket,tls,failed,failed_unverified,0,reset,1,,
aa452719b88433c2d082e2c087500cc5b89f0b66c17eaf662972591d0287512f,US,United_States,,vless,websocket,tls,failed,failed_unverified,0,reset,1,,
aa5035c14acf29decf25003e44d2ab55aad5ca94f7ec95852c0f3252a80f61a7,,Unknown,,vless,raw,reality,failed,failed_unverified,0,eof,1,,
aa6294f856998f5fbebd374226fb933eb980f8593c22f80be78661e027026376,GB,United_Kingdom,,vless,raw,reality,failed,failed_unverified,0,timeout,2,,
aa68c35e517c35896f65c1aa08b2b4a41a11626d2504da5b6d3cf6812a2fc122,,Unknown,,vless,websocket,tls,failed,failed_unverified,0,reset,1,,
aa716e7058b8ded21208d0a82993944792f8df1bb1fbbe475f342f8104e47d73,,Unknown,,vless,websocket,tls,failed,failed_unverified,0,reset,1,,
aa776c9c77839c1ae3168eb739771272cd81b0877249e566aff909ee190e7493,,Unknown,,vless,raw,reality,failed,failed_unverified,0,eof,1,,
aa864fa2ea60d9a5e20d5324776c059904c831b837bdb24d6188149403eb905a,,Unknown,BR,vmess,websocket,tls,geo_resolved,fresh_verified,0,,1,http,2112
aa8b9496b603e120ed57bf1127a83d42a46b8970bab1ec358f53d82aee166252,IR,Iran,,vless,raw,reality,failed,failed_unverified,0,timeout,2,,
aa960b1eebc25d4e7300024b07a84b2a6acfaaa432da9b637f033422eb06cc66,,Unknown,US,vless,xhttp,tls,geo_resolved,fresh_verified,0,,1,http,2197
aaaed02abd7d0e64eb2c189602953b2a9c74bc886186bb03e281241320e9391f,EE,Estonia,EE,vless,websocket,tls,geo_resolved,fresh_verified,0,,1,http,1246
aab75800563c22f253ed0c3e274e6a03f928a9deee3ebedfe3bd31684c1b5fe1,US,United_States,,vless,xhttp,tls,failed,failed_unverified,0,timeout,2,,
aabae017b5995f7faf1568b2e70f9353af815a0d940f3afe6636a4f618421074,,Unknown,,vless,xhttp,tls,failed,failed_unverified,0,reset,1,,
aabd87ff60080981211d8941f4447eb8a732bf398b9b5f2868abac58bfab5c9c,US,United_States,,vmess,websocket,tls,failed,failed_unverified,0,reset,1,,
aac6371421a9d0419a94aac6d60ed8b85bac1259b24e13c2fa29a533d14a81c4,IR,Iran,,vmess,websocket,tls,failed,failed_unverified,0,timeout,2,,
aacc9ea289b5af4060c908e7c3310b7d7a59edfb83c61804c84bc978ad86fb6b,GB,United_Kingdom,,vless,websocket,tls,failed,failed_unverified,0,timeout,2,,
aadde5e63b35b2c66b5e443491283f7bb6fcfd5c7b23db4411d79fd8989c2f9e,DK,Denmark,,vmess,websocket,tls,failed,failed_unverified,0,timeout,2,,
aae3513be960dbf4a0ce53d61bb1c80683f02f4cd9b58e8e789032bb46def444,,Unknown,,vmess,websocket,tls,failed,failed_unverified,0,reset,1,,
aaed53dc8ca7217c3e16300c1261957934f7597591f7dea34e8956f123725592,IR,Iran,,vless,raw,tls,failed,failed_unverified,0,timeout,2,,
ab034b73fd400340829c5303db8a87843eab3dfa75bdb0897a8bd8e04281d136,,Unknown,,vless,raw,tls,failed,failed_unverified,0,reset,1,,
ab13540c03708ee55419e718646893c1ce73f706c028343b4685ffa5f91d9b12,,Unknown,,vless,websocket,tls,failed,failed_unverified,0,reset,1,,
ab1488f806058d47d71533d301ee84de9450af5298d22fd4e9865b20b640bb73,TR,Turkiye,,vless,xhttp,reality,failed,failed_unverified,0,eof,1,,
ab17e70f3dd709c737be50b2b2b298c3309b715617f3729965c416df161dc65f,RU,Russia,,vless,grpc,reality,failed,failed_unverified,0,reset,1,,
ab2650d04050a0552bfce65319ccb66f30628e8b8bce3d25b855aeb2d08691e4,,Unknown,,vmess,websocket,tls,failed,failed_unverified,0,reset,1,,
ab2e22169a0eb0b4c50ff0f16c98b11602e3a453d4a70a59e294d9384c498234,IN,India,HK,vmess,websocket,tls,geo_resolved,fresh_verified,0,,1,https,3020
ab3209a8031baa5d4704cd4aa47f5618717da9be23e375e366a2fad32e85efff,,Unknown,NL,vless,raw,reality,geo_resolved,fresh_verified,0,,1,http,2140
ab48fcd9f5a628fdfaff712d9c8fd0087ebc6a5ef7ee60230cb1eee49609755a,,Unknown,,vmess,websocket,tls,failed,failed_unverified,0,reset,1,,
ab6a594af67e38b98e9cdd87250f0d88366055e3d8ac32bd78b75aa16e0fe490,PL,Poland,,vless,raw,tls,failed,failed_unverified,0,eof,1,,
ab7b0b4bac3f9bed15c8512e3ed511b3b183d5ccea6c21bf857ff0dfdfbf069b,,Unknown,,vless,raw,reality,failed,failed_unverified,0,reset,1,,
aba97cbcf774bf2e25dfd1145ff8a380011b40e980ca0acb576125fad71bbc6f,,Unknown,,vless,raw,reality,failed,failed_unverified,0,timeout,2,,
abcb92f7ab0468d193654cb7ae8ce583dafa00317384b0f8078d6b5669c2690a,,Unknown,,vless,raw,reality,failed,failed_unverified,0,reset,1,,
abe9e7ccbf316c0d64efca3909edc90f4c10f0914911c179664a072259b88abf,,Unknown,,vless,grpc,reality,failed,failed_unverified,0,timeout,1,,
abef92e5c03c60cb021efde14d1e99d5ce6c37394dfe9054d376397b6ca19a87,US,United_States,,vless,websocket,tls,failed,failed_unverified,0,eof,1,,
ac183c6005df4e0104f814317f7eda795a3c7e0de921010ee3756dd3052b0105,,Unknown,,vless,raw,reality,failed,failed_unverified,0,timeout,2,,
ac2668e76d7e1f96b0991c26e7c3b4f993afe8e1cb862a51614b115896a82287,,Unknown,,vless,websocket,tls,failed,failed_unverified,0,reset,1,,
ac39dc02419b77f8bcd6ceaaf7a227a0db0fb24e51438ac8a1bc9f9e144024f4,US,United_States,US,vless,raw,reality,geo_resolved,fresh_verified,0,,1,http,2437
ac42173acc78483e6f620eb4b43bbf367a2c46e46d8b65631c7fce7f4a1d4f13,FR,France,,vless,xhttp,reality,failed,failed_unverified,0,reset,1,,
ac4825daa189899134af30d64313689927c2cbd678bf033dab2324c6ce9305eb,,Unknown,BG,vless,grpc,reality,geo_resolved,fresh_verified,0,,1,http,2176
ac4cfdc5292ef558e91ff58de1390c6caaef69498436c070bc27d3ab6d73131c,SG,Singapore,,vless,websocket,tls,failed,failed_unverified,0,reset,1,,
ac56b60c02574e672958f40696d7bfc8bb8c9460c19bc54295d8bf4f0ccc004a,,The_Netherlands,,vless,raw,reality,failed,failed_unverified,0,eof,1,,
ac6fa17f73650a2bb526bb372dfc82f8c74c5d89f648fdf7d1e98f6b8b66ca4a,,Unknown,US,vless,xhttp,tls,failed,preserved_last_known,1,reset,1,,
ac73089f4c7558d8222b5934969f91e13a7112845a135dc6b697ae8218c2c6f0,IR,Iran,,vless,raw,reality,failed,failed_unverified,0,eof,1,,
ac8476b4bda80177ac39c3f7f94858a5066385461005fbcbae5529eae22d6304,US,Us,,vless,websocket,tls,failed,failed_unverified,0,eof,1,,
ac97343b82f8c7323a3dd651aaf5eed3cc61e375a60b8dde262878f6beb2e2dc,IR,Iran,,vless,grpc,tls,failed,failed_unverified,0,timeout,1,,
ac9ce5660a47dd15f21fe7552c6b6dc65b8ff14580cbdf25d1f3adea30ae0dd5,ES,Spain,FI,vless,raw,reality,geo_resolved,fresh_verified,0,,1,http,2177
aca591127a75cbc90af98a6b47368b20287c76a159f8208b2006b95478edaac7,,Unknown,,vmess,websocket,tls,failed,failed_unverified,0,reset,1,,
acbb000b5e6c7af4f6a0f64a0061f990e8e6b8d057d7f26a18086aa9e1146361,US,United_States,US,vless,raw,reality,geo_resolved,fresh_verified,0,,1,http,2418
acc2b021dc6e1cf5f952fa7f1f6bccd70cf7cdebb1b9f912ebda4021b69d7102,US,United_States,FI,vless,raw,reality,geo_resolved,fresh_verified,0,,1,http,2386
acc92583b2db7c12654e5aca347ffc042f804f5a3b915d1d6e39f04665acf4fe,,Unknown,,vless,xhttp,tls,failed,failed_unverified,0,reset,1,,
acee9768a92ba77a01de14bcc3948b0c0db857aae6f86fe1b01d377b8ebafd4f,,Unknown,,vmess,websocket,tls,failed,failed_unverified,0,timeout,2,,
acf992c4b733cef04144090ba3b15ada0d2c72b07b5c38835341299e08cc0599,,Unknown,,vless,websocket,tls,failed,failed_unverified,0,reset,1,,
acfcf6c0295f103a5424c422e3f1771ba8bd0156cd3fded9c8dad890095cd934,US,United_States,,vless,websocket,tls,failed,failed_unverified,0,eof,1,,
ad07b3bdae1ea9266a71cb5f06d537dac7ab72fbbe6a40434aacafabf95df5df,,Unknown,,vless,raw,reality,failed,failed_unverified,0,eof,1,,
ad13d0ac20fdf4ecb7e813c1849811b816f463f85bca07920841c9a1ecdbd79a,,Unknown,,vmess,raw,tls,failed,failed_unverified,0,eof,1,,
ad1d6b157f89bf055f282d9270df512a882b6a1e9acf314904d858d54fdef031,US,Us,,vless,websocket,tls,failed,failed_unverified,0,reset,1,,
ad48dbb4d41f0ec37accbff95dcc9a4fdb1aadadecb634892ff517525f86d819,CA,Canada,,vless,websocket,tls,failed,failed_unverified,0,timeout,2,,
ad4a71f1a40f4de3b77b4825cdfefd70e46b3ea72d37ba16cf3055687143badd,GB,United_Kingdom,,vmess,websocket,tls,failed,failed_unverified,0,reset,1,,
ad517b22e22fdbd85f1623e6ddd93ce7e1b3bed12483b42816889d2fae3edc59,FI,Finland,,vmess,websocket,tls,failed,failed_unverified,0,reset,1,,
ad6969213122c081e08715f1bfce4c60379a95367d4ed09d91b9d12a47fa2655,IE,Ireland,LV,vless,raw,tls,failed,preserved_last_known,1,eof,1,,
ad86dde9c37aca92ced0c60b8ef087af94d36d71b85ef2d286f476304a29a854,US,Us,,vless,websocket,tls,failed,failed_unverified,0,reset,1,,
ad8f486126542bd25acbff58dc9bfcffaeb84347b552feac08854427ba39e45a,KZ,Kazakhstan,,vless,websocket,tls,failed,failed_unverified,0,eof,1,,
ad96eba47ed5a9b27144dc834d2a96347d385aefc8a581f24725770f3cfb02ce,US,United_States,NL,vless,websocket,tls,geo_resolved,fresh_verified,0,,1,http,1197
ad999eb0dcdcbc64b6aecb1f9dc5f47c700da286503b91a6a43bea2012db615c,,Unknown,,vless,websocket,tls,failed,failed_unverified,0,reset,1,,
ad9e3ddf5427abeea9f5e5a6f5c49aae44b743827330e54c758bf499208cb30e,US,Us,,vless,websocket,tls,failed,failed_unverified,0,reset,1,,
ada57845cd495b46ac8c349c2ae5e52e0708e437fd5f8147145b4aa8f9ff5b92,,Unknown,,vless,websocket,tls,failed,failed_unverified,0,eof,1,,
adac55d3994835fef718ec6e668d6e1d7a1a85d6ce13b94268e15f39cef01ccc,GB,United_Kingdom,,vless,raw,reality,failed,failed_unverified,0,eof,1,,
adb6f7e64e2bbf44ce0c2b3ddaad2e1b676cd28b5f535fcd88901fc91fd40e8d,,Unknown,,vless,websocket,tls,failed,failed_unverified,0,timeout,1,,
adc67e641be09e178b0dbaaccdcf2ebd596b4965b847a6388003fee638a98dd6,,Unknown,,vless,httpupgrade,tls,failed,failed_unverified,0,eof,1,,
addbcc6ef684857a0d44cede6fc5de63ad9606e7c161825b796b7977c096c3ae,,Unknown,,vmess,websocket,tls,failed,failed_unverified,0,reset,1,,
adfd819ead55b118097dd83daab04add64b19c84eda4368d03a927c4166bfabc,US,United_States,NL,vless,websocket,tls,failed,preserved_last_known,1,reset,1,,
ae0b899bdf53e99178781aa69ea58373c27ae9d1a15e5b34713add6f074f3462,SE,Sweden,,vmess,websocket,tls,failed,failed_unverified,0,reset,1,,
ae0c4b0ada5a2f8f30e94da42ada6c2d0aaa6f487ab576c48c320dc7e0b61559,PK,Pakistan,,vmess,websocket,tls,failed,failed_unverified,0,reset,1,,
ae1512e6149e52a86a1393670d9541de89f6142198069fd24511ad97f3d0809a,,Unknown,,vless,websocket,tls,failed,failed_unverified,0,eof,1,,
ae15c439aa95eaa2981b8f6f436cf68f7d9316df633245225a49c633181ed542,,Unknown,,vmess,websocket,tls,failed,failed_unverified,0,eof,1,,
ae26add058e818b94886b263e59f1590732a85feaa4608e4d06360d17e1cddca,,Unknown,,vmess,websocket,tls,failed,failed_unverified,0,reset,1,,
ae3dac030f303178f08541938a134bcd76835aeae0041310679dfc9c417daa3f,US,United_States,,vless,raw,reality,failed,failed_unverified,0,timeout,2,,
ae5bac3e35d52745590c77734643e251bb15483ef1c69d6e3eb736f3510edd40,HK,Hong_Kong,HK,vmess,websocket,tls,geo_resolved,fresh_verified,0,,1,http,1781
ae7126fe510f21c6c38566604ab48f32e8871d9e52b747bdf92232b96d8ea40d,RU,Russia,,vless,raw,reality,failed,failed_unverified,0,eof,1,,
ae9892ef8f00c04d018e5cfa876a133b1f0b556c5bd4d52ad5481aaa06872596,US,United_States,,vless,raw,reality,failed,failed_unverified,0,reset,1,,
aea3d036b20c874dff1d8f22b6c1cb68d0abfc601f4d3adfff77e274300f63a9,,The_Netherlands,,vless,raw,tls,failed,failed_unverified,0,reset,1,,
aea6d898ffcc8cb96536ec6d6d38b6c333a6b9e5a9784b7381703591943d6a02,US,United_States,,vless,websocket,tls,failed,failed_unverified,0,reset,1,,
aeae1f4e986a16f05d15e03644d60880a05cfdb66d33e9648b13eaf6d2fcc143,US,United_States,US,vless,raw,reality,geo_resolved,fresh_verified,0,,1,http,2435
aeb10e47208860f85f0e55421d6d23e159c306b97db47cd709b77fc99ef6ac2c,,Unknown,,vless,websocket,tls,failed,failed_unverified,0,reset,1,,
aec107d7838b2433ec9fb8c05af2872b9829fdfae9504c84db1dc287c7efdea9,US,United_States,,vless,raw,reality,failed,failed_unverified,0,eof,1,,
aeee91977874d4f949f3a1b45ff403f4c4bdee96372fe11cabff0d7cf489927f,GB,United_Kingdom,,vless,raw,reality,failed,failed_unverified,0,eof,1,,
aef51f2693d31688c60e34d3f90a0cda39629f92a55f1e1a62033fe8e142aceb,US,United_States,US,vless,raw,reality,geo_resolved,fresh_verified,0,,1,http,2408
af00afd9bede9a52512d5c24447819577885ec4fa40adb1c4a0b543bd1764937,IE,Ireland,,vless,raw,reality,failed,failed_unverified,0,timeout,2,,
af280afaf7765c1b96e4f70eccaf532ebdd721c63c15ae667fb3c84d27dbdca6,US,United_States,,vmess,websocket,tls,failed,failed_unverified,0,reset,1,,
af3d85d3f4f39853d1af2603b526a590c6e5a87c18b62cbd7eb9449493a5a582,,Unknown,,vless,raw,reality,failed,failed_unverified,0,timeout,2,,
af4d48e7d19d1702ea31afe49402c7e57e6ff1bc7b84fea87254bfb5d7c97152,,The_Netherlands,,vless,websocket,tls,failed,failed_unverified,0,timeout,2,,
af5172d5f44fa29e0855a249ca8de6639f2607ac7734dd25dc59b19126bc6c75,US,United_States,,vless,websocket,tls,failed,failed_unverified,0,eof,1,,
af5a5eae169de02e1c654af1bbb355ef057d04869ff913905943df183fb4ef5f,IT,Italy,,vless,raw,reality,failed,failed_unverified,0,eof,1,,
af643a504c8d175530ab16a4290effbfee2ab81d7ce02954de991ca97355ffda,,Unknown,,vmess,websocket,tls,failed,failed_unverified,0,timeout,2,,
af65ce86fa853c723e87b5c14fb7ad33cf15f4a0c9776fd4b5d466e3ab28ea19,RU,Russia,,vless,websocket,tls,failed,failed_unverified,0,eof,1,,
af6a44a1a1cce6f8b3d1b20779e05c86b943c23a4fb186a674a8b2b7ab252a00,RU,Russia,,vless,raw,reality,failed,failed_unverified,0,eof,1,,
af6de00be45bfe80575e2d185164968db1236ca29f88f0ee667929fc089f6ec8,,Unknown,,vless,raw,reality,failed,failed_unverified,0,eof,1,,
af7f9e3e599b1da25d14aa8e51ecc8ab2e7451e198b40bdaecc095fd957468c0,,Unknown,,vless,raw,tls,failed,failed_unverified,0,timeout,2,,
af85f75160f64ab0a2e6c8871d4c1d2c987f87466ccad5153eebda776e866d7d,US,Us,,vless,websocket,tls,failed,failed_unverified,0,reset,1,,
afa255cd2ebfe5e45cda56b4d1eb6cd6e1f0914e73af73aa7dca9229b2a8651c,BG,Bulgaria,,vless,raw,reality,failed,failed_unverified,0,timeout,2,,
afb723f14f69e4a8e01df1fc557b3dfebef9515d01b33828317ef67f1934fd11,,Unknown,,vless,raw,reality,failed,failed_unverified,0,reset,1,,
afceb3fbc20bd6ca690f54ec7e7c9ad59595bdb83210a02498e3d2602b45b51c,,Unknown,HK,vmess,websocket,tls,geo_resolved,fresh_verified,0,,1,http,1901
afd13d7544c55d900498da92aafc0f32be4fd11bf9d4ceb5c8aaf021be0af5ed,CA,Canada,,vless,websocket,tls,failed,failed_unverified,0,reset,1,,
afde8840b5069327a2cc84016f39583f2cffeb6a98638dc63f5466e444b21c07,GB,United_Kingdom,US,vless,raw,reality,geo_resolved,fresh_verified,0,,1,http,2303
afe8ede977001a357af437aa9f87916cd455f1a73c6b550231ea509dfdad74b4,,Unknown,,vmess,websocket,tls,failed,failed_unverified,0,timeout,2,,
affa5137e7fa7f16c5126ce69b7a4d8734a453d28881dcf03140332c303c118c,US,United_States,,vless,websocket,tls,failed,failed_unverified,0,eof,1,,
affe25fc55b2dc29cc705803fdc05495e5343fdf2422a25f174c41c41ae72957,,Unknown,,vless,raw,reality,failed,failed_unverified,0,reset,1,,
b01bc14f26d5fe11ed731415cc9e923649a7e2fff8825754e8362f80a2a378c4,US,United_States,,vless,raw,reality,failed,failed_unverified,0,timeout,2,,
b034795002a1025a9f7932ac628d39da11b0558590f042864243dc71306309d8,,Unknown,,vless,websocket,tls,failed,failed_unverified,0,eof,1,,
b056b755f1e84a27779657ce71f45f168855b3c241e6d4c39fe90510b1f7cec8,US,United_States,,vless,xhttp,tls,failed,failed_unverified,0,reset,1,,
b062e23033bacc22a2f0215ed76985af24236fc7e436c63a20af7c7fee44eaec,IE,Ireland,,vless,websocket,tls,failed,failed_unverified,0,eof,1,,
b077601145d3a06e5aef8674dbcb8be7b2e3f4905938d2ec16237934c442900e,,Unknown,,vmess,raw,tls,failed,failed_unverified,0,eof,1,,
b07802d4e5fe32eafe133f0ec558c81a79e5e9ccf7b70347af6ad8886eb6d93c,US,United_States,,vless,xhttp,reality,failed,failed_unverified,0,eof,1,,
b09164a796efd743ab4af2f15e18c5ee5f6a96f087497b990dde74575f05c34d,IL,Israel,,vless,xhttp,reality,failed,failed_unverified,0,eof,1,,
b09297c723c27a26803c0167e9e13d56221dfd16c98d701868c6e24b965c693f,GB,United_Kingdom,FR,vless,raw,reality,geo_resolved,fresh_verified,0,,1,http,4797
b09b705b9d34936962bf2d8d0a074048011cf3f399bc7f390fc813996d649783,RU,Russia,,vless,websocket,tls,failed,failed_unverified,0,eof,1,,
b0b10549c26576baf65f63e379ebd0807c84d00d05852e342b4574af83b52d59,US,United_States,,vless,websocket,tls,failed,failed_unverified,0,eof,1,,
b0b3f140dba992906a945f3d177a8ae77b2c4739569da3d74041ca48547c8e4c,,Unknown,,vless,raw,reality,failed,failed_unverified,0,reset,1,,
b0dc6427061708d0356b86b797f1d475e152ec1939e1d9a670d02076a95c8857,,Unknown,,vless,raw,reality,failed,failed_unverified,0,eof,1,,
b0ddf305ab0dd6022a1b29b1d99e7c81619cfcb48ba5f05dfbfb813f6a8e9790,,Unknown,,vless,xhttp,tls,failed,failed_unverified,0,reset,1,,
b0e42698e3967ad4fef88184defec636dea8732fa7eef5ebbccb0bf052706bca,,Unknown,FR,vless,raw,tls,geo_resolved,fresh_verified,0,,1,https,6094
b0f5c0fa8538f0cc79ac33c4d8af9f576828f01c46f01b27418ff625414403bb,,Unknown,,vless,websocket,tls,failed,failed_unverified,0,reset,1,,
b125aea3fa5cf0fb43e200eed5510e96993edef5b0be3fb33f19b0958bc03d3d,HK,Hong_Kong,,vmess,websocket,tls,failed,failed_unverified,0,reset,1,,
b129fced1df7c63508f2dc81d6be324e68715897df7016aa3593a783260d29f7,,Unknown,,vless,raw,reality,failed,failed_unverified,0,eof,1,,
b12fecf45d7e6dfb94440e4b823389acb43acb0f7315f3dd211520d4dc46d784,,Unknown,,vmess,websocket,tls,failed,failed_unverified,0,reset,1,,
b1417449e2295cf16067af1de98009d15f8db578ba6b72d8bde2f5233d80f501,CA,Canada,,vless,raw,tls,failed,failed_unverified,0,timeout,2,,
b147c2f415c5ffff9d008f3803eb9fcf1759a70cecd4748108863c0e4a0c9207,,Unknown,,vless,websocket,tls,failed,failed_unverified,0,reset,1,,
b1730dfd302783af951171cd70e518f2a9b5007d9674b1bf7f7f157b80ef70c9,US,United_States,,vless,raw,reality,failed,failed_unverified,0,eof,1,,
b173703437680742a22c67b0258e9080f74869805955de2cd9063d4be6dc976b,,Unknown,,vless,xhttp,tls,failed,failed_unverified,0,eof,1,,
b18d368d8ef063f6d6c3c1e01f50dd06f25a048a8789579a54f1db7d737c96c5,FR,France,,vmess,websocket,tls,failed,failed_unverified,0,reset,1,,
b19d4e4076266226c4b4127df944e1a1bb266a186dcf742310596544b4f575f9,,Unknown,,vless,raw,reality,failed,failed_unverified,0,eof,1,,
b1a470d7ad0df1cc8a6f6ba9e4ab0ba4ab6efb28a8726b7a5dacbe810a0c3b97,IE,Ireland,NL,vless,raw,reality,failed,preserved_last_known,1,reset,1,,
b1a5c7ff279a221a8511ab7af9c7ae10765300c54759735b50f5044e4287ae7b,,The_Netherlands,,vless,raw,reality,failed,failed_unverified,0,eof,1,,
b1c163427c512be46cac97e21f9754ac77349f84896bcc25b6f2b6b780a604ce,,Unknown,,vless,raw,reality,failed,failed_unverified,0,eof,1,,
b1d71cdcb4c9e319bfb93fa1134ac76682bf1108b1455ce999e03b27e1d0e972,,Unknown,,vless,websocket,tls,failed,failed_unverified,0,reset,1,,
b1ef79d20816302259d93deb6f9fa8bbfabe1fc59a166086e35558566ce94ce0,HK,Hong_Kong,HK,vmess,websocket,tls,geo_resolved,fresh_verified,0,,2,http,1911
b1ff2a18d4a799f2930d0c58d3c8bcb0dab0797de382500eeeaa39dc3f8d3e76,,Unknown,,vless,httpupgrade,tls,failed,failed_unverified,0,eof,1,,
b23341d55e4ab5c40b1306bebb778f3a65b20c2375f152f83a35425ab90a960c,IE,Ireland,PL,vless,raw,reality,geo_resolved,fresh_verified,0,,1,http,4697
b25bdf16c3aae769007faad64bfb621eea1d426a765f042ec5b51ab4ba1cd938,FR,France,FR,vless,websocket,tls,geo_resolved,fresh_verified,0,,1,http,1464
b25db70a2fa4d8b0d80cfecb20c4282f9f2260eb91994420c1497496d05ad2a1,US,United_States,,vless,websocket,tls,failed,failed_unverified,0,reset,1,,
b2add49878575d800b942c39479b49e1fa546bcf0480878c9e2a5d68d28b92e1,,The_Netherlands,,vmess,websocket,tls,failed,failed_unverified,0,reset,1,,
b2c1e1a30ac4c629753848d15e1da31896a9e7348fc7836198ecb4629071a006,CH,Switzerland,,vless,grpc,reality,failed,failed_unverified,0,eof,1,,
b2cc6634a71974dec51c393f6ccf70cf5645b382f56051aa2e213c219cbe45f2,DE,Germany,DE,vmess,websocket,tls,geo_resolved,fresh_verified,0,,1,http,1049
b2d03f291621ffc8cec6913789fdb3c65534570100a93e82daa67205740ff46e,,Unknown,,vless,grpc,tls,failed,failed_unverified,0,reset,1,,
b2ddacd6e67101abc776a53d6a26415aaff98dcc554a5e569e3baf3086fed9ef,DE,Germany,,vless,xhttp,tls,failed,failed_unverified,0,reset,1,,
b2e903809e215c1168f0a971308a959ac3797702de59ee58be82c588ef72709f,US,Us,,vless,websocket,tls,failed,failed_unverified,0,reset,1,,
b3044caed555a8e9607eff0cc6e53524bdef5c163c1998683545045e1bd78b54,,Unknown,,vmess,websocket,tls,failed,failed_unverified,0,reset,1,,
b30ffbde70d276f52df2e167c1b3fe1bc2207eb933d62fa52bf50e65088a778e,US,United_States,US,vless,raw,reality,geo_resolved,fresh_verified,0,,1,http,2422
b322938c41f0d2a01ee62a2c18f5cb0eaf0bf04e9fcc400af2e3747797d6cb3b,,Unknown,,vless,websocket,tls,failed,failed_unverified,0,reset,1,,
b324e15b7b32ca3195d00fae27b8b89b53fb62b122f236994c247f73608a1b4d,FR,France,FR,vless,raw,tls,geo_resolved,fresh_verified,0,,1,https,4050
b32edaad01975aade0d7a294674bb39af6982c6e0917a0bb784ca02222e896e4,RS,Serbia,,vless,websocket,tls,failed,failed_unverified,0,eof,1,,
b33c883bd9450d118231a92e6cff4ea485e17c0f8e6dfd14aeca1336a117ac91,,Unknown,TR,vless,xhttp,tls,failed,preserved_last_known,1,eof,1,,
b38f31d91f723f714f528f3720cb172ae11089b689bf70d98a64794ed97e9d9a,,Unknown,,vless,websocket,tls,failed,failed_unverified,0,reset,1,,
b3a13652ca37d1d000efb9d19ade259718cc997a5f77970a587f1373c151f7c4,,The_Netherlands,,vless,raw,reality,failed,failed_unverified,0,timeout,2,,
b3a9b04ad4ed011cad749d433c332b1e4df6b32ec9a98e4a0f17e546467802eb,RU,Russia,,vless,raw,reality,failed,failed_unverified,0,eof,1,,
b3bbcf70d1e00edf8c45c2822bf6eeef4a258c1fe077cded56224bb9e8dfbc47,,Unknown,,vmess,raw,tls,failed,failed_unverified,0,timeout,2,,
b3cc7f1117a6cc2a9c2386f4aa3659ebe03903ee0f39b44609f7ae6b3fb1a770,IE,Ireland,BY,vless,websocket,tls,geo_resolved,fresh_verified,0,,1,http,3007
b3ce262a044d645f7a4d0cd2689296f73d08e2aa1e8042a92b3a9fe0509d85d2,GB,United_Kingdom,DE,vless,raw,reality,geo_resolved,fresh_verified,0,,1,http,2085
b3dcaa2afa43c907ed5876bb703cb65f5f105b89c358b324492974d2bab2fb70,DE,Germany,,vless,raw,reality,failed,failed_unverified,0,timeout,2,,
b3e529c82a946259c44d10cb7755afc0b1d8a14240c9b21dd108eb438a2b4fcf,,Unknown,,vless,xhttp,tls,failed,failed_unverified,0,eof,1,,
b3e8965e95ccda34b13a18bd0d1bd3e561724d5415c6996d66c3a0939101d9d8,DE,Germany,,vless,websocket,tls,failed,failed_unverified,0,timeout,2,,
b40b82d07376f68e77ec55d949ca65eb789799042fb685cbb82452841133678f,US,United_States,,vless,raw,reality,failed,failed_unverified,0,timeout,2,,
b41031f3ab785a15229c3e6623252c41250ec0a3fc691d9783a652a23c2d55cb,,Unknown,,vmess,websocket,tls,failed,failed_unverified,0,reset,1,,
b443193159ba2672eda954f66a03fac369bdd610e3978db88e177e5fe11c864b,US,United_States,,vless,raw,tls,failed,failed_unverified,0,timeout,2,,
b45f703ca022708b181d5e260f4dc4891d8a02127d2675cb6f23b58015fbae18,,Unknown,,vless,websocket,tls,failed,failed_unverified,0,reset,1,,
b4754d73ee30f97f225fa8ded0b482d22cbc1626a6f1de49c72989be0709b059,,The_Netherlands,,vless,websocket,tls,failed,failed_unverified,0,reset,1,,
b49216e1db6acc1be5550db2418efa42504ae961e77aa032fa6ee33370017336,US,Us,,vless,websocket,tls,failed,failed_unverified,0,reset,1,,
b49758fe66ad38a92479194213d93b459a6d4be6afe3bc1d4732243b1574d87b,,Unknown,,vmess,websocket,tls,failed,failed_unverified,0,reset,1,,
b49e995a67fe7d586546517bb109cf20e1cf3e04f13b53a16e3846df41fd6675,BG,Bulgaria,,vmess,httpupgrade,tls,failed,failed_unverified,0,timeout,2,,
b4b139702de7b9bf09df92685ddb33df282a1582748e4bed47a9a769bee01a5e,,Unknown,,vless,raw,reality,failed,failed_unverified,0,reset,1,,
b4b1c59418dabc393537dd685690f9d919a600900d00c02fff129bdcc743c1e7,,Unknown,,vmess,websocket,tls,failed,failed_unverified,0,timeout,2,,
b4ca284e9cf92a4ee93597f0afced0d89e63505341f2fbd04815d3a8edcd7caa,US,United_States,ES,vmess,websocket,tls,failed,preserved_last_known,1,timeout,2,,
b4e4ea7943f8791fc975e58c7d903db306629d20f7805d7fd799383c5437e383,DE,Germany,,vmess,websocket,tls,failed,failed_unverified,0,reset,1,,
b4e7944572464e84f3949a59a1d1f3f2af5eb9b8aefd707c35c40b86126348fa,,Unknown,,vless,raw,reality,failed,failed_unverified,0,reset,1,,
b50c96a6c26bd87bd1a7aaee575025a4b05c0e557c4c0b9232e38158345e4508,,The_Netherlands,,vless,raw,reality,failed,failed_unverified,0,reset,1,,
b511c15e2b467783eca598daa5e8de07dba1bb2457d16accb212f02d215002b4,IL,Israel,,vless,websocket,tls,failed,failed_unverified,0,eof,1,,
b517b48fdf25f6c82993a4e83806190bdfbe54d364ecd43dd5979fd97e927b61,US,United_States,,vless,websocket,tls,failed,failed_unverified,0,reset,1,,
b52ca4a2b3cea7acce8526aba271164af80db44d85f247bc16984d1dd20017af,IE,Ireland,NL,vless,raw,reality,geo_resolved,fresh_verified,0,,2,http,3117
b53994d5da1fe783df7b7e4e829cd027f3932c2d35f8731e99f1d61f5ae8b873,,The_Netherlands,NL,vless,raw,reality,geo_resolved,fresh_verified,0,,1,http,2124
b54447f323b3a4e1bc205709df047fbd949ea11cd195366372e70140476b6a39,HK,Hong_Kong,,vmess,websocket,tls,failed,failed_unverified,0,timeout,1,,
b5477f292fbecbf221fcea233279e27de299e95bbf8501b92b2d9b9cb4cde232,CA,Canada,,vless,websocket,tls,failed,failed_unverified,0,reset,1,,
b560923b2b4f22c34a88219d2b79c9e16e72e613f06f709f9218d8c19e6f76b5,GB,United_Kingdom,DE,vless,raw,reality,geo_resolved,fresh_verified,0,,1,http,2046
b562f72a9e54ffe1eddd75d52d38a910ab91fa9ab7d7393dbc8e15ae5236a941,,Unknown,HK,vmess,websocket,tls,geo_resolved,fresh_verified,0,,1,http,1960
b5691892253783cdb97e408205dcce1b7476814faca29d68fe7d46797b587a2e,BR,Brazil,,vless,grpc,reality,failed,failed_unverified,0,eof,1,,
b56c6524d18a178176c8bbed14a3323428c668f460fe01bf8059ec4bd246a498,US,United_States,,vless,websocket,tls,failed,failed_unverified,0,eof,1,,
b5ae7029dffec15ae5e9c474d420e13a90e315de0f7888af064b05eefdec075f,,Unknown,,vless,websocket,tls,failed,failed_unverified,0,reset,1,,
b5b08f2f9d6b5e9294641b58cbc558975039c224ccc20db30717fed4239f657a,HK,Hong_Kong,,vless,raw,reality,failed,failed_unverified,0,timeout,2,,
b5e2826761ae4d27b958ea00ee4d3ea1e3001f43db5d53981e3366702c51a851,GB,United_Kingdom,,vmess,websocket,tls,failed,failed_unverified,0,timeout,2,,
b5e725f1b34e5449680e14f258b11dcb3f511e51338e762b947525fa4f2b3804,FR,France,,vless,raw,reality,failed,failed_unverified,0,timeout,2,,
b6071be306f063ef9db8c9719ccf548e69f7b505d5d70552cccc5ca4966bf405,,Unknown,,vless,raw,reality,failed,failed_unverified,0,reset,1,,
b61711b71a03662dea070e9179d164e2edaeba98db7e18cda05c38bc0a176510,GB,United_Kingdom,,vless,websocket,tls,failed,failed_unverified,0,timeout,2,,
b623e3ca16fb6065e6db59f939b1d4fa084279d5673b76d1692464db671e164b,,Unknown,,vmess,websocket,tls,failed,failed_unverified,0,reset,1,,
b628899c9504724762d24fba46cb128172120b2cd72898b0abd4372dfac180ea,FI,Finland,,vmess,websocket,tls,failed,failed_unverified,0,reset,1,,
b62b9c9cb37e7681f7bc1ba10fe502b294251b23291bd2223ce4e4cdb618afb0,FI,Finland,,vless,xhttp,reality,failed,failed_unverified,0,reset,1,,
b6360dfbaf8fa62e70869e9450e98aa183d917480dfa86ee201440e436cbf73e,FR,France,FR,vless,raw,reality,geo_resolved,fresh_verified,0,,1,http,2114
b638990bee8d3c8157db457366eb0aae9323b56137203154cc67d5da5a6475c6,DE,Germany,,vless,xhttp,reality,failed,failed_unverified,0,reset,1,,
b63e7337657da2fc1d21804a91792c77ddcb171cbb5020a9ed5627afad43b3dc,DE,Germany,DE,vless,websocket,tls,geo_resolved,fresh_verified,0,,1,http,134
b658e28060ccb2c897cb792171ef1b5b5ee2d8eba9eff507a15a6b21cb4e521e,,Unknown,,vless,raw,reality,failed,failed_unverified,0,timeout,1,,
b677173402510851e253cca7c8c91429e10c9093e95426877a520e80e756aa4d,BR,Brazil,PL,vless,raw,tls,failed,preserved_last_known,1,eof,1,,
b6bbff3202106498890688a43cba0beda6f7e508d35ed1bde6d68f9418ea1fe9,US,Us,,vless,xhttp,tls,failed,failed_unverified,0,reset,1,,
b6c6bd31d7b2cb26f16fad44366faa00b5ac5c487f2e5e9a0a784f85cc0bea9f,US,United_States,,vless,raw,tls,failed,failed_unverified,0,timeout,2,,
b6e0d9f50df7c0f90d2ed12cc9d6b2a072fbe98e363255471cc0346170de4eeb,,Unknown,,vless,websocket,tls,failed,failed_unverified,0,eof,1,,
b6e1c18b9ef1ed6c13805b41f8e172f6fef1756914315acdc34cff19c08ec73a,TR,Turkiye,,vmess,raw,tls,failed,failed_unverified,0,timeout,2,,
b6e29808c76358ea3de500139a6e574c7b21a9481c5dcb67a147b1ee20fdec51,CA,Canada,,vless,websocket,tls,failed,failed_unverified,0,reset,1,,
b6e39241f84efa274f6be2880a91b3a7131d4a5a8b21fdd4edc8c903d4166218,CZ,Czechia,,vless,raw,reality,failed,failed_unverified,0,reset,1,,
b6f34dc37d9423680144e884f1e423e7adcb11ba8b32b61b1314e7203f2afd88,DE,Germany,,vless,grpc,reality,failed,failed_unverified,0,timeout,1,,
b6f3ae1739592d1650828a5d1a22c11b5c29f40a5de7029ed84910e5c00b2eb7,RU,Russia,,vless,raw,tls,failed,failed_unverified,0,timeout,2,,
b6ff2c59800486421ca2148ad59655a9cf6f5e8c22ca84c304d33e93d8f3977e,DE,Germany,,vless,raw,reality,failed,failed_unverified,0,timeout,1,,
b7016d7147cf67cd4795f6748628584b49b519de9c6c5dbdad1dc4f8f7a98a94,CN,China,,vless,grpc,reality,failed,failed_unverified,0,eof,1,,
b7017223f8c2e310485cb62ffe231fa3609abaab08fc1bc69a13ec8323be71e4,KZ,Kazakhstan,,vless,xhttp,tls,failed,failed_unverified,0,reset,1,,
b72a24aace16b3bce41fede2637bdcb4f283cfed8fe52c7c8331bf7b1aa6ed49,,The_Netherlands,,vless,raw,reality,failed,failed_unverified,0,eof,1,,
b73c8c01621b8b51af36eb5d0d828fd0fbb01891e6cf1fa943c9beca1cfce2db,US,United_States,EE,vless,raw,reality,failed,preserved_last_known,1,timeout,1,,
b753f68a79821204a2f617c4ca6fc04e505c5a1ac745890b331b87dac0b6ba87,ES,Spain,,vmess,websocket,tls,failed,failed_unverified,0,reset,1,,
b766f474ed81ee6d2977297bc38cb2745348c2105ccf286d1d9bfdf351630bc9,,Unknown,,vless,websocket,tls,failed,failed_unverified,0,reset,1,,
b779a1af806b64b90e7014273b00fc090697bdfb2ada9c753022eae0b134c3de,SE,Sweden,,vless,xhttp,reality,failed,failed_unverified,0,reset,1,,
b79572cb7bb0270b3e988ef3f0feb3cd4335fc9b5979c265d1745696341c643c,,Unknown,,vmess,websocket,tls,failed,failed_unverified,0,reset,1,,
b79bd411a08e57b8f41d5a13e13acce21a6e9c26b9cc0f1b72a979e8262abba9,GB,United_Kingdom,NL,vless,xhttp,tls,geo_resolved,fresh_verified,0,,1,http,3046
b79ce3c26900d9558316058c9a0ca2c571acffecc2c9034aeb9b4a7d7dea023f,IN,India,HK,vmess,websocket,tls,geo_resolved,fresh_verified,0,,1,https,1132
b7b76391987023034f632b684f446ddb7181d37cad0864fbed601f92eb918a7e,,The_Netherlands,,vless,websocket,tls,failed,failed_unverified,0,reset,1,,
b7c6816863d8a5cd4b63baa02caa9c150ed99848651deee75289875c8b169343,,Unknown,US,vmess,websocket,tls,failed,preserved_last_known,2,reset,1,,
b7d5a00837d8f41f41b5195a5545fe31d48f1f4d5a0e019b46ea6a6630ee5309,DE,Germany,,vless,raw,reality,failed,failed_unverified,0,reset,1,,
b7e0613d126df5903ca8a0da3bafa31cb414daf29014c21d6694f4092a9aad08,HU,Hungary,RS,vless,grpc,reality,geo_resolved,fresh_verified,0,,1,http,2165
b7e4d437b50e12ec05152ce0ed7763bda55e8759936e596d445f1b57e6bdbbef,CA,Canada,,vless,raw,reality,failed,failed_unverified,0,eof,1,,
b7f413d300735b0464e58428e5d31685a23a285af919fe334a86eeccfe14dd0a,RO,Romania,DE,vless,raw,reality,geo_resolved,fresh_verified,0,,1,http,2029
b8155f01ebb53c729ddd07d9af8dc9b5a618bf6a16a48913a9743f3755094435,RU,Russia,,vless,websocket,tls,failed,failed_unverified,0,eof,1,,
b84835bc1e698c867b8d713dbb5435e919075560c06e9fb440a957a09b30f5fd,,Unknown,,vless,grpc,reality,failed,failed_unverified,0,timeout,1,,
b84a671bd6a41a426f94f4c83407a63b1ed2b623e597aa493438deac13787f38,,Unknown,IN,vmess,websocket,tls,geo_resolved,fresh_verified,0,,1,http,1539
b84c05d80b389029807f6e2e279710a317363941d7fb210dacd702e785750be7,GB,United_Kingdom,,vless,raw,reality,failed,failed_unverified,0,eof,1,,
b8624978fca9f844dcbd1a1e093ea7e748931d611ce1e0515858f1dea840822e,GB,United_Kingdom,DE,vless,raw,reality,geo_resolved,fresh_verified,0,,1,http,3226
b86a1d644b99855b46c82e14171e6f736b602396a2071b7feec5841f7b0da05f,GB,United_Kingdom,,vless,raw,reality,failed,failed_unverified,0,reset,1,,
b86dfee7602344dfab839208d140f47f07fc1c0b2bbda69dfb80d512dffd54c6,,Unknown,,vmess,websocket,tls,failed,failed_unverified,0,reset,1,,
b887d5c44780cd637d929d7ac5e6e45a66435c1d4c6f704db2b02d5c948ef80c,,Unknown,,vless,websocket,tls,failed,failed_unverified,0,reset,1,,
b89c6ae5f02f73c666a7456323f21f76975ce56cb4d3c599d3c271dc7569473c,SG,Singapore,,vless,raw,reality,failed,failed_unverified,0,eof,1,,
b8fa2dc1b1e979263d9bfb0a4b0c0ec2f22d245a04bf8970792b5387ac77a649,,Unknown,,vless,raw,reality,failed,failed_unverified,0,eof,1,,
b90d2d4c2cf61129cc3221be12e8ccc436c839f5c245f7f00372c1967d544e25,DE,Germany,,vless,raw,reality,failed,failed_unverified,0,reset,1,,
b90e0956c5b938e72d09c579fc468076642b727350ff70a34d1a91258b977495,,The_Netherlands,,vless,raw,reality,failed,failed_unverified,0,eof,1,,
b9514a7f249f1cff97c26298aa290b6c4c121cc449336f42eb8b3a61c16ea0d5,US,United_States,,vless,raw,reality,failed,failed_unverified,0,timeout,2,,
b966a0b396d952d0b8ce1d99f5272e0036485507ee00094c17b81029b44dedd9,US,United_States,FI,vless,raw,reality,geo_resolved,fresh_verified,0,,1,http,3057
b981b67298f7c8199aa45b8d4a02d2595c251e6cc425d5566ef7e869a0d41d23,RU,Russia,NL,vless,raw,reality,geo_resolved,fresh_verified,0,,1,http,2324
b981bf03969f481a382bf053f81824b5b0d8bccf60cc655a39c61b219574910a,,Unknown,,vless,raw,reality,failed,expired_after_failures,3,eof,1,,
b992c8a9a8baa5d89cc5026ed5effdb93acb57c2cd6e722714d2daa33598e285,EE,Estonia,,vmess,websocket,tls,failed,failed_unverified,0,timeout,2,,
b9a89551632156f9ca19516b94c980ffc83fdf46ee67bd4987f81872624c3bec,,Unknown,,vless,websocket,tls,failed,failed_unverified,0,eof,1,,
b9c31e4f67083e16e2f69a8a1549817309f20e32ee6b8a3ae5e661c912d62cba,,Unknown,,vless,raw,reality,failed,failed_unverified,0,reset,1,,
b9ea5fab8d7b0aba8e1e12ecb453706eefd9ae1ee63c53ed8b2d29fc4c4e3d52,,Unknown,,vless,raw,reality,failed,failed_unverified,0,eof,1,,
ba012f2174cff85ef66d1c673b916725fae2125d9a0ff303956f416cb10900d1,,Unknown,,vmess,raw,tls,failed,failed_unverified,0,reset,1,,
ba17037205439ec2d01abcbbc4262b1510d67a9a4fd7b81442cabb7c450a8b88,US,United_States,,vless,raw,tls,failed,failed_unverified,0,reset,1,,
ba3775568eaac3202c2335874b8cd4178e8cafbabac3944ca453b08c68e1bb4f,US,United_States,,vless,raw,reality,failed,failed_unverified,0,eof,1,,
ba46a75a5fb70ae6b852db70fcafdf47ce2c6849e0f6ad378c548be14c75af75,,Unknown,,vmess,websocket,tls,failed,failed_unverified,0,eof,1,,
ba4bb6d09ac5e1559cb86164ce4d0cc0c24abaa1a2507e51b72494a3d9a56359,,Unknown,,vless,websocket,tls,failed,failed_unverified,0,reset,1,,
ba4c500d6506a6802b0735126f98c034eb4ea7d75cb3edb5cc883d38ac77fc05,,Unknown,,vless,xhttp,reality,failed,failed_unverified,0,eof,1,,
ba5b5660515b8686a136147b20e6142f885fcb4ece89ca259a2b8f331018971b,CA,Canada,,vless,xhttp,tls,failed,failed_unverified,0,eof,1,,
ba7098df788fd85fba1455bc09853abd08d77e3eed2588bf9250527b0ac01b16,FR,France,FR,vless,grpc,reality,geo_resolved,fresh_verified,0,,1,http,2080
ba79f11fe031af610814fc9c425ff1e7158d2b400da07e98cc2259c4a2971e3b,,Unknown,US,vmess,websocket,tls,geo_resolved,fresh_verified,0,,1,http,1905
ba7bd9bac5cfc849cfc9ebcfc760ad89bd000041864b68fd6a4ecf07d772ba87,US,United_States,,vless,websocket,tls,failed,failed_unverified,0,reset,1,,
ba81504d8ad71807d56f658bb65d5dd1c6db487f1a53fc47648d5a2f05cd2d8a,ES,Spain,RU,vless,raw,tls,geo_resolved,fresh_verified,0,,2,http,3215
ba8252798721e5d85191ee42eeb2e047808e8c0a36b674655e05c7d0aa2cc9be,,Unknown,,vless,raw,reality,failed,failed_unverified,0,eof,1,,
baa3a230c3195b172c3dbeaf556f9f1e3f49c002f6924ef3ea2407be8ec37b6a,GB,United_Kingdom,DE,vless,raw,reality,geo_resolved,fresh_verified,0,,1,http,3028
baa9af896702f7d45927582a2ca4a30a5677194ef3f8d4413a637ba50fb60fd2,GB,United_Kingdom,,vless,raw,reality,failed,failed_unverified,0,timeout,2,,
bab3807fe8eb5b566d485e527586fac28ff5b8f57a51d401ef7119312fd22493,,Unknown,,vless,raw,reality,failed,failed_unverified,0,timeout,2,,
bad0926c67f03f1436ff40bf77a2f08b292f4b8dc1686ecc053123dce063cd06,HU,Hungary,RS,vless,grpc,reality,geo_resolved,fresh_verified,0,,1,http,2167
bad81b7ed019f83b0027cfc435249eb8d988a4b87e086f13293d9f47c1342db6,,Unknown,,vless,websocket,tls,failed,failed_unverified,0,eof,1,,
bae836494b938188e5cb193363a77a8407e900b91bf50732a233f4eccd229291,DE,Germany,,vmess,websocket,tls,failed,failed_unverified,0,reset,1,,
baedae8834ee945312ec331e0b678bb420354c344b14c8ee1d9376f6ecafb008,IE,Ireland,,vless,raw,tls,failed,failed_unverified,0,eof,1,,
baf3bf5a2ae2c11e2038ef1a6dfee4476031ae58057f6a4bbdd62b2bda497488,,Unknown,,vless,websocket,tls,failed,failed_unverified,0,reset,1,,
bb27ca293e04e5f450c9948b9172fd1035ad47d40291c09b15fd7c15fbab20be,,Unknown,,vless,websocket,tls,failed,failed_unverified,0,reset,1,,
bb2a578a4946e6fefa28fe95bc6c3ae33e6c3c9188fec094f58f6cdc11366d8e,,Unknown,,vless,websocket,tls,failed,failed_unverified,0,reset,1,,
bb83ca62ffbf8d1094ff4938c5f141aabf6cd5ffa51cf621dd6225f8d1270a64,US,United_States,,vless,raw,reality,failed,expired_after_failures,3,eof,1,,
bb8a0574b63c78eb508eb05cc24a8a77a3cbc8a5605ec3a957febecc5f840ca5,DE,Germany,,vless,xhttp,tls,failed,failed_unverified,0,reset,1,,
bbacdff39d4bcc2c6515c83a70dbe645caa5a5b37258576074a4b1d0b5450996,RU,Russia,,vless,websocket,tls,failed,failed_unverified,0,reset,1,,
bbb42e6b33de3d9cd3d1a462bfc859b17f1f4e5781db8001800e30e79bed32f9,US,Us,,vless,websocket,tls,failed,failed_unverified,0,reset,1,,
bbba1b8354737496156ade1c9c0536a863804f5ad31c1edcb1e015eaee32345e,,Unknown,US,vmess,websocket,tls,geo_resolved,fresh_verified,0,,1,http,1646
bbe9da3ac444a420126b2e42f4651f549d6b4f3e65235e17afe0e126ac2680e5,,Unknown,,vmess,websocket,tls,failed,failed_unverified,0,reset,1,,
bbf52a04f92aa92d26182f919d305df10be3b3906cf4c95654cd612d503f8d5c,,Unknown,,vmess,websocket,tls,failed,failed_unverified,0,reset,1,,
bc095b5d65f0a3919c2ba1fdc071d20fb32c5d691392020c9d1b1e81e56f7772,,Unknown,,vless,raw,reality,failed,failed_unverified,0,reset,1,,
bc1090e901b972b92691ace685603c41c703862a6bda9811b372af76f8afbf0e,BA,Bosnia_And_Herzegovina,,vmess,websocket,tls,failed,failed_unverified,0,reset,1,,
bc18d0fd72ad3d9e9f9ad87079df00b3185c8c5d75e7637509ac8274ddf3f64d,DE,Germany,,vmess,websocket,tls,failed,failed_unverified,0,reset,1,,
bc1c5fb1dc7355f93ad93c187c1ad7799a288a8bfdf64124675b6c06dd671975,US,United_States,,vless,raw,tls,failed,failed_unverified,0,timeout,2,,
bc2a8fed8620bed10d5d64fd3fa32624b494c4ea253e83df94fcb17f07cbc177,,Unknown,,vmess,raw,tls,failed,failed_unverified,0,timeout,1,,
bc498c0146c1f17995d5f3ed77a239478131b9f76271a7b606b93767b86cc30b,FI,Finland,,vless,raw,reality,failed,failed_unverified,0,reset,1,,
bc4a69c697b9b0145964838930a2838aaf3f33b190cc50d3f978cb6c2a5a63f3,US,United_States,,vless,websocket,tls,failed,failed_unverified,0,reset,1,,
bc5a308dd3107903d95509dd6ee0bde9b94f61a4e186470169360e5f474470df,US,United_States,,vless,websocket,tls,failed,failed_unverified,0,reset,1,,
bc65ae433ee367f230cf65cfb1a4bfcba89bd527c3e55db4591ac42c499cebee,,Unknown,,vless,raw,reality,failed,failed_unverified,0,eof,1,,
bc6d28830251e2eddb19f0824ac0f958b4ffd4cd8189e1b547f69db2aa6989b4,FR,France,,vless,websocket,tls,failed,failed_unverified,0,timeout,2,,
bc725c02517846ff39564659071cdf226b35892f1bcd763f4340ec70c79535b5,FR,France,,vless,raw,reality,failed,failed_unverified,0,reset,1,,
bc7f07ef8076378fcb576235c3c16414c80d1ad2ed8cbc65891e4a34b35f7018,,Unknown,US,vless,websocket,tls,failed,preserved_last_known,2,reset,1,,
bc8183103e157daa0a751819f49c89f0f1dff5af3172546af4f8f71f56052a0d,US,United_States,,vless,websocket,tls,failed,failed_unverified,0,eof,1,,
bc8c23ceb6be3d0ca1eb8566f109f168dceb5526647e5e3c20ec2c21a280a8a1,,Unknown,,vmess,raw,tls,failed,failed_unverified,0,reset,1,,
bca3964f0a7208b12bcdd06cb6e7dde4c5690289c28d584f2003121bf8869a36,,Unknown,,vmess,websocket,tls,failed,failed_unverified,0,reset,1,,
bca90dd3a3c1c512e5734d6d339a30939f560cdcb99f5bd7f43091e9ca96c965,GB,United_Kingdom,,vless,raw,reality,failed,failed_unverified,0,reset,1,,
bcaa20ebd49c2fbb55acba2faad8872c8524780668add7807ad7f92f045e9322,,Unknown,DE,vless,raw,reality,geo_resolved,fresh_verified,0,,1,http,2148
bcbb0abf80132a796a2785644538495bc81759d7c6e969d5519c4b0e3ee97860,DE,Germany,,vless,raw,reality,failed,failed_unverified,0,eof,1,,
bcc17c7fad0804292c8d01d750eb73d44c8230f67889352e70a665a68c33b707,,The_Netherlands,,vless,raw,reality,failed,failed_unverified,0,eof,1,,
bcebf285d040a8f44d09961a1a58a29e0d8a6b69dca020eea5814dd2a604a2c1,,Unknown,,vless,raw,tls,failed,failed_unverified,0,timeout,2,,
bcf392c8ff8e0415433dfa853b2614d86d62439a69b7f4e99f1cc74f219b2ed1,CA,Canada,,vless,httpupgrade,tls,failed,failed_unverified,0,reset,1,,
bcf8e7262dc49fd301aa90de5b8ca725010e209a7293e05fef532f37377a95ae,DE,Germany,PL,vless,grpc,reality,geo_resolved,fresh_verified,0,,1,http,2168
bd07aaa3ae7a6aa14525ef7b23fb8f4e7694441d2e91fa969d6ee933e0328279,US,United_States,,vless,websocket,tls,failed,failed_unverified,0,reset,1,,
bd2259a7440c642ce9a1eb15a033b58115761e3276988bb49c5ad0f85297bc70,US,United_States,NL,vless,websocket,tls,geo_resolved,fresh_verified,0,,1,http,1201
bd3e74a2db59a8bd883e1ee3bb4e35fedf506eb5ed55e25708cee02ddc8e0c49,,Unknown,,vless,websocket,tls,failed,failed_unverified,0,reset,1,,
bd4ea3aad3a520c241369723b0925bbbddef0d78a0b62b1f413500ecd0bf805a,US,United_States,US,vless,raw,reality,failed,preserved_last_known,2,timeout,2,,
bd53a7b9dc1fa23b5d272ee1e72c0d8e6d68dba4bf875a7bc2c8312a83da370a,US,United_States,,vmess,xhttp,tls,failed,failed_unverified,0,reset,1,,
bd763c5edeaf1ab852591e760b0985ec6f1987ab4ec5139d6c8cd25f91f6a90e,,Unknown,,vmess,websocket,tls,failed,failed_unverified,0,reset,1,,
bd77883d5de1bc877f62d97fdc2eb0b084de59266ec27972c8efdb0ea5a80ab9,US,United_States,,vless,websocket,tls,failed,failed_unverified,0,reset,1,,
bd89f58e33c43f248cd9a32bee0059c90969be087efe7489fb38765ba5adb70b,DE,Germany,,vmess,websocket,tls,failed,failed_unverified,0,reset,1,,
bd928d80515d8795835c1c3524955bb1028324341117138ae43a7d90a2d601f8,,Unknown,,vless,xhttp,reality,failed,failed_unverified,0,timeout,2,,
bda52b3fa1ee368abc10c168ff346f1ced193a1f427210d619f69585d7428765,,Unknown,NL,vless,grpc,reality,geo_resolved,fresh_verified,0,,1,http,3597
bdc4bdd1e0b5bf2dec033c065dc6ce9ad6e66efeadc62c1ee52633fcf2ab21dc,CA,Canada,,vless,websocket,tls,failed,failed_unverified,0,reset,1,,
bdce4a85dd66d14dc6b4da916fe84b1a82c9601d1a931ff2b5d119edc2cee212,US,Us,,vless,websocket,tls,failed,failed_unverified,0,reset,1,,
bdd5fe2a39429081f2b5c02270638bb4eb5fc9656dbdcddc01c30cfc61e7365c,US,United_States,,vless,xhttp,tls,failed,failed_unverified,0,timeout,2,,
bdd9e57f2166d4226cf40326c598bde344ecbbcb10f3fccd7e0be832cec15530,,Unknown,,vmess,websocket,tls,failed,failed_unverified,0,reset,1,,
bdf2ae0da04a68774d7d23c42a4819dd3aff6a9744f0a30bfa31c3dbe374191f,RU,Russia,,vless,websocket,tls,failed,failed_unverified,0,eof,1,,
be12ec584917c669a42b9948a54c00e1ed8fb246c3b177348a5b42443b65ac91,,Unknown,,vless,websocket,tls,failed,failed_unverified,0,reset,1,,
be34362a2fe3f8e6378fcef84c4cdbf529eff0bd4e046bae053b90702955c3e9,HU,Hungary,,vless,raw,reality,failed,failed_unverified,0,eof,1,,
be3cfb0ddf8bcf5fc8751b9d103e4a0e7e902628bcc98bf869b205f174848b0f,US,United_States,,vless,websocket,tls,failed,failed_unverified,0,reset,1,,
be4ecea292d376474b6d8638b45a6348b48c91b1eb6996955faa250604627677,,Unknown,,vless,raw,reality,failed,failed_unverified,0,reset,1,,
be5a3ba65892c1813f84b9b80617b970781ccd83738ae1837bf45061a702d8d3,US,United_States,,vless,raw,reality,failed,failed_unverified,0,timeout,2,,
be652b66cb785c447d185146c4a4e9247173cf15d5a099c958b70d4893457765,,Unknown,,vmess,websocket,tls,failed,failed_unverified,0,reset,1,,
be74e98d40d390b4e17166617ea576f4fe517cf877f31a1a3bcc45635fe79755,,Unknown,,vless,raw,reality,failed,failed_unverified,0,eof,1,,
be952abd53f91ba1ffd49cd4cab62ca35be3b851b826246887515c2b7ce1af7d,,Unknown,,vless,xhttp,tls,failed,failed_unverified,0,reset,1,,
be9e7eec4efb695a5a4b732d09d7ef9fec7016d50f8b64906cea7dadf1c8e395,US,United_States,,vless,websocket,tls,failed,failed_unverified,0,reset,1,,
bea08676aab21d6d2a28d444612712dffc50f10fd3892ce07c9eb80a0a47eb35,US,United_States,,vless,xhttp,tls,failed,failed_unverified,0,eof,1,,
bea141cdf7d42e2a2bd2021292b098cae75eec5d0e1b92c342c4b9ca38edeab7,CL,Chile,,vless,websocket,tls,failed,failed_unverified,0,reset,1,,
beac7419cec6be7abba8f6542c2f68c0ad67d4d6d29e9fb59eb0d110276fe8c8,,Unknown,,vmess,websocket,tls,failed,failed_unverified,0,reset,1,,
beb181a1218e262535af61a47c061fb59e71ef41e07d7a2c91626d9f915d5eb9,US,Us,,vless,websocket,tls,failed,failed_unverified,0,eof,1,,
beb7ad3c0ca5571e2552e1fd5c09863090b89d6038681645552edaaf4f03a0bb,CH,Switzerland,,vless,websocket,tls,failed,failed_unverified,0,timeout,2,,
bebe04513ce6f9424ff77d9db3b7d7ba91db51f1a3e32ad2401b7c28a08d8aff,US,United_States,,vless,websocket,tls,failed,failed_unverified,0,reset,1,,
bec6466a3a6751a69e85278ab6f6640b8b87ccc5fab1c3147a143255fb5c2bf8,,Unknown,,vless,websocket,tls,failed,failed_unverified,0,eof,1,,
becbbd68a1ac44353c41b4ed0185b1aae9630b12337ae603db824f29a52e3738,,Unknown,,vmess,websocket,tls,failed,failed_unverified,0,eof,1,,
bedc921229ad7a69ee05a44ebd8e85f2b92a804a6a9f452373aabd4f5fa1d011,FI,Finland,,vless,xhttp,tls,failed,failed_unverified,0,reset,1,,
bee9261e04243ca9b668f44afed5d551be5c0da57c98e948e396f3d80114b6bc,,Unknown,,vless,websocket,tls,failed,failed_unverified,0,eof,1,,
bf059efaeee3fbe1753a43028607729a7691ce761f7ce6d453da62101f21bf9d,,Unknown,,vmess,websocket,tls,failed,failed_unverified,0,reset,1,,
bf139b5de990dfe8ecae777092116828546c1b6230607c2963df0ff97be418e7,,Unknown,,vless,xhttp,tls,failed,failed_unverified,0,reset,1,,
bf1588b3a24aad38112a0a894bcf8fdf87661938cfc45102229033bb49504a6f,US,United_States,,vless,websocket,tls,failed,failed_unverified,0,reset,1,,
bf18e8353693946619a8cc5d3302c1ddf4fe5d96d9b09c9990b405556ef77ae3,,Unknown,,vless,grpc,tls,failed,failed_unverified,0,reset,1,,
bf2894c273ad0fa5f7ad3d6e4fbe28ebbed8e166b0845b340c0d0f7a1f3d49e4,US,Us,,vless,websocket,tls,failed,expired_after_failures,3,reset,1,,
bf4270c5afcb9e645037f0e006484ca4700e97776377e27633407f9963975163,US,United_States,EE,vless,raw,reality,geo_resolved,fresh_verified,0,,1,http,3467
bf4393125a23390a893a0c5c09b66996861ebc712e4df36700d98965944e0df5,,Unknown,,vmess,websocket,tls,failed,failed_unverified,0,reset,1,,
bf636065fa8040ee9d53ecb7620c4d3c0cf681fe3ed32758b776eb18081c72d9,HK,Hong_Kong,,vless,raw,reality,failed,failed_unverified,0,timeout,2,,
bf70b536604fdb692c388f63b733bf854c60e74311198141f8fff8138019e603,,The_Netherlands,,vless,raw,reality,failed,failed_unverified,0,timeout,2,,
bf745a447507d1d9e42eab2768805acce797b3da18f884d3b23038f8aa85f0ae,US,Us,,vless,websocket,tls,failed,failed_unverified,0,reset,1,,
bf98172470ff15c7b17af01dcea255c3a9af9314b1b56563c6bbdc9ba90c37f6,,The_Netherlands,,vless,websocket,tls,failed,failed_unverified,0,reset,1,,
bfae6a63fc3f7104d50e18b19f202a5b311fcff4f2e73a97527a7390e5a1b7fe,,Unknown,,vless,xhttp,tls,failed,failed_unverified,0,timeout,1,,
bfb4541085bb85cb68a066345cd4495ded3ffd3a072c42b650c915e9f75dcb53,RU,Russia,PL,vless,raw,reality,geo_resolved,fresh_verified,0,,1,https,1543
bfbde3573e51949953566e287777d6442bd48da0126a94277521b120bc813cb2,,Unknown,,vless,raw,reality,failed,failed_unverified,0,reset,1,,
bfc384af2964702defe8c5e774fec4c7b48370a4de89a9d58e9ff87665a25053,,Unknown,,vless,websocket,tls,failed,failed_unverified,0,eof,1,,
bfc7b4a7b9a85d35179a6c1f38a313c74ff2b636a1e66328bb1036ba7bcf3879,US,United_States,,vless,xhttp,tls,failed,failed_unverified,0,timeout,2,,
bfca208b860c0771bc3f6c1cb9bc9874d1f0f392b908cc05813921abf1f49722,US,United_States,,vless,websocket,tls,failed,failed_unverified,0,reset,1,,
bff796c0c3978e3d39fb6674d19b197f332dddff12c7b2c921f2de576617b762,,Unknown,,vless,raw,reality,failed,failed_unverified,0,reset,1,,
bffd2749374d5e2fc758e7acfe5e3f844c6ad4dd23e2888714d551b5e8015768,,Unknown,,vless,raw,reality,failed,failed_unverified,0,eof,1,,
c00842ef50f83f943031e39851842009086569d87414fdc23926a0b44d4fb629,AU,Australia,,vless,raw,reality,failed,failed_unverified,0,eof,1,,
c008a3442f28226a8c1780ee781baf502b3f515ce7b33daab5a7bf3912ac45a7,,The_Netherlands,,vless,websocket,tls,failed,failed_unverified,0,reset,1,,
c01294fc3fa1c5e2f4107c649437ad7df4ce1866e02ced44846ac1570561ef49,US,United_States,,vless,websocket,tls,failed,failed_unverified,0,eof,1,,
c01ae9af792f704ef748ff69a5420c804caf177e2318be04e73ccb8fe0391ec2,BR,Brazil,,vless,raw,reality,failed,failed_unverified,0,eof,1,,
c01b4761c7667887626e9719e200bec99230eeb8d7e3990798d9e83dbe066f02,,Unknown,,vless,raw,tls,failed,failed_unverified,0,eof,1,,
c01c2334c27855d5744643c45542823196bcb76e21dda16f1efac6e8d29ee492,,Unknown,,vless,websocket,tls,failed,failed_unverified,0,reset,1,,
c020bd0c2f1daeb7bab46400b5a60edd611d4a449d564ebe120035e519d368d4,FI,Finland,,vless,raw,reality,failed,failed_unverified,0,timeout,2,,
c0291eb995e6d6c425fd5076f7098ad56d6feb685017f4311a31dfe355b65d46,,Unknown,,vless,websocket,tls,failed,failed_unverified,0,reset,1,,
c0456182a93f0bc57e31f18eef47a5746a54425908dfb5299050f2b95dc431de,DE,Germany,,vmess,xhttp,tls,failed,failed_unverified,0,reset,1,,
c0472ea8c52aa43cbc5cc1469bf7257277c909c17f20af53f460d4b25966fa55,HK,Hong_Kong,HK,vmess,websocket,tls,geo_resolved,fresh_verified,0,,1,http,1945
c0568631a30b674126204f92f9435336fc139fd228263f2da51d790bfedcc2db,,Unknown,,vless,xhttp,tls,failed,failed_unverified,0,reset,1,,
c065690f2159b7a84b657b4aa6d6bcf1ae5f1dc47d127094f8379e2d73fa5595,IR,Iran,,vless,raw,reality,failed,failed_unverified,0,timeout,1,,
c06d714309d3f2887eaafc31c88cac7514adf6b636251d960b39c8d5e798cf85,,Unknown,,vmess,websocket,tls,failed,failed_unverified,0,eof,1,,
c072cf872b4a135f70c293c3b1f6c1f58470fb8b9dd6bbb5fb680f6051bd53ab,BR,Brazil,,vless,raw,reality,failed,failed_unverified,0,eof,1,,
c09d54efe48fd3fcf73dae3a6641ebdd74c6ef7da2cffa12ff8ac81945cce36c,HU,Hungary,RS,vless,grpc,reality,geo_resolved,fresh_verified,0,,1,http,2170
c0ab78cf967a5939ff3275bd54e3721305dbc485c5bd5fe7dadea46ddaffd728,,Unknown,,vless,raw,reality,failed,failed_unverified,0,eof,1,,
c0b33eb0b9552bc8ef1014171a0c3ba205537e2ee9b8b5c50e58ce09d333da1f,US,United_States,US,vless,raw,reality,geo_resolved,fresh_verified,0,,1,http,2505
c0bcfac27dacb45ec80880a8370d34d4e082290ad82f8feeb608426b7f923bf6,,Unknown,,vmess,xhttp,tls,failed,failed_unverified,0,eof,1,,
c0c24bac4ec23b9378d11dd94021dae1c615c9cf233e1f29a9ba58eb17a0244b,IE,Ireland,EE,vless,raw,reality,geo_resolved,fresh_verified,0,,1,http,3155
c0c9a92a1617c840b48e5dbb0d73565a2629078570467dce9278a7ff8b8cdbc6,PE,Peru,,vless,raw,reality,failed,failed_unverified,0,timeout,2,,
c0ccaafcc3967db88975bd3705ac8833b1fde1792d765a9e735892030b52b358,,Unknown,,vless,websocket,tls,failed,failed_unverified,0,reset,1,,
c0d17bb4b8fc153f8de8f25a6dc72eee18073c7bd906144c31dee699a43d9110,,Unknown,,vless,websocket,tls,failed,failed_unverified,0,reset,1,,
c0e4ec38018f3b74e32c456c5d80aae9c22bae6a3b857871e2ba246dfd986bef,US,United_States,,vless,websocket,tls,failed,failed_unverified,0,reset,1,,
c0eb4276177a99bfb209b14b930aee6a824d853a17d6b21fcafb0221268d585e,AE,United_Arab_Emirates,,vless,websocket,tls,failed,failed_unverified,0,reset,1,,
c0f06ea79a71f9674dab335aa9c8b0f8f09a8eaab5ed4337c3c622fd84d31234,US,United_States,,vless,raw,reality,failed,failed_unverified,0,reset,1,,
c0f8828c5185e4770927c703058bc32c746dcb1b961332dda9f3c4e0f23873e7,BG,Bulgaria,,vmess,websocket,tls,failed,failed_unverified,0,reset,1,,
c1068411556c445b7f7e2ed3e6d076fb3db8ad91cbfd971511f05fe8daf4206e,GB,United_Kingdom,,vless,grpc,reality,failed,failed_unverified,0,timeout,1,,
c107f9261b4f095ed50b50360cd6c256ca55628bbec3bfa6de12e784eb9525d0,,Unknown,,vless,grpc,tls,failed,failed_unverified,0,reset,1,,
c10e4dca397437584329b1f6a033073997cf89025a92e16989603ede65250e5d,,Unknown,DE,vless,xhttp,tls,failed,preserved_last_known,2,eof,1,,
c12364f7b8d507fa6f37ac390e747a0f453f2f53397769a7d066ecc32d4c8d89,DE,Germany,,vless,raw,reality,failed,failed_unverified,0,timeout,2,,
c12612e56167f742b05add192cceb86dfdb27533cca1b07b7c9ecbdbc83199b5,,Unknown,NL,vless,raw,reality,geo_resolved,fresh_verified,0,,1,http,3761
c1300edf0f5420cdb29758107bb931e982fc4acdbf8e2e421175aaa37967229b,BG,Bulgaria,,vless,raw,tls,failed,failed_unverified,0,timeout,2,,
c130db860df2b4c84755449af360901c3f64a951218735df47940d5bd62dc3d8,,Unknown,,vless,websocket,tls,failed,failed_unverified,0,reset,1,,
c138edf25a97c3aa12605ab7da99fb0e8d3130b225aa4738adfcc555766a9e35,GB,United_Kingdom,DE,vless,raw,reality,geo_resolved,fresh_verified,0,,1,http,2555
c14f4eaa7b36ae72643619b41209f2843e030f156007557a62982638775a34f3,US,Us,,vmess,websocket,tls,failed,failed_unverified,0,timeout,2,,
c152f28a81619d294ed3f46c1bfc0c3e044abf8def22b42d3b4918f2bcbdf4eb,CO,Colombia,,vmess,raw,tls,failed,failed_unverified,0,timeout,2,,
c166e527f62edf592d70181446805a25de7d6da520de170290a903003c369e94,,The_Netherlands,,vless,raw,reality,failed,failed_unverified,0,reset,1,,
c168f9cb573aca5e3effa41426b9c33a3a82bab542e6eae01eaddfffe0139b6c,US,United_States,,vless,websocket,tls,failed,failed_unverified,0,eof,1,,
c175314eae59f1cbfdbb8f41282ce8e91da61121a335c3ad37aa77b33da77ffb,,Unknown,,vless,raw,reality,failed,failed_unverified,0,eof,1,,
c181761929fbe86189daad23801f88bfe24362a8781f9761501bddd0a26e1f2a,,Unknown,,vmess,raw,tls,failed,failed_unverified,0,reset,1,,
c184a6f4f060197c3b3f1cca12728c1d81f74ff07129d2f36cfa30a58458787c,,Unknown,,vless,xhttp,tls,failed,failed_unverified,0,eof,1,,
c189b2dc1e684697d2463790e1989bfbde68a5bb69583f1ceabab299ed981c5f,,Unknown,,vless,websocket,tls,failed,failed_unverified,0,reset,1,,
c1966884935e16bc34d45ab390788c6ee7a02d26ee4b046ee6b4b54f3db26fe2,,Unknown,,vless,xhttp,tls,failed,failed_unverified,0,eof,1,,
c1995b7fc1fd199e6a68ef6dee40d3d384d4ca2ef810d6ada469d40f40eedac5,,Unknown,,vless,raw,reality,failed,failed_unverified,0,reset,1,,
c1af702278127fe037d62daf0ec6a485a0562f5fd61e2f6b558c3149b2042e70,FI,Finland,,vless,raw,reality,failed,failed_unverified,0,reset,1,,
c1c669549c9e12ce53afa74dd35c81f105587e6b78dc64b49b2cb54832b73c47,CA,Canada,,vmess,websocket,tls,failed,failed_unverified,0,reset,1,,
c1cfa72beb90d4983742a6065cbd6b1b308de6ae8d3bef34aca8e23bc9b2182c,,Unknown,DE,vless,xhttp,tls,failed,preserved_last_known,2,eof,1,,
c1e45036bf194619469e75ea7459e89a1697159a1a32ea7ae7a0f5ce292ff1bc,GB,United_Kingdom,,vless,raw,reality,failed,failed_unverified,0,timeout,2,,
c1f4c894de0b255cfd75b185609e70b4f629a0dc3936ea651f761c1d8f1083ee,US,United_States,,vless,websocket,tls,failed,failed_unverified,0,eof,1,,
c1f9c15c5694ab759fdee7fa69dd060f690c107870fd51594eb3dac2b281592a,US,United_States,FI,vless,raw,reality,geo_resolved,fresh_verified,0,,1,http,2708
c2011af05e0968bc4a885cf5c56fb55bf4159882a1d2234c1b7d3deb5a66e51f,US,United_States,DE,vless,websocket,tls,failed,preserved_last_known,1,eof,1,,
c21d802d235b53566a3648c5aac43ce2a1b20f2ac518fd1445f6b35eb6db928d,,Unknown,,vless,raw,reality,failed,failed_unverified,0,timeout,2,,
c22c9f88032944d7e26c3bac2af7b8049a44c01c65cf4b8c0c8444052506342f,US,United_States,US,vless,raw,reality,geo_resolved,fresh_verified,0,,1,http,3606
c24baff4986507b60d506e3cf45b5a6385b8f85da6412b47215a1c0c1af30fe2,US,Us,US,vmess,websocket,tls,failed,preserved_last_known,2,timeout,2,,
c2561b59032e003a1da69c655a1635fafd637034627b264cb8d5080d5ea4d2c2,SE,Sweden,,vless,raw,reality,failed,failed_unverified,0,eof,1,,
c25a6e0222fca9411a07bfa4730a0b4d30bd189b0af73ae377f2308729ce4cf6,RU,Russia,,vless,raw,reality,failed,failed_unverified,0,eof,1,,
c261a0ef759e010106445380a33373c8bdd01c178801c232992de111538358cb,,Unknown,,vless,websocket,tls,failed,failed_unverified,0,reset,1,,
c2726e6f4a4ca8f69435cf943e185e09b6506506293d185711aa22d132b15ddb,US,United_States,NL,vless,websocket,tls,geo_resolved,fresh_verified,0,,1,https,259
c289f2cb48ca5b63c21f43173292dbce3cfe91a834b0692d8d3abcf55aa4f606,,Unknown,NL,vless,xhttp,tls,geo_resolved,fresh_verified,0,,1,http,2112
c2938b0b89453a6b59c2b7433742ded5d8276744151f1ae73bbe7a5a2b8ebdbc,HU,Hungary,RS,vless,grpc,reality,geo_resolved,fresh_verified,0,,1,http,2174
c29ec02a98bc0a5e48e354cd789d41706c803316e535e8c4ec84da88aa8e2033,,Unknown,,vless,xhttp,reality,failed,failed_unverified,0,timeout,2,,
c2a8e0bc3d3293f5d42172870b491ed4567f92ae84d2ba022ae7a7d7359103c4,US,United_States,,vless,websocket,tls,failed,failed_unverified,0,eof,1,,
c2c1360033b2474d380ef352dbe2a09758578a8996165bd1bf4964ae9834a7aa,DE,Germany,,vless,grpc,reality,failed,failed_unverified,0,eof,1,,
c2d0407f5ac98f04407be60c39b65fb7aeaa264a502ac65d5ceb057026722a2d,,Unknown,,vless,raw,reality,failed,failed_unverified,0,reset,1,,
c2df5f3a37c52504a12aab9de4fd4a6df76eb59789756c9a042b75bad0257c6d,US,United_States,,vless,websocket,tls,failed,failed_unverified,0,reset,1,,
c2e293ea0e476ee9d1e013ecf9a3f89068457e699bec3d6c3a02e5db2b3ebe4b,GB,United_Kingdom,,vless,raw,reality,failed,failed_unverified,0,eof,1,,
c2e2da217ef177428d5f96dd316be65aa4871c46a09d1553c48c0dc9a4679648,,Unknown,,vless,websocket,tls,failed,failed_unverified,0,reset,1,,
c2e6b4f7456811b70fe5398e2508b80156e7fb9766de87619017c32ee2dcec07,,Unknown,,vless,websocket,tls,failed,failed_unverified,0,reset,1,,
c31c9cb8db8fba63a256deff9502031d498a5fbe945c933adcb24a4b39ffb6de,,Unknown,,vmess,websocket,tls,failed,failed_unverified,0,reset,1,,
c338062975b085c27dcfc736a29cfffd5b2310fafe82b428deea1103682b074c,,Unknown,NL,vless,raw,tls,geo_resolved,fresh_verified,0,,1,http,2133
c33af6691cd9723c847fd0a09e172ac8ab8301761325d0a77e57e09383ce347f,,Unknown,,vmess,websocket,tls,failed,failed_unverified,0,reset,1,,
c35fdd75a3017775030adec28c7259d795e5410e5fcc5176ee4a19c39e7d760d,,Unknown,,vless,xhttp,tls,failed,failed_unverified,0,timeout,2,,
c367c7edd30cdb50c480924a71cff6c43df9fb35de28fca2697b5f76c280b061,HK,Hong_Kong,,vmess,websocket,tls,failed,failed_unverified,0,timeout,2,,
c368e8e228bb141da97ec1294ba4d8559ddb5d3caad6698ee46d0d0993a8da1b,,Unknown,,vless,websocket,tls,failed,failed_unverified,0,reset,1,,
c37068107702bebf818a279754821d1be5949fc8bfd1795de7cf88e4f785eaad,RU,Russia,,vless,grpc,reality,failed,failed_unverified,0,timeout,1,,
c385bcd3950f781803acb21a0e9aecf32fe85023914280a088caf72a699c1569,US,United_States,,vless,websocket,tls,failed,failed_unverified,0,reset,1,,
c38603df18b3a35df8bff847bdaa60a94b08cfdc622250a990e051714a19a1b1,FI,Finland,,vless,raw,reality,failed,failed_unverified,0,timeout,2,,
c3ad0cafeaaed7f61e154fb240ebca942df27db795df6e32387c9df64f0b4ac0,,Unknown,,vless,websocket,tls,failed,failed_unverified,0,eof,1,,
c3d2463073332ce794cb6974c419c538d4d638c5b08a1c6cca3cbfbf5f97fcbc,ID,Indonesia,ID,vless,raw,reality,geo_resolved,fresh_verified,0,,1,http,1575
c3dcf1d5e6a9a9a5feacfefa95b0dba586518820fa89c9f8a2f10d6ce2e713c9,,Unknown,,vless,websocket,tls,failed,failed_unverified,0,eof,1,,
c3e2edea290200b04636cb95b71a0dfa51c896b61cc516e9ee474cf335a40211,US,United_States,,vless,raw,reality,failed,failed_unverified,0,eof,1,,
c3e7fe09d914c17be2676a9e41ef1678b7250f4bffa4e075f10ac62b2d4a39ff,CA,Canada,,vless,websocket,tls,failed,failed_unverified,0,reset,1,,
c3ed7f74fef75b43c9444cfb2b24007269fc6ef540bf55a32997e1c4e24d3c9e,US,United_States,,vless,websocket,tls,failed,failed_unverified,0,eof,1,,
c4253debfedc8289b0fd70ac504e626f6fdacb450e1c0fe5ffbe918096e9b73c,GB,United_Kingdom,,vless,raw,tls,failed,failed_unverified,0,eof,1,,
c432e3eecf2b01e2e7ed655bc8310289e3af10e8136f3fcf9d6018cd2a0953c1,HK,Hong_Kong,,vmess,websocket,tls,failed,failed_unverified,0,timeout,2,,
c43c0cf7abb9098d3f20d5656879ea859912aac37ce72757823f44b47fb4b537,,Unknown,,vless,raw,reality,failed,failed_unverified,0,timeout,2,,
c450cce89bfc2b9091139a8a747556fba738b7c690cee8c103b965fb51577420,US,United_States,NL,vless,websocket,tls,geo_resolved,fresh_verified,0,,1,http,1480
c47006e99dc8651edc8c1008812847c1a657d301f11070513880adbae42c2467,,Unknown,NL,vless,grpc,reality,failed,preserved_last_known,2,eof,1,,
c4735a1c3a0b18d92ea02c3d6515226f8b9235c866d089b7266565b1faf93abf,BY,Belarus,,vless,raw,reality,failed,failed_unverified,0,eof,1,,
c48dfb5b01345bc6bfeb77c5e3e917bcb874c94a16a1bc43b05788695c6644e5,,Unknown,,vless,websocket,tls,failed,failed_unverified,0,reset,1,,
c4908d023d7be3d53814ab6d916be3774df9a7b7deca8758d5ae3d05e7ce2bd1,SG,Singapore,,vless,raw,reality,failed,failed_unverified,0,eof,1,,
c4a6c0575cf68e086d41eafcff68a61a539b3d17efe56ba914bb56e46f07ec8f,,Unknown,,vmess,websocket,tls,failed,failed_unverified,0,reset,1,,
c4a7322eaaf37dd5e068a8bbccaa02dab5e2bac99f53e26717e4a9613aa24ba9,RU,Russia,FR,vless,raw,reality,geo_resolved,fresh_verified,0,,1,http,2244
c4aeb3f5e2ed25b10cecd08a2a6c40aed1b2833b9ffa74ac84c3690cd05ca3bc,,Unknown,,vmess,websocket,tls,failed,failed_unverified,0,reset,1,,
c50a47f764bdc92c739d0ece9399996af029f747e87cda9044d32af7c5cb3304,US,United_States,,vless,xhttp,reality,failed,failed_unverified,0,timeout,2,,
c50a68b0dfb3d573efae74d79626ebb7fcd22f6e9f83b0d59b09973b1569c61c,,Unknown,,vless,websocket,tls,failed,failed_unverified,0,reset,1,,
c5140a1cce3347d344f1eab2df2a3d1cd1622561585623020311b4b69a0460bd,DE,Germany,,vmess,websocket,tls,failed,failed_unverified,0,reset,1,,
c52f1c02f93048fd28748baec747efe05b1019fe7e263d671a989e4f47780444,AU,Australia,,vless,raw,reality,failed,failed_unverified,0,timeout,2,,
c530b1b3a4a927734d4fd0013e2839c2f9e8cbb520c1b7c51392885169e81c84,,Unknown,,vmess,websocket,tls,failed,failed_unverified,0,reset,1,,
c53d02880437cbeee6846e683112a8e73397a0c82ff9c3a763aaf4f78900f685,FI,Finland,,vmess,websocket,tls,failed,failed_unverified,0,reset,1,,
c5767ca4886e88c96d2ba9b108b4c84f318bc64ce3e04ebcdcdfdc7635172882,DE,Germany,,vmess,websocket,tls,failed,failed_unverified,0,reset,1,,
c57c6ee08bb68ae9ac7f01886c46f4492eb9e2eabb2f5cd62020d949c03a7dfa,,Unknown,JP,vmess,websocket,tls,geo_resolved,fresh_verified,0,,1,http,2083
c59047aff8254bc520cfceceed642d59674c3adfa3fd7816c3c0096497d8669f,PL,Poland,,vless,raw,reality,failed,failed_unverified,0,timeout,2,,
c5a4dbf8465d023c4aa4102952f7e154ae82d6ade20cca82697f22fc3f50942a,,Unknown,,vless,raw,tls,failed,failed_unverified,0,reset,1,,
c5a5e124c2bbd462a017d43a680bc671ecdf0d5a9111eb3ade1a9ead6a083158,,Unknown,,vless,websocket,tls,failed,failed_unverified,0,timeout,2,,
c5a79b0c6fea0b34ac8f6870bf7c2b3a5c8f667884dcc62141a5a03d39fb4884,GB,United_Kingdom,DE,vless,raw,reality,geo_resolved,fresh_verified,0,,1,https,2973
c5ac75587dcd60be5959d0acf30c13c5df1b483b41bb695bd93b8cdbc3157b91,,Unknown,,vmess,websocket,tls,failed,failed_unverified,0,reset,1,,
c5b1fa94d7d2111269423ab1a67b6c76cb6ab2d49df3f3d450dfc85fd270a10a,,Unknown,,vless,raw,reality,failed,failed_unverified,0,eof,1,,
c5bee4a77bac7657f2975aa4608748123857426e5f38986899d67475409b5e43,,Unknown,,vless,grpc,reality,failed,failed_unverified,0,timeout,1,,
c5d6a20c34c02b27d21fb0018da444875087278b731f322b0af1c7dab61ac766,CA,Canada,,vless,websocket,tls,failed,failed_unverified,0,reset,1,,
c5d6e0e92b2fdc550edf2fb85b24b9ee1eed41eb638a07455aedcb321c217602,US,United_States,,vless,websocket,tls,failed,failed_unverified,0,reset,1,,
c5def8f5923d4ccdf88b32925d1fc5c8dd84e7665fd6d1969a60ed9a79a31222,FR,France,FR,vless,raw,tls,geo_resolved,fresh_verified,0,,1,https,7652
c5e83f7fd5a3d90ce966153c2750e5cdcccc3435adb7bd939de16293fad6dc34,AL,Albania,,vless,websocket,tls,failed,failed_unverified,0,reset,1,,
c5ecbb41f635de9586f7d9d9ef55d4f9f6177f93e7f631fec9b75173f5dba543,,Unknown,,vless,raw,reality,failed,failed_unverified,0,reset,1,,
c5ed933ea288ea36a10949dc57f0ba9e64145b7ee4d6443fa246fedcce564789,JP,Japan,DE,vmess,websocket,tls,failed,preserved_last_known,2,timeout,2,,
c5f1f2de77176d2f32bdd3bcb85a3e7ae9843147a353ed99ecf3f74e8d441be1,,Unknown,,vless,websocket,tls,failed,failed_unverified,0,reset,1,,
c5f5edd45b6cf072ec3bb1356b6d5ee2098bd8c5aa33d68025f4e6eabe7f5148,AE,United_Arab_Emirates,,vless,websocket,tls,failed,failed_unverified,0,reset,1,,
c5fb3796f0fe9c74da8adc154b9a5b254a5b8957cd5a1a1ea45b4b07d9089d74,,Unknown,,vless,websocket,tls,failed,failed_unverified,0,timeout,2,,
c61678d3e37497bd9fbd4dea3400c72819b6f4a7d3ea2409c89846ec10215911,,The_Netherlands,NL,vless,xhttp,tls,geo_resolved,fresh_verified,0,,1,http,3229
c6199e19c8d8d203eb21c48515892a24161450afc391dc88cafc5672df2acea6,,Unknown,,vless,xhttp,reality,failed,failed_unverified,0,reset,1,,
c627d41a3209456cdcbeee7076edcd033220bdef7f2d8fc7c774325dd113d978,,Unknown,,vmess,websocket,tls,failed,failed_unverified,0,reset,1,,
c62881c0f8c6dc7217519dd6f2b57a536075e2d01c1310ff155709314850933d,GB,United_Kingdom,,vless,websocket,tls,failed,failed_unverified,0,eof,1,,
c654db4767415fb7376f64d693fd950e7371cafededd784a4f3135162b38567d,AE,United_Arab_Emirates,,vless,xhttp,tls,failed,failed_unverified,0,reset,1,,
c654f0bf4d9ae98c080996a822d8cef12cc161ecf80842d66c53defe4b92c9ab,,Unknown,,vless,websocket,tls,failed,failed_unverified,0,reset,1,,
c65bc07fb01e0a1471d099bf5577db84de6156a67e6734280a3f6f7653dcfa39,RU,Russia,,vless,websocket,tls,failed,failed_unverified,0,timeout,1,,
c66a3c5204e8b8fc83986ece527846aa6eac0acf80ae88fc8bd9ff9e1d4cf5c3,,Unknown,,vless,xhttp,reality,failed,failed_unverified,0,timeout,2,,
c67acba5779f91ba25a269b55db45b563128c047a90a09701409cc438c313f5a,HK,Hong_Kong,HK,vmess,websocket,tls,geo_resolved,fresh_verified,0,,1,http,1779
c67e1227d3771c9c1131effaec9d2d9e911be1d3253169c8535772b737a734e7,US,United_States,US,vless,raw,reality,geo_resolved,fresh_verified,0,,1,http,3421
c6990895277dfdc3a2e4ba10f1bd48ab82ef9fd510833f96343672c0fac28a78,DE,Germany,,vless,raw,reality,failed,failed_unverified,0,reset,1,,
c6aba2cf4b0e14db81d706b7d7006765cceeb0c6bb738f43b070dcb924613661,SG,Singapore,,vless,raw,reality,failed,failed_unverified,0,timeout,2,,
c6b66aab6244537435a5fbeade8441a44c7339a2a347d2ec4d6e1704ab589bdd,,Unknown,,vmess,xhttp,tls,failed,failed_unverified,0,timeout,2,,
c6ba8005b01f7209b28dda135f6c8dd22477a515abda52f36e127e1862e31669,CA,Canada,,vless,websocket,tls,failed,failed_unverified,0,eof,1,,
c6d44b24928f14bcceada2a93e364eb9cae18934ea6b2635f038a230eef891bd,AT,Austria,,vless,websocket,tls,failed,failed_unverified,0,reset,1,,
c6f00ccbe227a6608952cd487311f239d013a9b90427f181d61c83e704b85f03,GB,United_Kingdom,DE,vless,raw,reality,geo_resolved,fresh_verified,0,,1,http,2249
c71be965ad208bbf63533923bd8401a7a2fb0a7f9285270af34311f14e569201,,Unknown,,vmess,websocket,tls,failed,failed_unverified,0,timeout,2,,
c7208aa021f113d3e6dc13add668990e8cfe3e0467df32693c2935ebd4ffd189,,Unknown,,vless,xhttp,tls,failed,failed_unverified,0,reset,1,,
c72c427ccfe6de4855ef516d1f7ad10d7529426b8f4676dd041e1c434c9cbb31,,Unknown,,vless,websocket,tls,failed,failed_unverified,0,eof,1,,
c73137d7c8ce07723237be4fe3bfe45a35a7a938e147a20f8e018f358ff032d0,NO,Norway,NO,vless,raw,reality,failed,preserved_last_known,1,timeout,2,,
c748f10a59fcd606361530b5bee3855243e034971adae22c269bf40308b6a6a4,US,United_States,,vless,websocket,tls,failed,failed_unverified,0,reset,1,,
c74a50ddaa9e9a02efa64649d16ff28fc899dd8189eaa4f7cb365490aafd441e,,Unknown,,vless,websocket,tls,failed,failed_unverified,0,reset,1,,
c74d76c138e7720a7e5a6f65a4f123d1d64ba07615c5f0300631eb5754a00bf2,IE,Ireland,NL,vless,raw,reality,geo_resolved,fresh_verified,0,,1,http,3105
c74ef2ef092b78d845e803b2bd7ac10bb1bd7b2f545628074b52a8824ccb6582,,Unknown,,vmess,websocket,tls,failed,failed_unverified,0,reset,1,,
c757da0cef2f57dc379bf977ce8b73b1c26cf89763bed24d19d653cf516478cb,FI,Finland,,vless,raw,reality,failed,failed_unverified,0,timeout,1,,
c77544dae0b569fe0fd5295f089d2a06db202495c513b2dd9a23e9678145db51,US,United_States,US,vless,raw,reality,geo_resolved,fresh_verified,0,,1,http,2492
c77b572ffbcb3981fddb4b4d17c252e31a847feae189ddda68627ac2eff1e413,,Unknown,,vless,raw,reality,failed,failed_unverified,0,eof,1,,
c784188a3da21e03270b6038f246c0f5d276d396eeb2ee2b21a625a63e8d9f97,CH,Switzerland,,vless,grpc,reality,failed,failed_unverified,0,timeout,1,,
c78ac55c913079e2c4bf3ce436b3c06a07243fd6b9767e53d6681b17d807a165,,Unknown,,vless,websocket,tls,failed,failed_unverified,0,reset,1,,
c790fee05faa4b0798b01eba2e542ab04efa783f5e1c56b5c47740db165f961a,US,United_States,US,vmess,websocket,tls,geo_resolved,fresh_verified,0,,1,http,1433
c79b61543c331cf687e15590c2fd4ddea0d3bc765a9e12945a87677ff6667b52,IR,Iran,,vless,raw,reality,failed,failed_unverified,0,timeout,2,,
c7bfcc5395a74d81e865bc7423ab33043fc246e82064a44770225b6d9a75f32a,,Unknown,,vless,websocket,tls,failed,failed_unverified,0,reset,1,,
c7d734e213157922ce6b810a5bf8b1658849b9252bcd610447e7c75ebf77f846,ZA,South_Africa,,vless,raw,reality,failed,failed_unverified,0,reset,1,,
c7db10167fbc741ef12d9fc1b49abb95ce33fd072c6c13f538f00c862ebf102c,,Unknown,,vless,websocket,tls,failed,failed_unverified,0,eof,1,,
c7e35a3400c2f7116bc26872d6c36baefda750ce07b0ffa18db672a49d060646,,The_Netherlands,IN,vless,raw,reality,geo_resolved,fresh_verified,0,,1,http,3879
c7e814000c12625ec0807fa65b02f5d8f5c267e272ac79501d778df476512fb0,,Unknown,,vless,raw,reality,failed,failed_unverified,0,eof,1,,
c7f05504cb165f5ec6a75aad75bd2fb876298ab162a1086a80cb42d3f44d5e77,US,United_States,,vless,websocket,tls,failed,failed_unverified,0,reset,1,,
c7f0bb78d1602e32f926627b0c46e6558bdc9e741d643ea6c0bfc9b404e936f3,,The_Netherlands,,vmess,websocket,tls,failed,failed_unverified,0,reset,1,,
c80b6e4c3abe9309982be6d05ab2348d8a826b9461ed1e5f293cb7238ab53d25,US,United_States,,vless,websocket,tls,failed,failed_unverified,0,eof,1,,
c818cdcff3f2630a99d301ee177ec3e662cbcf4ff6b5b33c62d5f4ef6f41f969,,Unknown,,vmess,websocket,tls,failed,failed_unverified,0,reset,1,,
c83184d8f0b98210011bfdb6a7fa36ccc56e68e871d558e9c842327429736cec,GB,United_Kingdom,NL,vless,raw,reality,geo_resolved,fresh_verified,0,,1,http,2067
c834725c3bc09f3b0e2fd397305e3fa8989cccdc040e9dbfd8e2653d72be554d,DE,Germany,,vless,websocket,tls,failed,failed_unverified,0,reset,1,,
c845361fd918cb3448aaa3f100715519185013f63ef5af048b26da10422ca319,SG,Singapore,SG,vless,raw,reality,geo_resolved,fresh_verified,0,,1,http,1501
c85da9af409e28a71babdc2f3ebc3e78f6b9bfe0969609b79d3fc3bca8e34103,US,United_States,,vless,grpc,reality,failed,failed_unverified,0,eof,1,,
c865073e64705f4337d254ae1b70b319792839e0f0471665fc291deb442ff74f,,Unknown,,vless,raw,reality,failed,failed_unverified,0,eof,1,,
c88a35854a173ad6305fed63ea6e2fe792f479e3166a21eb5dcf03f4a22152fe,GB,United_Kingdom,,vless,raw,reality,failed,failed_unverified,0,timeout,1,,
c89831193cbe40abd5951f42f9b362e46c23dc1a5d8b805280f6962d0dd8a87e,IE,Ireland,DE,vless,raw,reality,geo_resolved,fresh_verified,0,,1,http,2326
c8a2c334e47e9895908426412b93dd3f5b6d8bb61d0a4b439261897177b2f791,SE,Sweden,,vless,raw,reality,failed,failed_unverified,0,reset,1,,
c8d5421f6f0fbc2263ebf3ea9cff51ef882ab57be98c2eabe0510a14539a6a48,FI,Finland,,vless,raw,reality,failed,failed_unverified,0,timeout,2,,
c8e30a664cbf01989dc9ac9196c10de6b2ab23dec751d9a9c6af330c371f809e,BR,Brazil,,vless,raw,reality,failed,failed_unverified,0,eof,1,,
c8e6632d40d7f08da7e3e58e2841b0d37f75054228f6ebeec6fc7714088955ac,JP,Japan,,vless,raw,reality,failed,expired_after_failures,3,reset,1,,
c8ec29c37ae17b3250745e5bea4369dd28f09c5392a52162413d1cdf38c04622,GB,United_Kingdom,DE,vless,raw,reality,geo_resolved,fresh_verified,0,,1,http,2256
c8f0118c14f7c62926fd0fa6f557144a442f6fb29e49dd4856bd6a72363cbb0a,GB,United_Kingdom,FI,vless,raw,reality,geo_resolved,fresh_verified,0,,1,https,5187
c8f56c3f159bf55cd8c5e4ddf73cee822f32b8ddc4950c405f6d75697bb73002,,Unknown,,vless,grpc,reality,failed,failed_unverified,0,reset,1,,
c921b25f97d5c150f61e4c6bfe4789620fe1acbcbed323da66135f5b08710c55,,Unknown,,vless,xhttp,tls,failed,failed_unverified,0,eof,1,,
c92eb88c01dd968defadd3d14a597ed50ee8f50db893516bf122486287df846a,RU,Russia,,vless,xhttp,reality,failed,failed_unverified,0,eof,1,,
c956f99bd0ce5b11b0798bdeb386599584f9f5d09e3b9358700882a7214250df,US,United_States,FI,vless,raw,reality,geo_resolved,fresh_verified,0,,1,http,2119
c98ac447a6a9aec6811426585b4595032b3a23a4a9c8fc34344d43e1dd60e53a,US,United_States,,vless,websocket,tls,failed,failed_unverified,0,reset,1,,
c98d9199c1dced437c48c1314267d8482dce81b714b8688b919dcfafae7ef712,RU,Russia,,vless,websocket,tls,failed,failed_unverified,0,reset,1,,
c98e7971923fe47afa1205113217b0786bcc7e4ffe01abde978958e30b970b63,HU,Hungary,RS,vless,grpc,reality,geo_resolved,fresh_verified,0,,1,http,2166
c9a27485f027ad823f5c18229f29ae9c5cb62ee195b03d6bce4ec18a2345d97e,,Unknown,,vmess,websocket,tls,failed,failed_unverified,0,eof,1,,
c9b01a4e4f82e4a334c0bcceff6b3b5f878dacf4538f343b28ecbd2525fe1536,,Unknown,,vmess,websocket,tls,failed,failed_unverified,0,reset,1,,
c9c39a975de40338d35a1ee1ec407ab9b3112195acbdee2e89d77fdd6ca2c2f8,,Unknown,,vmess,websocket,tls,failed,failed_unverified,0,reset,1,,
c9c7cfd27e55f9da39ded0f9679eb9faba082b4dc2e8c8a71a4e8d19fa5821d3,,Unknown,,vmess,websocket,tls,failed,failed_unverified,0,reset,1,,
c9cc5d0eb6ce2f6104c7222dc1b126513e2cc90a222277ce2c5e7c56a1c6ad0d,,The_Netherlands,,vless,grpc,reality,failed,failed_unverified,0,eof,1,,
c9d5c0957a7d2e9ec4858044291406ce957aad9510339271151e133758099086,US,Us,,vless,websocket,tls,failed,failed_unverified,0,reset,1,,
c9d7fc5fd62a5476e0069400940d05dbe194d00e4bfeddf79532e31049436fa6,US,Us,,vless,websocket,tls,failed,failed_unverified,0,reset,1,,
c9e126207ba79df80d344243d00e039b4a35123b38553ec6f353cc768cd8becc,BR,Brazil,,vless,raw,reality,failed,failed_unverified,0,reset,1,,
c9e1aef7586f3bb28021ca547c95160c231c2845c090f1467d8d01bf351276d9,DE,Germany,,vless,raw,reality,failed,failed_unverified,0,reset,1,,
c9e25414bf6e86e89afdbba1c793f7dfdae8ba3276a82c0b810fb8a9c8fb835f,,Unknown,,vless,raw,reality,failed,failed_unverified,0,timeout,2,,
c9e6b70932ba16de13328558e2027ff0796599695977131a5b41ba8d38494c0a,US,United_States,US,vless,raw,reality,geo_resolved,fresh_verified,0,,1,http,2351
c9f2021d27fc41ec2ad73d99b0d6f07d9128161ccdc14a557247e40284716180,,Unknown,,vless,websocket,tls,failed,failed_unverified,0,reset,1,,
c9f50a3992fd9a07fa8356a32edfa9eda6cd2bb9d4318ec69ac737bf27984279,,The_Netherlands,,vmess,websocket,tls,failed,failed_unverified,0,reset,1,,
ca00f3c0a360f4ec8f8f9246b1dbb6f4751ebbcf551d033c4ad723cdcf9b55ef,,Unknown,,vless,websocket,tls,failed,failed_unverified,0,reset,1,,
ca10ed07c2f8967b2a00fc77ab92e8bd413fb0202d9d5d70ee9ace0443cc9f68,LV,Latvia,LV,vless,raw,reality,failed,preserved_last_known,2,eof,1,,
ca12d12f0ae42aa5c372d1f3bc0cba8a22d846deb48d9a6a80f5f2336378e130,,Unknown,,vmess,websocket,tls,failed,failed_unverified,0,reset,1,,
ca17f1284a676b6a9bbca8683063719548295b4c41b1df91a3411cdbf28453fb,,Unknown,,vless,xhttp,tls,failed,failed_unverified,0,reset,1,,
ca339fbbdd3721ab94cf5dd79e3fc9671fa3c9c96a239826a287a471df47ea7a,US,United_States,,vless,raw,tls,failed,failed_unverified,0,reset,1,,
ca5b090f249201390c2a3a29b5855712f233d6e5eafff939a910e3c2b35f3635,,Unknown,,vmess,websocket,tls,failed,failed_unverified,0,reset,1,,
ca706462a0ded15eed072b4d0b4379b6e5a103ee7260cb5132b2cda78445bbe4,LT,Lithuania,LT,vless,raw,reality,failed,preserved_last_known,2,eof,1,,
ca7c5c23a4c27abd05ab86d957ea03ecdad29412e097661dbadeac1e540cb313,PL,Poland,,vless,raw,reality,failed,expired_after_failures,3,eof,1,,
caa03eb4bfa2428dcb9361d0e23db615d362bd99d5ed86dee8e964e360b751dc,,Unknown,FR,vless,raw,tls,geo_resolved,fresh_verified,0,,2,https,6457
cab9db16a49690eab04c7f62a3bc1545257169e2ea9b86e466ecc56eac564407,DE,Germany,DE,vless,xhttp,tls,failed,preserved_last_known,2,eof,1,,
cac40b72318cf05ff44086cfc425832723603f7a7faa6db047c8cfe9dc61bcab,,Unknown,,vless,raw,tls,failed,failed_unverified,0,timeout,2,,
cac90242a469b0715e4d0cf8560bf31c48e5b2d551152f6013a089a8d93d42da,RU,Russia,,vless,raw,reality,failed,failed_unverified,0,eof,1,,
cad6a143953886620af5aa9ec6e8f6895fe920f62bfba9b59ddc5aa3ccee9333,GB,United_Kingdom,DE,vless,raw,reality,geo_resolved,fresh_verified,0,,1,http,2092
cb043bea907dfcf7b45fb242aacd1407316b225cf291242a3ee7695be960bff4,DK,Denmark,,vmess,websocket,tls,failed,failed_unverified,0,reset,1,,
cb04974006efd29c244e780422b0a4192ff03ac14b5736b94d801c4a296932cf,MD,Moldova,MD,vless,grpc,reality,geo_resolved,fresh_verified,0,,1,http,2212
cb0b36771fb5cac1404eb7de0ae660ee7325be58c405f9ddb003ab9b7e0b8e9c,,Unknown,,vmess,websocket,tls,failed,failed_unverified,0,reset,1,,
cb15cdd70700b8d0ac9a4634c63718e1b0fcb6364729a54a83b938414892137a,US,United_States,,vless,websocket,tls,failed,failed_unverified,0,eof,1,,
cb182cca78b8a9f918ff1be654c48e92c94e7ea77b2a08db22eba8c13749fdfc,DE,Germany,,vless,websocket,tls,failed,failed_unverified,0,timeout,2,,
cb206926dbf09a96c640a2495d5170c01bd0e2b1b4c80600284c4688975d5f62,AT,Austria,AT,vless,raw,reality,geo_resolved,fresh_verified,0,,1,http,2106
cb2c54434a2bc956b6140726c187bdd11c80e48a12203c43f2d03d8d7d7c1c29,US,United_States,,vless,websocket,tls,failed,failed_unverified,0,reset,1,,
cb367180ab5ffe8d01f5600df0b7524070f81c480676552fb68a8f3dbeb3ebaf,,Unknown,,vless,websocket,tls,failed,failed_unverified,0,reset,1,,
cb38763deea8069a3b83c366e43cdae901df340f7f6fee193af49231dd39135e,MD,Moldova,MD,vless,grpc,reality,failed,preserved_last_known,1,eof,1,,
cb5a9460a9f74209d442cc7330c022c30883fe9ef6421fbbe00486d414e91a75,US,United_States,,vless,websocket,tls,failed,failed_unverified,0,reset,1,,
cb838b1c17aa9ab7558e12c1f730ff1f160d930f7c6a96e02bc6b5190b6c4175,FI,Finland,,vmess,websocket,tls,failed,failed_unverified,0,reset,1,,
cb9dc4ffce7bf682ca79ab7e2ec3ddf0810bf0cb7089d05eff41e9278757d9ba,US,United_States,,vless,websocket,tls,failed,failed_unverified,0,reset,1,,
cbac2b3ae7d653a36515430951214bc3769a665d71564562ea300911d43c74db,,Unknown,,vless,websocket,tls,failed,failed_unverified,0,reset,1,,
cbadc7f013faae6fc8f2cde3ff204bcaa38a9a10d5be4a8373b455a15248f919,,Unknown,,vless,websocket,tls,failed,failed_unverified,0,reset,1,,
cbb14758dee9a5ad066727c2f71b88563988e1b2d17103e454ecaa4806cb0874,HU,Hungary,,vless,raw,reality,failed,failed_unverified,0,reset,1,,
cbf61fcc849b3163c37316e4a9b63d0b6b881c634955dede81ebbb35651c7930,BE,Belgium,,vless,raw,reality,failed,failed_unverified,0,eof,1,,
cc0c42682cbf32c639f980e6e2a4ccd6fcb3a2c0dbdef86b9040a1a43404609e,US,United_States,,vless,websocket,tls,failed,failed_unverified,0,timeout,1,,
cc2184efc4606a5adb1b6e201f3dff99f1c473c40e26d875a8af6e72667a66c2,,Unknown,,vless,raw,reality,failed,failed_unverified,0,eof,1,,
cc240f429583bb5c4e04537e2693c3a2d4d77bc5e22dcc8c93c1fa03f670db90,,Unknown,,vmess,websocket,tls,failed,failed_unverified,0,reset,1,,
cc26001944305d3566367d7a9d13c74e3d4c7f44fa45f7eb250ca0ddfd17c978,,Unknown,,vless,websocket,tls,failed,failed_unverified,0,reset,1,,
cc34b9178f5c9b5225f965f394f314d88adfc245671fa9f49dbe9b21e1adcde1,US,United_States,,vless,websocket,tls,failed,failed_unverified,0,reset,1,,
cc3f89ad6a925ba1e983cbe1b462b1e4500862253d2a37e6afe2f480833a558f,US,United_States,,vless,websocket,tls,failed,failed_unverified,0,reset,1,,
cc7751e554536a9e2163c171764170a2a196247b1a05d56872735342cf60ebc1,US,United_States,NL,vless,websocket,tls,geo_resolved,fresh_verified,0,,1,https,2925
cc7946c9de7af7ae3385cd35df1039d61479bfe7ae3b57e9162b5b9c8f6aca5a,,Unknown,MD,vless,raw,reality,geo_resolved,fresh_verified,0,,1,http,4954
cc7b7a9ae2bc1525de6db80d9391f1af926f5588a3f85b69f651f22ad6170c61,,The_Netherlands,,vless,raw,reality,failed,failed_unverified,0,timeout,2,,
cc8bf520195b42f213bc1b733525abd437ac7d64562b41b65271cb783396f595,,Unknown,,vless,xhttp,reality,failed,failed_unverified,0,reset,1,,
cc930d343a279a07e330b66a7a17307443f959541d5855044556235f4244cbce,,Unknown,AU,vmess,websocket,tls,geo_resolved,fresh_verified,0,,1,http,2042
cc982f0af91590d00e1843a331b8a3cced78aecea811c306facda127aad5b24e,,Unknown,,vless,websocket,tls,failed,failed_unverified,0,eof,1,,
cc9a2461666db38a56b873151ea7bbcfb1d08d7389aa803fd1e59189f69604e6,,Unknown,,vless,raw,reality,failed,failed_unverified,0,reset,1,,
ccabaf5a198115eb3a6caa5291c20edba04080ba6433b39c5b0686cfc9e754e2,LT,Lithuania,,vless,grpc,reality,failed,failed_unverified,0,eof,1,,
ccaeae7252253a73b9d880780a8bc7a818ca5c2d0fc738418a99b67fa196247f,US,United_States,,vless,websocket,tls,failed,failed_unverified,0,timeout,2,,
ccb67e945eb236460812d0345814ca95534ce5befe7015bb064c24d0b6b5ccd9,,Unknown,,vless,raw,reality,failed,failed_unverified,0,eof,1,,
ccdc73de930865d8386cdade80a022d67adfa20bf553b6a49d58586c4a3cc5b9,MD,Moldova,MD,vless,grpc,reality,geo_resolved,fresh_verified,0,,1,http,2180
ccf5d2d859b975b772254caf20ac0cb85c13a8639f7b5be9dea89546cdeed5ae,,Unknown,,vmess,websocket,tls,failed,failed_unverified,0,timeout,2,,
ccfdc7750c506c8b2cad6becd55307b8b8c8c993485c202a0221e057b574ec2a,SE,Sweden,,vless,raw,reality,failed,failed_unverified,0,timeout,2,,
ccfe64802cad7751edac6442c872e4597435fa47e9d25dd69f63bc9c54e2b55f,,Unknown,,vless,raw,reality,failed,failed_unverified,0,timeout,2,,
cd00fee3caeda4dbbff24a80173b7354ad82f6b5d69386caa24b745115c60a32,,Unknown,,vmess,websocket,tls,failed,failed_unverified,0,reset,1,,
cd05484e0c155216419b26a8e1e4854ebaad6d86c56e1a3069217e2b2eb7fc37,US,United_States,,vless,raw,reality,failed,failed_unverified,0,reset,1,,
cd58cb180b5493c44008fe415ad08661e654ed07e117aaf2b079dc59989cba37,CY,Cyprus,,vless,raw,reality,failed,failed_unverified,0,timeout,2,,
cd60646e2400799d547243eca6cec7f78399175968565abfa6797fa2bcf0885e,RU,Russia,,vmess,websocket,tls,failed,failed_unverified,0,reset,1,,
cd6cdce2dbc48dde67565e4f11e06e03ee0664ad95324539078437d6231089b6,GB,United_Kingdom,DE,vless,raw,reality,failed,preserved_last_known,2,eof,1,,
cd8179e3484a03c278002f459f8a1311a91bcd921b289733490654b0b2b37ef5,,Unknown,,vmess,websocket,tls,failed,failed_unverified,0,reset,1,,
cda1aaea8782256823785e611f52842fd81ec6c548b8588f094aae609e39eddc,,Unknown,,vless,xhttp,tls,failed,failed_unverified,0,eof,1,,
cda3c7c4110aac7ff0a3618b39c0db991cf67095cf4e7e8ce5df65a7997dabc4,SC,Seychelles,,vless,raw,reality,failed,failed_unverified,0,timeout,2,,
cdaec40fb5dcf07dcd3204b3747825e320dcbb39e0cb0ae1430399f8f60ef3d0,US,United_States,,vless,grpc,tls,failed,failed_unverified,0,eof,1,,
cdb9072ccb34390f79a99cb395637ce2a1b11197dec8058d831121a762f29253,US,United_States,,vless,raw,reality,failed,failed_unverified,0,eof,1,,
cdca9c87d918058fb05e680e14a8917059f6271f10df3e3bf18b73bc1ecce653,,Unknown,,vless,websocket,tls,failed,failed_unverified,0,reset,1,,
cde257a606e183ae252c02a762c89885c195511a239b0b43ab0ff9e3a744a6dc,GB,United_Kingdom,NL,vless,raw,reality,geo_resolved,fresh_verified,0,,1,http,4708
cde769b900bbfca23a3c2cd6c951666d7c35cc6fe919bf34d3ec8c7dc0b3b460,LT,Lithuania,,vless,raw,reality,failed,failed_unverified,0,eof,1,,
cdef2c9dff37cf699b901c6646d37d28d07e8114d73e34f7dc49824c63ef117e,,Unknown,,vless,websocket,tls,failed,failed_unverified,0,eof,1,,
ce0520370ebb0eded6a49a1b4e7905f3f0bfa04e9346b766ee966934f4aa07a3,US,United_States,,vless,raw,tls,failed,failed_unverified,0,reset,1,,
ce0c87d9613e1b347ea1ee8113daa37a5ece72696fdc8275d000983387546b06,CA,Canada,,vless,websocket,tls,failed,failed_unverified,0,reset,1,,
ce0d857cfcc9ce60d46f7675490ac1e692e6e58ca8e0acf60e284715fe09fdec,CA,Canada,,vless,xhttp,tls,failed,failed_unverified,0,eof,1,,
ce1d09a808d18d4d8433bff133556b577735e79c4855074513dc9de1d03a6ed2,RU,Russia,,vless,raw,reality,failed,failed_unverified,0,eof,1,,
ce23bdb2c0b5e4ce13ec5159d87fcfa179cb303e60f0f2516235b9d6c6f1611e,DE,Germany,,vless,raw,reality,failed,failed_unverified,0,eof,1,,
ce2a5c614ada92c168570c0689a521e2278c660515f241234099f7b57ceb9122,IT,Italy,,vless,websocket,tls,failed,failed_unverified,0,eof,1,,
ce3e2b753991f75a142a1bef903b02ffee5621bf91c3e34f5e2657886ea801f4,FR,France,FR,vless,grpc,reality,geo_resolved,fresh_verified,0,,1,http,2095
ce5fd7b1380cb96081745d4fc04894ba91d1da4a5d7b70bb07aba2ee68d915e8,,Unknown,,vmess,websocket,tls,failed,failed_unverified,0,reset,1,,
ce65e7a4e9e186b2f51cf8c0b00629e52ec76334fa7c974266bceaf2e31c2944,,Unknown,,vless,websocket,tls,failed,failed_unverified,0,reset,1,,
ce72a1c37b6b98bf211620905b42b2c087b704491fb7172accd42de9542e7cb9,,Unknown,,vless,websocket,tls,failed,failed_unverified,0,eof,1,,
ce78e3343a03001f8fa1ba778986b5df973e4eb315368454d5ffd68cdeef30ab,US,United_States,,vless,websocket,tls,failed,failed_unverified,0,reset,1,,
ce7913684de3862c6a95931fa49a35d7414dfa027e2f88ea61016443d8117719,DE,Germany,,vless,grpc,reality,failed,failed_unverified,0,eof,1,,
ce7a233ab5eba65c45dd8c19bf1993305f22af77d0026154a9d17cd2f5de6422,,The_Netherlands,,vless,raw,reality,failed,failed_unverified,0,reset,1,,
ce80a1b685ff4371e9efa7f03b0b5575278c10eb3a8feb2c27261d64ed9ba55a,US,United_States,,vless,websocket,tls,failed,failed_unverified,0,reset,1,,
ce828f73d3bb8cdf00065d045b467ac577640733b60a9af38b828f6deb05e563,,Unknown,,vmess,websocket,tls,failed,failed_unverified,0,reset,1,,
ce869064c3727006bb686c66cdec60eb464cbb2c2cf1ebc8bfc2171e34cef101,US,United_States,,vless,httpupgrade,tls,failed,failed_unverified,0,timeout,2,,
ce94a3eefcd448873be232cfa4bcb4a33d9ec455550e4ae65acc8d9d9027ac72,CA,Canada,,vless,websocket,tls,failed,failed_unverified,0,reset,1,,
ce95fc9bdf16cbee631684a8ed63e893e4045b6fabc604d5a1ee5018c67684ff,,Unknown,,vless,raw,reality,failed,failed_unverified,0,timeout,2,,
ceb62e30bd1721f4133e77e8bf6f4a7585a2f8ae5efc58b8f3eafa49684b849e,,The_Netherlands,,vless,raw,reality,failed,failed_unverified,0,timeout,2,,
ceceff660fb4cc2dbac3ef797aa8d14d4d5061e10904cbbccf79c6bee2a5826c,,Unknown,,vmess,websocket,tls,failed,failed_unverified,0,timeout,2,,
cecf7ff3f533dfa3fac064d35e48f1d98902565b3f2f92271fd1964ffacc3401,,Unknown,,vmess,websocket,tls,failed,failed_unverified,0,timeout,2,,
cede3e83fab26bff600b730fc2a97eade3f61b4bd3990cd12c6a8b495e3cef3a,US,United_States,US,vless,raw,reality,geo_resolved,fresh_verified,0,,1,http,2349
cee74aed92ee365dc60d0734f2a505688f482d28843fe3dcad764f59f92c8173,FI,Finland,,vless,raw,reality,failed,failed_unverified,0,timeout,2,,
ceec44af6fa615881b4b1fb65824d551152ec7cc0e5d595acf9eb9f5e55d2a69,US,United_States,,vless,raw,reality,failed,failed_unverified,0,eof,1,,
cef44ae4fb53f0546b512e00d38e206984a80b679fd8b492456090dcfdff237c,,Unknown,,vmess,websocket,tls,failed,failed_unverified,0,reset,1,,
cf03e3d454a58acd5ce2b45927b27c5ff1e59f403e7c9331a7738e9b0d8278d5,,Unknown,,vless,raw,reality,failed,failed_unverified,0,reset,1,,
cf08a55c6416a9ad44ada20d157324467ff84bbc00259b1f0b8191aff5674ab5,RU,Russia,,vless,grpc,reality,failed,failed_unverified,0,timeout,1,,
cf150ba42c1378f0ed631c7a75e24c3402caccf22b6d3c0bf1408a7f94bbcbb8,GB,United_Kingdom,,vless,raw,tls,failed,failed_unverified,0,eof,1,,
cf1c41568cfd725185795dcc6451ba1ec68bbd8e38fc94a59bf4954eda7fcbe3,US,United_States,FI,vless,raw,reality,geo_resolved,fresh_verified,0,,1,http,3147
cf23808b4909ef58b1ec8151f2632abf41308bf388a52a24af2fd254506b10ad,,Unknown,,vless,websocket,tls,failed,failed_unverified,0,reset,1,,
cf27d70133804427061e3f3b790da50fa6515c6fe79dcda1cdbd3d10294a89b9,US,United_States,,vless,xhttp,tls,failed,failed_unverified,0,eof,1,,
cf3a3c201bb862d575e6ce4354cd401bd1f3786931f22f14c4009192ffec2772,US,United_States,US,vless,raw,reality,geo_resolved,fresh_verified,0,,1,http,2467
cf44cfa73117f4dbbf6760a7f171f8ccb0b1cc4c5791e99299d5676856acb22d,,Unknown,,vless,xhttp,tls,failed,failed_unverified,0,reset,1,,
cf4587cba8f84db0df77b562af8b6f61cdcb6412bc698d095c17b7649eae2e84,HU,Hungary,RS,vless,grpc,reality,geo_resolved,fresh_verified,0,,1,http,2173
cf4f5e4eb9d913d37bf19c4d793f227a98ef91a7da34e1d7ff928d1da23278e9,US,United_States,,vless,raw,reality,failed,failed_unverified,0,timeout,2,,
cf67b925fca990f5d8ef40dc4214f6000421d4117604ac5e9ba3efcd862f5215,,Unknown,,vmess,websocket,tls,failed,failed_unverified,0,reset,1,,
cf7b8ddb37f98e84a16f7445a894cc4fd7c057d8058b24ed5ad043f0faa9ba01,US,United_States,,vmess,websocket,tls,failed,failed_unverified,0,reset,1,,
cf87b1485298e033f010704f7b2f566dc91835f9f0a15ca7890ce737206f2751,US,United_States,,vless,websocket,tls,failed,failed_unverified,0,eof,1,,
cfa06b3705cb4be4a48500c2e0bfeb18bdf747a5af3502817509e4cd08489ba1,US,United_States,US,vless,raw,reality,geo_resolved,fresh_verified,0,,1,http,2371
cfa2a07440d6d617e092fbea1bdf4cd91703b29535047bbbe151c81ea7d34f81,,Unknown,,vmess,websocket,tls,failed,failed_unverified,0,reset,1,,
cfa609c69e3b05c3555429f934d0672bf19863430a2f271211a496c326315f44,,Unknown,,vmess,websocket,tls,failed,failed_unverified,0,reset,1,,
cfb9fe1d524532bfbf6e2e8a8af57456efaafbf88a625a731c12c76db107b99a,CZ,Czechia,,vless,raw,reality,failed,failed_unverified,0,eof,1,,
cfbd583e5e7684e7d0425189aea2e3a62486a1af39c45f29c5b28d10bc6bbccc,,Unknown,PL,vless,raw,reality,geo_resolved,fresh_verified,0,,1,http,3289
cfce6a602a85aec58473195d36639b606eb035f92e1ea267c3030264c164d9a2,CA,Canada,,vless,websocket,tls,failed,failed_unverified,0,eof,1,,
cfcefeae4d0bafe1843bd48e259de84f25d19e2437d997514566883428d35b65,,Unknown,,vmess,websocket,tls,failed,failed_unverified,0,reset,1,,
cfde949aa8da61e9916e3dd75a8068c3cd683add9d197e0f36e242322950ab11,,Unknown,,vless,xhttp,tls,failed,failed_unverified,0,reset,1,,
cfe2e756d959e64475e7ea0bb8094e397318f2f67920156ecf98f12eb45b70bd,LV,Latvia,,vless,raw,reality,failed,failed_unverified,0,eof,1,,
d00487966960d58667839e1bf81b3445b9ce79a7a846f533e237f4571e1071ed,US,United_States,,vless,raw,reality,failed,failed_unverified,0,timeout,2,,
d02c5fb89cfa25a65e7496fd4b64966edc83509f0766e5dde235bee98547c07f,,Unknown,,vless,websocket,tls,failed,failed_unverified,0,eof,1,,
d02e0a3861354aebfcbf4bd0584c5ef6cbe9f2a72cda982d2f20d5239e6e6586,US,United_States,,vless,websocket,tls,failed,failed_unverified,0,eof,1,,
d0528b9325a84a0bafe368588a55c056694fdd92e36e7779c3ca62ddba012216,US,United_States,US,vless,raw,reality,geo_resolved,fresh_verified,0,,1,http,2412
d05393eaf9fc7ab5cd2f0f6b736930385704f2570e1f1cb44168e93c0c184e22,US,United_States,,vless,raw,reality,failed,failed_unverified,0,eof,1,,
d05e0312123897d1af61dca7b556dbfc0158b8174d95568bb796afd7344f0a5a,US,United_States,DE,vless,grpc,tls,failed,preserved_last_known,2,eof,1,,
d07d037c3cd09d0ef567d9e6c1d7b530a6b535a5873146de008ea74bd884bd8b,US,United_States,EE,vless,raw,reality,geo_resolved,fresh_verified,0,,1,http,2225
d0b4bd1094b09e2fe4faba6e70903ae56829936cc2772c3d72fe448ac497e312,,Unknown,,vmess,websocket,tls,failed,failed_unverified,0,reset,1,,
d0cd1c6d59fe6a6d6bbfd2dd4d8806544f4676152ab2ad0b8c88dffc4ecd375c,,Unknown,,vmess,websocket,tls,failed,failed_unverified,0,reset,1,,
d0d910d3ccff6ae9619a63ccca50e287f8e99b895503eb62cb00a2577094a7d9,US,United_States,US,vmess,websocket,tls,geo_resolved,fresh_verified,0,,1,http,1435
d0f5b84d1a461bca75e09936849dde129a344a3a7b1369898bf228665b338420,US,United_States,,vless,raw,reality,failed,failed_unverified,0,timeout,1,,
d0f6e7563505af92761814cb6247708f88c6ccc78c3866b008023a43f4a14540,,Unknown,,vless,websocket,tls,failed,failed_unverified,0,reset,1,,
d11d3304ffe613387ed065e9fd2291f3e1c1ecb98ba8d6a807ef7dff4d1f0def,,Unknown,,vmess,websocket,tls,failed,failed_unverified,0,reset,1,,
d11e6fb0a0c68721cc3b5dc7b620935b184a7dda69f980b605b227c50aaacd01,FR,France,FR,vless,raw,reality,geo_resolved,fresh_verified,0,,1,http,2106
d121fcd8193bc52d81d47bf55a04ba130c236a827acfdedad0db6d415f5b14a0,US,United_States,,vless,xhttp,reality,failed,failed_unverified,0,timeout,2,,
d12ea6588e52d14600416faaf5de6d24b669bb0554abc0ff54621ee5c0d555a8,,Unknown,,vmess,websocket,tls,failed,failed_unverified,0,eof,1,,
d14a7fd6746ebb7c83677afb357770db1ef95030ee70108285ca0458fd98f2e6,,Unknown,,vless,xhttp,tls,failed,failed_unverified,0,eof,1,,
d15950aefe123c0e919f7ab4c4cdf7f4575854517facf20c7d22db708acb3442,US,United_States,FI,vless,raw,reality,geo_resolved,fresh_verified,0,,1,https,5478
d161464b0067899de14a0852e233865d3ffe0c6206aa43fae9a7178c0d8a8e05,,Unknown,,vless,raw,reality,failed,failed_unverified,0,timeout,2,,
d171728b9b19e9cb944615339183eec2f3019c13ee71415372b51d440df1be59,GB,United_Kingdom,,vmess,websocket,tls,failed,failed_unverified,0,reset,1,,
d186b4653980b308046684708642d099a9019ae1b728b35ed0f002979debb4f3,US,United_States,,vless,websocket,tls,failed,failed_unverified,0,eof,1,,
d18c92ea336ad3b74104b81da20c137f1ed64a2bdfe9a6df43e93ca8b92317f6,,Unknown,,vless,raw,reality,failed,failed_unverified,0,timeout,2,,
d192597c7b4f23a010ef2020438075b95bd2e29bdb93ef7e96018e3f457986b0,CA,Canada,,vless,websocket,tls,failed,failed_unverified,0,reset,1,,
d1afd8253b320a5cdf69c70403b93d4adb94bcb9dcd7413d8d121daa30d763d8,RU,Russia,,vless,grpc,reality,failed,failed_unverified,0,timeout,1,,
d1b9e0f3d0a012eda43eb8e52d8df78c642a28368383b52b5cc304fc7c7db183,HK,Hong_Kong,,vmess,websocket,tls,failed,failed_unverified,0,reset,1,,
d1cc8f884f3c9704003266de3bdd6e1961b2e295fe141e7c0ea85252ebdad020,,Unknown,,vless,raw,reality,failed,failed_unverified,0,eof,1,,
d1dd0510c8e8974afcc3f191d422e74c8cb8451e5bec2b9f24ce7200f086eefd,US,United_States,,vless,websocket,tls,failed,failed_unverified,0,reset,1,,
d1f009ce2757b6c9cd4b5fbd697119038a272db01fc519ca6d3209201f6f6104,HU,Hungary,RS,vless,grpc,reality,geo_resolved,fresh_verified,0,,1,http,2189
d21277ab57c00b5db0117f69d37e9cc823bb4343515f1552beefd8c031ba2c62,,The_Netherlands,NL,vless,raw,reality,geo_resolved,fresh_verified,0,,1,http,2130
d212e33639734d487c529194eab2b4d5ff877493cbece311d05bdd5832255b5a,US,United_States,,vless,websocket,tls,failed,failed_unverified,0,timeout,2,,
d22414ceff861c3f6b445969384c048a3e3f35d3d61f0409b57fafd5d120bfd6,,Unknown,,vmess,websocket,tls,failed,failed_unverified,0,reset,1,,
d238f354349ebc59554c3b6e0ba9efe1855b89f63ef036a972f521b207229db0,US,United_States,,vless,xhttp,reality,failed,expired_after_failures,3,eof,1,,
d24a629eb305a46589f6aecdbfa98bae09a4be525655d0d03396b9b042c3a37e,US,United_States,,vless,websocket,tls,failed,failed_unverified,0,eof,1,,
d25487662b84a7d0b7d88760f8e5bbd65b898d75d6ae682dee5c5ff14005c285,VE,Venezuela,,vless,raw,reality,failed,failed_unverified,0,timeout,2,,
d25d2d9264dd0a870a5423a103bc19744c2fd9f8008baf448de68f6a3c6eefb3,CN,China,,vless,raw,tls,failed,failed_unverified,0,timeout,2,,
d262e46b4dff940a0280678aeed148e023f9a08fde857c3961d27ff6db52dc39,DE,Germany,,vless,grpc,reality,failed,failed_unverified,0,timeout,1,,
d26fdbf696b7db579f63dc280fdc39b78471735bd8355d8032caa25a0a1de756,,Unknown,,vless,websocket,tls,failed,failed_unverified,0,eof,1,,
d2806745ad7102e80033d110c208456248cf1453c8a3325f864433aab192bb5c,GB,United_Kingdom,,vless,raw,reality,failed,failed_unverified,0,reset,1,,
d282c122d7e1b0036fe9bdf71c755cfe0c6466893c7a030431724f3a0282df14,US,United_States,DE,vless,raw,reality,geo_resolved,fresh_verified,0,,1,http,3166
d28cfdccbca2b619397754f833a24f59209e0db1dd3e8d69a7e255c65285220e,,Unknown,,vmess,websocket,tls,failed,failed_unverified,0,reset,1,,
d29cfb27f5284ce07e0f6327be2048b1c9fbd28e4e519a960821698de6fc7370,US,United_States,,vless,websocket,tls,failed,failed_unverified,0,eof,1,,
d29ed49dda11ce747a8fd5ec8a82dd29c052e8ebb89d103be09eb859c8d2a92d,US,Us,,vless,websocket,tls,failed,failed_unverified,0,reset,1,,
d29f8eea55bfe9b24685e5d0638df16992b62c0e410d0714d804d6e3d5922520,,Unknown,,vless,raw,reality,failed,failed_unverified,0,timeout,2,,
d2af71be51afe110cd02ae856da948a4b8916a03bc532bcdb928b39e9d5f5a6b,CA,Canada,,vless,websocket,tls,failed,failed_unverified,0,reset,1,,
d2bacb632104276c61ac88e62d35d7532492865f51a63ed34daf29bca7d7a055,US,United_States,US,vless,raw,reality,geo_resolved,fresh_verified,0,,1,http,2358
d2d0064bcad8028061c0d19f032b6bc5bd87e2c7a24d3b8f3da72f054edd9751,,Unknown,,vmess,websocket,tls,failed,failed_unverified,0,reset,1,,
d2d2d4bf8d27420d0b3823de222b6d58358d6de562a93c81c349a9de43141c95,US,United_States,NL,vless,websocket,tls,geo_resolved,fresh_verified,0,,1,https,2496
d2e973600d12aad64ae62d8ae12b9a5ee446fcfc00b150f3edbc4b2f46a6f207,,Unknown,US,vmess,websocket,tls,geo_resolved,fresh_verified,0,,1,http,2174
d2f4bbb0da867bc52c833d7672497b761b1c4d70d3754aa2986583279cbd9157,US,United_States,,vless,websocket,tls,failed,failed_unverified,0,eof,1,,
d2f9151f37a4411313623c3a767ca761d91a222cffefbaf812f0b7821bf90dc5,AM,Armenia,,vless,xhttp,reality,failed,failed_unverified,0,timeout,2,,
d2fe4eb17cdf54fe8c8b5fb8f6c912b824a1ef4ab9b935ca39202445e2a6267c,,Unknown,,vmess,websocket,tls,failed,failed_unverified,0,reset,1,,
d3045488ac8fce5d8e61f57eb74d4119dab07ab48e0185f88fb2e9334648ac84,,Unknown,,vless,raw,reality,failed,failed_unverified,0,eof,1,,
d304ce5664e97b27a76f6234a99ce9c0696a75632d5e3df25ed19af239d73483,,Unknown,,vless,websocket,tls,failed,failed_unverified,0,reset,1,,
d3137e11b28f49d1e1bb593a713141093f0982c02607fec0cdede9cc6e62cf90,,Unknown,,vless,websocket,tls,failed,failed_unverified,0,eof,1,,
d329e4c7fe426feb8e131930ede4bac3bf4b003d2cabaef371b9bd56368fb81c,US,United_States,,vless,raw,reality,failed,failed_unverified,0,eof,1,,
d3395ad94a219e8593ffabf1c57f59a95ab19822d1b413b455596972234a8b59,,The_Netherlands,,vless,websocket,tls,failed,failed_unverified,0,reset,1,,
d34a928234b91c494e37dd57c92381fcb196c882cef6c17dcd0a5026e10d30bf,,Unknown,,vless,xhttp,tls,failed,failed_unverified,0,eof,1,,
d35f791d767957e138db621ceb28cfa3b0442d23b6791e51c393a957da8ef70d,,Unknown,,vless,websocket,tls,failed,failed_unverified,0,reset,1,,
d363b7bdc3f9e03910a87bddffbb68f9b6c0da336c064de23ea05e042e680dfa,,Unknown,,vless,websocket,tls,failed,failed_unverified,0,eof,1,,
d3752a4b04a88bd3b666a7b93ac7f9540809622a45e95205b94be39e2d02f93a,RU,Russia,,vless,websocket,tls,failed,failed_unverified,0,eof,1,,
d37882812204159f1d393d8c26eea834a07a842b47ef29ec6ea40bb85113cc59,,Unknown,,vless,raw,reality,failed,failed_unverified,0,eof,1,,
d38e80e29b6915a8a3ef815c5aa35c5408bf62e34352a9b532309bc1a27fab21,RU,Russia,,vless,grpc,reality,failed,failed_unverified,0,timeout,1,,
d3c1d63831e0015335b18e272b5e91ab2dc967d426a211bc6fa6b546a7190bb6,FR,France,FR,vless,grpc,reality,geo_resolved,fresh_verified,0,,1,http,2084
d3d398d0bdc240f6c7623f95311c8536472111059be4055e7a58606db7e9fce7,NO,Norway,,vless,raw,reality,failed,failed_unverified,0,timeout,2,,
d3dddaa157bc3f2ae5ffd965b010d59e3d2e096e474b07ffe9ff996d79be6cce,,Unknown,FI,vless,raw,reality,geo_resolved,fresh_verified,0,,1,http,3217
d3f2e735d106ecb5fa2a439745698d8ef2e98f04cc45ec2b0077bf6ea7fae0b2,,Unknown,,vless,websocket,tls,failed,failed_unverified,0,eof,1,,
d3f7cc50e559c32c100e96fe66c67d9868ffab305790136fb79da9d446fe9b60,,Unknown,,vmess,websocket,tls,failed,failed_unverified,0,reset,1,,
d3f84e237ef49c9f6d868442f4a8f2a4de4c005fc46d35dfe9692adc4dcc176a,FR,France,,vless,raw,tls,failed,failed_unverified,0,timeout,2,,
d403371dc256a3f7a5652d769835d5de7d4c375b4a3a43b91b9276b3d784e376,,Unknown,,vless,websocket,tls,failed,failed_unverified,0,eof,1,,
d43005b0871d93dd6b323aaf4d7f7264cf509876d7f16ce62e2c77b20845f22b,,Unknown,,vless,raw,reality,failed,failed_unverified,0,timeout,2,,
d440696b6ca44b5cdfe11996afea905fbc8c719417a32321fd9c16baaef4eea9,US,United_States,,vless,grpc,reality,failed,failed_unverified,0,reset,1,,
d44477f1999c552a8bd62ebf803a9242c8dfb79e50edebb649562a6371993fc4,PL,Poland,,vless,raw,reality,failed,failed_unverified,0,timeout,2,,
d4488808e848b28f654b80ebdb0ef6ae36f1a80f376cc3d53e571112670b90d6,DE,Germany,,vmess,raw,tls,failed,failed_unverified,0,timeout,2,,
d460d67ffbf38bda44be939007cf6d0713e511665456b557bec85713d1c67bd5,,Unknown,,vmess,websocket,tls,failed,failed_unverified,0,reset,1,,
d46c82a96f078cc0c5b98acbd7b31e8e2bbce9860dc7cbacf59985c6f446f08c,US,United_States,,vless,websocket,tls,failed,failed_unverified,0,reset,1,,
d46eef556374af52a5b9babb4865a667fcf8711672924a91caa224f1479c147c,US,United_States,,vmess,websocket,tls,failed,failed_unverified,0,reset,1,,
d486f432500e5ce257c31db43a4fb739d66ac382bfbcd704ac65d13d121e861d,FR,France,,vmess,websocket,tls,failed,failed_unverified,0,timeout,2,,
d488c7781623389d522918730c094b583d012ea5a2003cd5daadfd411e179a88,US,Us,,vless,websocket,tls,failed,failed_unverified,0,reset,1,,
d49e8e6538ed66a336db3fa5efc2720ed75423a17cfe259dfcee6532676f8f50,GB,United_Kingdom,NL,vless,xhttp,tls,geo_resolved,fresh_verified,0,,1,http,3057
d4b897a3ce049c6ea52f9a6c3d78526f1a3d72879eb2b525819c5b7558d838aa,,Unknown,,vless,raw,reality,failed,failed_unverified,0,reset,1,,
d4bcfc6defdd27f99db89c4b586f3db5400f1ae87577d733b9c1accfc2f61304,DE,Germany,,vless,raw,reality,failed,failed_unverified,0,eof,1,,
d4cc0eeb324766549235df68ac4b4aeb1f2a788e326460f8c4e7e485808d2646,,The_Netherlands,NL,vless,xhttp,tls,geo_resolved,fresh_verified,0,,1,http,2402
d4d508ca503236debac2d65cfc24ad127ade95e1f769a64fb6db11292a5e81b4,US,United_States,,vless,raw,reality,failed,failed_unverified,0,timeout,2,,
d4e544bf5d6d0110bc09d6d41d687e3f7031bcf359f4a55087ee5d827ea535be,US,United_States,,vless,raw,tls,failed,failed_unverified,0,reset,1,,
d4ef44088ee7f833dac4f5e205f811763c6461211f8b08da1b3f5897eed9dc7c,LT,Lithuania,,vless,raw,reality,failed,failed_unverified,0,reset,1,,
d522761ad0c1922c1d8266d76a7dd11f33d75a9d86b9e5ef7e8d57bdfe7826af,,Unknown,,vless,websocket,tls,failed,failed_unverified,0,eof,1,,
d523976efd83079539204d6ac06b167d0f386f05e7ba9eb0b12b5314c0a389e2,,Unknown,,vless,xhttp,tls,failed,failed_unverified,0,reset,1,,
d523eec5d8aa83d60dd5487d037649c6af001e54bead2b46825f3ec7c8516144,BR,Brazil,,vless,grpc,tls,failed,failed_unverified,0,timeout,1,,
d52e3cb227eb85ecc06f8ac785f3b86c515b354a4f9cee895dd6e6e57f39cebb,DE,Germany,,vless,raw,reality,failed,failed_unverified,0,timeout,2,,
d543c3876533881bba9880f42a6c2639b7a3dae14db818830c7463c75f270135,KR,South_Korea,,vmess,raw,tls,failed,failed_unverified,0,reset,1,,
d544ab203a1fb7b8b8fffdfc3d4c6f282925dab524ef3c346d39821ac0fc8a78,FR,France,IT,vless,websocket,tls,geo_resolved,fresh_verified,0,,1,http,2606
d54c13f605c65ae0f369e6a1fd09a225b057c7fd3755442c0b6d2fe092d72b9e,,Unknown,,vless,websocket,tls,failed,failed_unverified,0,eof,1,,
d554a1a8a39fb55df3f2d5b8308c339b29acf5061f7dd07b24beb68d17009a7b,,Unknown,,vless,xhttp,tls,failed,failed_unverified,0,reset,1,,
d569e400020faee402583c2717a8d4f6850771ffa0b7b2d19c27d6f1776c2afb,BR,Brazil,PL,vless,raw,tls,failed,preserved_last_known,1,eof,1,,
d589b79b2118162fe7cdb9b2f26df383dd7ba63260868a9ecc4ffdd814c1bc7d,US,United_States,US,vless,raw,reality,geo_resolved,fresh_verified,0,,1,http,2839
d5a4954143f07445089525631bb1aa63478dd53aba7238d946ed5f0ddd5d6f7b,RU,Russia,,vless,raw,reality,failed,failed_unverified,0,reset,1,,
d5aef30cccff50d81afe5a8957a163d5349f61654e7247486eee00f322af43ec,,Unknown,,vless,raw,reality,failed,failed_unverified,0,timeout,2,,
d5b79fb6b783e988444cc0f556fa15fed84f4fcbd461ed1c0a18b341f25f6246,US,United_States,,vless,websocket,tls,failed,failed_unverified,0,reset,1,,
d5be5b00b4824bc5768c8601431bbbc93defec4f1bf88d65c5c935b8a47c7413,US,United_States,,vless,websocket,tls,failed,failed_unverified,0,eof,1,,
d5ddb5cc496d604d260d7ffb01831a9bf1ff67ecd25cf49ee450e70ae2fb4a4f,,Unknown,KR,vless,websocket,tls,geo_resolved,fresh_verified,0,,1,http,4076
d5e7f76d26a49250d1d7b095df01e01c921035a1c57821bf65674b3fefa50e07,,Unknown,,vmess,websocket,tls,failed,failed_unverified,0,timeout,1,,
d5f4ff7bc0ddc24366c2d476071d66b968926d2b65bb99a7a1b014d22cbad5c0,,Unknown,,vless,raw,tls,failed,failed_unverified,0,eof,1,,
d5f6b41997ee62725706080add84d679396fc989a3ba5f3933854d3519026fe8,US,United_States,,vmess,websocket,tls,failed,failed_unverified,0,timeout,2,,
d5ffd4673b9d79ced624826acc2bbf3e802046e76ff1f8d7a23384c246cd505e,,Unknown,,vless,xhttp,reality,failed,failed_unverified,0,eof,1,,
d602c30eed13f6b4d84610446f3e25eeaf78d8196846d2b6cbd1773ea4af3c2f,CH,Switzerland,,vless,websocket,tls,failed,failed_unverified,0,timeout,2,,
d604032b7db2b6574c48ea7756677223b5081b87206912d9d2724ae2aeb299fa,,Unknown,HK,vmess,websocket,tls,geo_resolved,fresh_verified,0,,1,http,2649
d634ea7889663b9726123724fbb68acdf5ef6a38f5954446d91a9eefe0103029,US,United_States,,vmess,websocket,tls,failed,failed_unverified,0,reset,1,,
d63a10c9fdc17f5d45201c00d1a3947fabb2ffcf3e8a82adc1de593402ea6f78,,Unknown,,vless,raw,reality,failed,failed_unverified,0,eof,1,,
d65eba5bb2dde5d23b30310537e6d44d82b3940b0a00f6212b0c7fd8f09e055d,TR,Turkiye,,vmess,raw,tls,failed,failed_unverified,0,timeout,2,,
d66534156a811394bcbafe56bbe9bdfadda46e7c5a1e0a4ec664beb2f5dbc594,,Unknown,,vmess,websocket,tls,failed,failed_unverified,0,reset,1,,
d671b6110ad57cd69e1349caaca633f9f5ef57b4f592814c70759a263defaeb5,,Unknown,,vmess,websocket,tls,failed,failed_unverified,0,reset,1,,
d679f33f71e6135fec18d047902bbf1a1a378c6cd68b74aade2c97857acd02f8,,Unknown,DE,vless,xhttp,tls,geo_resolved,fresh_verified,0,,1,http,2077
d67dde5f3c5ed30fc4e84926229a6331c3b1b30b0820a5d84201681cc1c11deb,,Unknown,,vless,raw,tls,failed,failed_unverified,0,eof,1,,
d69601f74d75250f39a4acd4539042f7776aaa645ef2da354e5546bda7405094,SC,Seychelles,DE,vless,raw,reality,geo_resolved,fresh_verified,0,,1,http,3915
d6a7188a382355e56ab68f52b3626678f32a0783f8a5404f551f5c5ea10c5c38,GB,United_Kingdom,,vless,raw,reality,failed,failed_unverified,0,timeout,2,,
d6cb61db1a768f1ee9d670f2c78c008ec41e6b8119e6c44ab1156b2907d88707,US,United_States,,vless,raw,reality,failed,failed_unverified,0,timeout,2,,
d6d5ec0b9ee5a3cd36681f4cc423a95b34689086ea148af9f37a7a5ff03a5116,,The_Netherlands,,vless,raw,reality,failed,failed_unverified,0,reset,1,,
d6dbd1781c5ae15b1f3bc2fb251ffea4b644160d6298a064a692e4215c20db33,,Unknown,,vless,raw,reality,failed,failed_unverified,0,reset,1,,
d6e757f4094e93a1bf28a7d5587227f5a494e0c43cb795c928b75c361801da85,US,Us,,vless,websocket,tls,failed,failed_unverified,0,reset,1,,
d7047313ea4bc008edbae7c80a02e2f1b36bdc5f66c403d9668052d597c12544,,Unknown,,vless,websocket,tls,failed,failed_unverified,0,reset,1,,
d70cc8151c41a537d1969b51f7cd74bd670ccd03f3229c92ac64b8f0e728aeea,US,United_States,,vless,websocket,tls,failed,failed_unverified,0,eof,1,,
d7249bc529b0268b5598fa72492c2dad34f7a2611afcc8ed97f655c94e5ebbe7,US,United_States,,vless,raw,reality,failed,failed_unverified,0,eof,1,,
d72609ae50bfa4295b6bae496d3fb5db43a25992bdfc277ca7427eb91df66f7e,US,United_States,,vless,xhttp,reality,failed,failed_unverified,0,timeout,2,,
d7377538db3499168b0be47a1c931e7cebaa024083c2c68da62707d258220cd4,US,United_States,,vless,websocket,tls,failed,failed_unverified,0,eof,1,,
d74c10a3fab686be9a77063e401992317eee23ba9909feaef3f31e9dc812afb9,HK,Hong_Kong,,vmess,websocket,tls,failed,failed_unverified,0,timeout,2,,
d77f65b85c6aeded24c894c5f86f06bd1fb8a50f1acf7adb17c3de10567cd52a,US,United_States,US,vless,raw,reality,geo_resolved,fresh_verified,0,,1,http,2458
d78101d217f77be987cc6f1066e22f2747dff8edb5298b42ca5d059f512c202b,,Unknown,US,vless,raw,reality,failed,preserved_last_known,1,timeout,2,,
d795f260a7ae0730e3f8ffbbfe04274120eed5d6d2a2e8c8e0023ca1ff86c7a8,,Unknown,,vless,raw,reality,failed,failed_unverified,0,timeout,2,,
d7b6df8b5c518631dc034993a6475d902b81c2a482a584295ab84eba0bcb7284,ES,Spain,FI,vless,raw,reality,geo_resolved,fresh_verified,0,,1,http,5185
d7b6f88b971c739abbc7d5a79301c4873062235bfd75e17b36e99a9bd21c1521,US,United_States,US,vmess,websocket,tls,failed,preserved_last_known,1,timeout,2,,
d7d308a22532175286712111ca83660040b896fbf0c5cabaec750a87344049a3,FI,Finland,,vless,raw,reality,failed,failed_unverified,0,timeout,2,,
d7d7be6dabf5ced88a91d927c4dc42172111bcfac7ddfb00d863b65aa5f7e282,US,United_States,,vless,xhttp,tls,failed,failed_unverified,0,reset,1,,
d7e78da80094cd557e8102d1efa1b0251b568b6442a6d24038147fc520391e5d,US,United_States,FI,vless,raw,reality,geo_resolved,fresh_verified,0,,1,http,4092
d7edac279bbeffa70794ee49b077f3eb816cfebde085840dd824654cdb3defb0,US,United_States,,vless,websocket,tls,failed,failed_unverified,0,timeout,2,,
d7ef15951516d9be6c1d4494be8ee11341c11c1ad492616407bf815a120b92a8,FI,Finland,,vless,raw,reality,failed,failed_unverified,0,timeout,2,,
d7f97f61cf17836d6fb59d247c5ef266c1dfffdd8750d3dce4d15748ecd646cb,,Unknown,,vless,websocket,tls,failed,failed_unverified,0,reset,1,,
d806936ad6fb839d07096fe3e0e16ecb08ba45d0981b50c4204c5dcfd7020ef6,RU,Russia,,vless,grpc,reality,failed,failed_unverified,0,timeout,1,,
d8207dad5c35abd56cf6493b48344238bcfde58f17e0bfba028f01fadbe9cae3,,Unknown,,vmess,websocket,tls,failed,failed_unverified,0,reset,1,,
d821274c641f2fb992d09861a3ba8f17b3aeda7c943c3cc9f07287155e047431,,Unknown,,vless,websocket,tls,failed,expired_after_failures,3,reset,1,,
d8237bb1ba88d22bca4a22b85a8e2006f35f9b274a1ee4e3c8f531353c1b25cd,RU,Russia,,vless,raw,reality,failed,failed_unverified,0,timeout,2,,
d8380614f89bc3a3b342b4a47ec7a22f262667bc4abd921ed40f0f25e9f4c5ac,US,United_States,,vless,raw,reality,failed,expired_after_failures,3,eof,1,,
d8515891e58ca42252fe396712d90365eb25d82d054816fc9f3a11104f931b46,RU,Russia,NL,vless,raw,tls,geo_resolved,fresh_verified,0,,1,http,3192
d8523e6a5ea7688b3afd39ab2e59cad6ae95b51a53e34e1356bbe541f7ca6c80,,Unknown,,vless,websocket,tls,failed,failed_unverified,0,reset,1,,
d855a4cbbd7093e759150f23bbecac9b5fe3bf27527b462708810852cc8a7cfa,RU,Russia,,vless,raw,reality,failed,failed_unverified,0,eof,1,,
d8590423197d306e47d68830b5370638c53f49ddb98c207cc06f0bdbb5734928,,Unknown,,vmess,websocket,tls,failed,failed_unverified,0,timeout,2,,
d862bfbda8a697a9f447286fdd449d41149e50dc86a7aa4d7a20dfa11e6d9b83,,Unknown,,vless,raw,reality,failed,failed_unverified,0,reset,1,,
d86f18e14f67944b7513ec04d1088fe019766bbeba641cbab08f086d62c57cbf,DE,Germany,,vless,xhttp,reality,failed,failed_unverified,0,reset,1,,
d886708fbd9c5b68b39f809da872f82e15f7e1d8f7d566d5fec3a3ed9a011b04,IE,Ireland,,vless,raw,reality,failed,failed_unverified,0,reset,1,,
d88d040ebf3fb1a083fa0eab4a32719fd6b4014657218ac4ac4573d277ac1b04,,Unknown,,vless,raw,reality,failed,failed_unverified,0,eof,1,,
d88f070564f3531e3a9f1bd97054a9533eeffc7f47d456a33aec1a56cb42621b,US,United_States,,vless,raw,reality,failed,failed_unverified,0,eof,1,,
d890da0bfae813d941f49fd1312cb4b8fc2cf4f1886a04cf0a7013acfb271a63,US,Us,,vless,websocket,tls,failed,failed_unverified,0,reset,1,,
d8a25e4a4532e940ad5f9a2b58153a628f6c22e472c6c1a59f7440e2213e2f5b,IE,Ireland,,vless,raw,reality,failed,failed_unverified,0,timeout,2,,
d8a9e05db30b45a401dcc953af58e6b16dd5cbf79f62fca6eab8112710ad4683,US,United_States,FI,vless,raw,reality,geo_resolved,fresh_verified,0,,1,http,2563
d8b3877fa64a5a14b9778741c7e5600ef1fc1453a87135223e6c4c8a702fe827,SC,Seychelles,,vless,websocket,tls,failed,expired_after_failures,3,reset,1,,
d8bfc7628a30fd28ecde77ee5f18066b1094bb361e223a62e2d4fa95c4b6744b,US,United_States,,vless,websocket,tls,failed,failed_unverified,0,eof,1,,
d8d47d389c5085c0b9aaecfcddc1444c321477b091f3b13a3b6ecf469dc158a6,US,Us,,vless,websocket,tls,failed,failed_unverified,0,reset,1,,
d8d8b6772d0ff58512143280210201761f1d0af98f60aff7d6169fb294100386,,Unknown,,vmess,websocket,tls,failed,failed_unverified,0,reset,1,,
d8e5794b1a30b2fb25c5861a87bba19a6508be6163533469f113f74bd0280c55,US,United_States,,vless,xhttp,tls,failed,failed_unverified,0,reset,1,,
d8e6caf1dcde03e3d70b124963085dff427aa42ba3bd301bbbafd7860da07534,,Unknown,,vless,raw,reality,failed,failed_unverified,0,timeout,2,,
d90633da6c6b7502e801cc18cf3181a97c148dc1b66b17c7a28799deb004c934,US,United_States,US,vless,raw,reality,geo_resolved,fresh_verified,0,,1,http,2320
d90fa0e36df55cd3ee72996f1025175e5ba2e024cf3a3231adf9ad6ef4bd29eb,GB,United_Kingdom,DE,vless,raw,reality,geo_resolved,fresh_verified,0,,1,http,2257
d91b434daab89196ac30e937fd6131c42206a5ec83e93132e29d0dc2c0eea810,FR,France,,vless,raw,reality,failed,failed_unverified,0,eof,1,,
d92416b82a2f11bc9f533fb15e9ad02a858c2d41410cd74bff3c056d5a4d1e7e,US,Us,,vless,websocket,tls,failed,failed_unverified,0,reset,1,,
d926052d8bdebd17baf62756c28e069e34fd1e3fd832596fce24f4e2a1ea556f,,Unknown,,vless,raw,reality,failed,failed_unverified,0,timeout,1,,
d933a3e5827561c51bf21b3d4c7c61ba7bcd405b084fe9a7b08e891962eff454,,Unknown,NL,vless,raw,tls,geo_resolved,fresh_verified,0,,1,http,2124
d939e982ac049ed41510d2a17e9fcdaca7c1ca71fb5af520b6a14cbf3f31506b,,Unknown,,vless,httpupgrade,tls,failed,failed_unverified,0,reset,1,,
d99b4dd191dd3b89645a03a3d39981948f45a85090bb4e6cc85a120bc1628811,US,United_States,,vless,websocket,tls,failed,failed_unverified,0,timeout,2,,
d9a54813966a9774c9cc6216362fe7cd06b3a7ff5b43b3aec0b979222edaba50,,Unknown,,vless,websocket,tls,failed,failed_unverified,0,timeout,2,,
d9a6ba861914af6a6e08be435537125ad429ff75d435f06d1122c1c5a08c03a8,,The_Netherlands,,vless,websocket,tls,failed,expired_after_failures,3,timeout,2,,
d9b1d4927dfd2b98141375b9b02135400976a86240859a669dc88dcfdb98266d,BR,Brazil,PL,vless,raw,reality,geo_resolved,fresh_verified,0,,1,http,2669
d9c3beceeffe1816b5ea288f1531fef39a5012333d2cc0e67d2b7d55e850fa7d,BG,Bulgaria,BG,vless,grpc,reality,geo_resolved,fresh_verified,0,,1,http,2187
d9e046a3ccbc5611f3225bf03bc76d1edec5182013d3061b0ddc23d508d4ec4e,,Unknown,,vless,websocket,tls,failed,failed_unverified,0,reset,1,,
d9e90af5d8a725ce78ea49e2d200ab553ddd9fe072a2e3cdd2bbaf71d5943e9e,US,United_States,US,vless,raw,reality,geo_resolved,fresh_verified,0,,1,http,2449
d9f0ff9f269049b2392fd03448d966e50c806b3da6e98ab521e869a8146e977b,,Unknown,,vless,raw,reality,failed,failed_unverified,0,timeout,2,,
d9ff92ffe3c84d92e680c23df0c008c7ae7d4ce65b525daea67152e1e497e698,,Unknown,,vless,raw,reality,failed,failed_unverified,0,timeout,2,,
da155dac0f4e1f54c4c7cafc1abe113162d08ad16cf1f2155e4dff4f69726b68,,Unknown,,vless,raw,reality,failed,failed_unverified,0,reset,1,,
da1649beb4680206fe10ccdf454c4b86886ed057817a4d8fe01523f9dbb92dc0,GB,United_Kingdom,,vless,raw,reality,failed,failed_unverified,0,reset,1,,
da2694d6fa90463dba76eae3aab48273d23e15d1c9525a9eece9645a404a88f5,IE,Ireland,,vless,raw,reality,failed,failed_unverified,0,reset,1,,
da26ca9fe4ff5e1fcadfab906041ff88a29e708a2086e93c526bb3263ef4d01c,,The_Netherlands,,vless,raw,reality,failed,failed_unverified,0,timeout,2,,
da38c50b104026a58886b72716265f1c60d54794b456327be445299af2df1b13,US,United_States,DE,vless,raw,reality,geo_resolved,fresh_verified,0,,1,http,3425
da3afc73e94db04995b3f3a48ad201ef82c5ccef6c47fd5103e792415aa992bb,,Unknown,HK,vmess,websocket,tls,geo_resolved,fresh_verified,0,,1,http,2369
da44b2a0f3ce29d688bae2d27cf2a5d93b9f1a12c8b417a45a5dce70d53d68d3,,Unknown,,vless,xhttp,reality,failed,failed_unverified,0,timeout,2,,
da55af1f834473cdba837f387b9643bd6886bce77145ebced7e599abb8f5e134,,Unknown,,vless,websocket,tls,failed,failed_unverified,0,reset,1,,
da5b79d3a6027a7df2bb77ac641c9f4403504bce428c57f701f3ce20591f3bf1,MY,Malaysia,,vless,raw,reality,failed,failed_unverified,0,timeout,2,,
da5e2ac01fc96a7083e8d46957e400be0e393ac94d6cc611632b12b4012754a3,DE,Germany,,vmess,websocket,tls,failed,failed_unverified,0,reset,1,,
da732ca326c04cd308b6c29c7252e4e5261653f28777246142ace77645d74ebd,,The_Netherlands,,vmess,websocket,tls,failed,failed_unverified,0,reset,1,,
da86595801b5b654258f31c3872e984122c8cf1f037a68f222c1e6bf9fba95eb,US,Us,,vless,websocket,tls,failed,failed_unverified,0,reset,1,,
da8d1be92769994f15f2e39066a70688e6f6be9d0e833e72beee5c7f13b57298,HK,Hong_Kong,,vmess,websocket,tls,failed,failed_unverified,0,timeout,2,,
da8f2af82187cc3913374b1efec3bab1c0edda2b2e984714ad4c44272ca86375,,Unknown,,vless,xhttp,tls,failed,failed_unverified,0,reset,1,,
da9b20e0101fccc06a25aab5ec1a02c0dbe88a778c4580ba39f34bbff589e76f,RU,Russia,,vless,xhttp,reality,failed,failed_unverified,0,reset,1,,
daacfbcec93ef3935b173558c1c7d6b090fcd8f257a8dab1bfb730b66d2bc629,,Unknown,,vless,websocket,tls,failed,failed_unverified,0,eof,1,,
dab022f2b297a4d3718e24ddf59ec1eedcab89be82802d8b503c44a8caff06bd,,Unknown,,vless,xhttp,tls,failed,failed_unverified,0,eof,1,,
dabb410366384d2da8efa4f2bda06f865a9ffd2a25f1c5139b2837b7b082a9af,,Unknown,,vless,xhttp,tls,failed,failed_unverified,0,reset,1,,
dabf91ac4f06208e2513e195c7056920a1c8c8cc81db86f046f4505f1929ee9c,US,United_States,,vless,websocket,tls,failed,failed_unverified,0,eof,1,,
dacc9caf12b19e0e0103f436130ad6952621ba8a3553d3b218b00c7b84ef5681,US,United_States,,vless,websocket,tls,failed,failed_unverified,0,reset,1,,
daed145bdb6a0ad1cd47d207d9a06542e0255673c2cbf20c8e6bd4348776b20f,US,United_States,,vless,xhttp,tls,failed,failed_unverified,0,reset,1,,
daf844b570ef7b976f192db801b75091264581323303ebf17294159c6e9dca9b,RU,Russia,,vless,raw,reality,failed,failed_unverified,0,eof,1,,
dafacd21c5585de33d410c1e923a8d30c49601cec47d62f2c6bc54da946f5367,,Unknown,,vless,websocket,tls,failed,failed_unverified,0,eof,1,,
db02e81bb66ef59c470f96231651bdf2c394fc606a46e0a73007e28b98dc8f2c,,Unknown,,vless,raw,reality,failed,failed_unverified,0,reset,1,,
db0a1428b42acfd857c4087d07b96136136b279a0afc2550973db19e663d8309,,Unknown,,vless,websocket,tls,failed,failed_unverified,0,reset,1,,
db0b62b5b654545d0f58a9742f3727a4c5245cbb248dad1f8e52e66d2639231f,US,United_States,,vless,websocket,tls,failed,failed_unverified,0,reset,1,,
db17ea539e226e3c76a6f1375361cd4ad41ef5328a3d13cc9c5ab24f8c76ab12,,Unknown,,vless,xhttp,reality,failed,failed_unverified,0,eof,1,,
db47d13a7a051ed3e073384b97b2184ff6fc68ef1acf21e189a9db85d22daf78,NZ,New_Zealand,,vless,websocket,tls,failed,failed_unverified,0,reset,1,,
db4a55a365708407d938508fa036ed20d2b19f101ad1582312b6de77c48c797a,US,United_States,,vless,websocket,tls,failed,failed_unverified,0,eof,1,,
db653d6ece4eb5d78206648efefe1668bff9b71726000285ef9b032d0273a481,MD,Moldova,MD,vless,grpc,reality,geo_resolved,fresh_verified,0,,1,http,2243
db82aea91a5d0e83cdddb99368b1e478a8f409ffcbe291fb04457cf1d69d28ee,US,United_States,US,vless,raw,reality,geo_resolved,fresh_verified,0,,1,http,2472
db89a83474970fb1e77fa6584d2a57a1b8a742b50f8ae7740c94c0d128aaade4,BR,Brazil,PL,vless,raw,tls,failed,preserved_last_known,1,eof,1,,
db96f2fb89a62ff1b76d42cce0a65a1e35cb804249525d6caf7485027da1fc88,,Unknown,,vmess,websocket,tls,failed,failed_unverified,0,eof,1,,
db9a83e822b0dbeb7fd7d38dfb4b8365424623dc84f6cd2b1ac5b2d0536b7f98,US,United_States,,vless,websocket,tls,failed,failed_unverified,0,reset,1,,
dba5e554d92900a4510ef62f36e9ae1fd69509ca7b76807bf9f544c1b483f49b,FR,France,,vless,raw,reality,failed,failed_unverified,0,timeout,2,,
dba94e9555d635b9dc6b51f26ae02b28693cee3dd23b0e877fda15dc0558dfcf,GB,United_Kingdom,,vless,raw,reality,failed,failed_unverified,0,eof,1,,
dbafba4b9f6013601149ccae2ece3093ecf787ca8f2100066351fe30e06b7cab,,Unknown,,vmess,websocket,tls,failed,failed_unverified,0,reset,1,,
dbb5356b345dec8a1f2713bbd7bba47bfc374d2e052a26310960af54d19c11c2,,Unknown,,vless,websocket,tls,failed,failed_unverified,0,reset,1,,
dbc6d7975a080d468f7a7976bb9bc40ab05af1c8746e76a32ff200e515855d07,,Unknown,,vless,raw,reality,failed,failed_unverified,0,reset,1,,
dbcda675ded80ccdf6375cb9ac1a03174cc779ed6c1daf2351a9e8bee54a88ce,,Unknown,,vless,websocket,tls,failed,failed_unverified,0,reset,1,,
dbdda05412a243ad4e2164b465d2198c3258fa519275b4603fc07879e49d96ff,IR,Iran,,vless,websocket,tls,failed,failed_unverified,0,timeout,2,,
dc00da59c8489355dcb08a8362edf88bf43d65adc2e00b53b1a13d61e5d3dfbe,US,United_States,,vless,websocket,tls,failed,failed_unverified,0,reset,1,,
dc140e49eefaa56a7b822a2711d4b874040efa09ef7eb230a776cd9d27d119c5,LT,Lithuania,,vless,raw,reality,failed,expired_after_failures,3,eof,1,,
dc225344969bec51c04e53d4351cda50f6d9c63981311175730032d518b0a7d1,,Unknown,,vless,raw,reality,failed,failed_unverified,0,reset,1,,
dc44480a9e6974ab2583cad55ec1b1ed7e219b985f40cea02a23cadad8fc73a6,LV,Latvia,,vless,raw,reality,failed,failed_unverified,0,reset,1,,
dc48f9996e69e8c32117ddfffe4abf61f721c62e841fb0f93c37dc149d42e438,FI,Finland,,vless,websocket,tls,failed,failed_unverified,0,reset,1,,
dc7d372c9edb5c1c6c28bd8a5e4cd1111f3be6cab31eeb2498a5a0fd7218759a,US,United_States,,vmess,websocket,tls,failed,failed_unverified,0,reset,1,,
dc883a9e0dada9f3f39f34e59ef4c87a528e45f71692552361d434b69c54aae4,US,Us,,vless,websocket,tls,failed,failed_unverified,0,reset,1,,
dc92c525299e6b5f9bb3c7086d6c58494347e3221c95e1933a6cd4539940bb9c,IE,Ireland,NL,vless,raw,reality,failed,preserved_last_known,1,timeout,2,,
dc92e5ce32476742670a93f749f5a6433bfabdbae95e915e251a70518c172250,US,United_States,,vless,websocket,tls,failed,failed_unverified,0,reset,1,,
dca2b55bdb4b1d1115d6205200db9d73d201ef3b988d1128061b0df96fc04d45,RU,Russia,,vless,grpc,reality,failed,failed_unverified,0,timeout,1,,
dcbc304838a92a9a89e32e3cfcb06c247a2d54c8ff7bb1c85cb718a37832331e,US,United_States,,vless,raw,tls,failed,failed_unverified,0,reset,1,,
dcdca43136cfb0f778a839967bd5b3b791ab1829caa640ceced4a47a8021c6c1,,Unknown,,vless,xhttp,tls,failed,failed_unverified,0,reset,1,,
dced47f672ab433d158fc2ecf99e9e4ef38ad40b2e633dc8fe2481e033c146a5,SG,Singapore,,vless,raw,reality,failed,failed_unverified,0,timeout,2,,
dcf0621e221ca72b458a7cca7372e9a116033079a4f60e8963bd8bb316800f93,,Unknown,DE,vless,xhttp,tls,failed,preserved_last_known,2,eof,1,,
dd0098823b23363bf2a13ae0d8fec7cf22a99080918fe1edb168bbc820b97f9a,CA,Canada,,vless,websocket,tls,failed,failed_unverified,0,reset,1,,
dd098e54debdf32f8d4a646ad4ea31d77039c7788b8b58649b9e023141540793,,Unknown,,vmess,websocket,tls,failed,failed_unverified,0,reset,1,,
dd17cfcdedc7e2937706dfc18947143f758527f76dc86c6f3ad26a10bf5c5232,US,United_States,US,vless,raw,reality,geo_resolved,fresh_verified,0,,1,http,2373
dd1b6159daebd91b961ed2f17d973215c31f959c1382cd6026c8de8d65a54815,US,United_States,US,vless,raw,reality,geo_resolved,fresh_verified,0,,1,http,2417
dd43c6136a5e243d7a893f2f307f22c7fc0e9c607f1b0a01be19830df1b83004,,Unknown,,vless,xhttp,tls,failed,failed_unverified,0,reset,1,,
dd533df7c1f36d11ccc308a205dd4df5bb5d8908d53a55808a24564698f3c109,,Unknown,,vless,raw,reality,failed,failed_unverified,0,reset,1,,
dd6bed0cfb2d57c794e4edac2b83c11e8ecfdd39de159bbb8ad808a86e8c4bae,,Unknown,HK,vmess,websocket,tls,geo_resolved,fresh_verified,0,,2,http,850
dd730a6cd0aa924f95fcb800b65a1621c132844bdeb99b8aab7a6b2ddde35d83,,Unknown,,vless,raw,reality,failed,failed_unverified,0,timeout,2,,
dda0801b3024a65220879bec64de2959fe3b1a736676483aaabb6ef918176abd,,Cr,,vless,websocket,tls,failed,failed_unverified,0,reset,1,,
ddae12c18faead6ad02451446a0504931189aa25e36706ffb20c6dc737af9796,,Unknown,,vless,raw,reality,failed,failed_unverified,0,eof,1,,
dddb4574cd4cbf55c9ef4959297d9820c3980701403e53151065515671cd253e,,Unknown,,vmess,raw,tls,failed,failed_unverified,0,timeout,1,,
dde53046c5201bbda88e6583716fbddae705acd4ec5fbc5bd760b71ed6a272f4,IL,Israel,,vless,xhttp,reality,failed,failed_unverified,0,timeout,2,,
ddf35310d99cd8be1ee5d86982bf08a8d6673bef289aba34594451a542a205c4,US,United_States,,vless,grpc,reality,failed,failed_unverified,0,timeout,1,,
ddf89a11b21d63f47d11738bde77de239d95a0f99ad9260c7ff63a0fe1e3c6f7,HK,Hong_Kong,,vmess,websocket,tls,failed,failed_unverified,0,timeout,2,,
de01d4ac614568135b2ad292b1e4a296d09de4905ee3e80b26a974ccd731c553,HK,Hong_Kong,JP,vless,websocket,tls,geo_resolved,fresh_verified,0,,1,http,3693
de022c8db14e35aa8d26786fc362a4fb90ee687abed5d7b0db692a87959d6ff8,US,United_States,,vless,xhttp,tls,failed,failed_unverified,0,eof,1,,
de0aee17b248eef2b7730ec7ce898051460566d06f373452d368281ac1bead9e,GB,United_Kingdom,,vless,grpc,reality,failed,failed_unverified,0,timeout,1,,
de12afb9bc0fce184a55a745f5d9f08b7469e4acdba69ba14630cf653ace5e5d,,Unknown,,vless,raw,reality,failed,failed_unverified,0,timeout,2,,
de15b188031b6116737b57fe27185d84df51ce66678f5522681ea3e4eaefdfe8,US,United_States,,vless,xhttp,tls,failed,failed_unverified,0,reset,1,,
de2b2d08fe3c2dba5423433b609ee4dc930e05e138956de6b53bba357f3bf11b,,The_Netherlands,DE,vless,raw,reality,geo_resolved,fresh_verified,0,,1,https,5586
de321b0d819d530529ddfb2de6221c470caf5286515b21b305af23ecfbe24d91,,Unknown,DE,vless,websocket,tls,geo_resolved,fresh_verified,0,,1,http,3034
de4131c3980eccbd437b519c14f21924f0abf12b9aba5e2bc98a683036d135e3,HK,Hong_Kong,,vmess,websocket,tls,failed,failed_unverified,0,timeout,2,,
de5b4d810e7c683949981e37315720e1ac00816312d8f2e802510dcecacbfcfa,,Unknown,,vmess,websocket,tls,failed,failed_unverified,0,timeout,2,,
de5d595d8112d42a8b8901066329bdc6c6d9cc2adc99fcb241adcb8471c098bb,FI,Finland,,vless,raw,reality,failed,failed_unverified,0,reset,1,,
de661d9d066b8e3f30d9d6a31a7d166a9a6016532e835054c31eb531488d13d5,,Unknown,,vless,websocket,tls,failed,failed_unverified,0,eof,1,,
de7efed3d841686f35c0100abe31bbf2970c99e043c9333e142172320fc81021,US,United_States,,vless,websocket,tls,failed,failed_unverified,0,reset,1,,
dea6288f918849065bd59f773cdbb1a1c154a1e172ecc0d7a6753f7ab3577b06,,Unknown,,vless,xhttp,tls,failed,failed_unverified,0,eof,1,,
deaa6f4675b64b890c1aff62725435eb3b84e08c733b7b8327726a1b28e67388,FI,Finland,,vless,raw,reality,failed,failed_unverified,0,reset,1,,
deba0a12dd19518f446d17247fd0099d9640cbb627a7541af883f3c2c44f25a5,,Unknown,,vmess,websocket,tls,failed,failed_unverified,0,reset,1,,
debf7f093d06dd97732cdaacbca7e85fa5f819f5b4a3a206d618c4d7c2c5bc0f,BR,Brazil,,vless,raw,reality,failed,failed_unverified,0,timeout,2,,
dec1f5191f30cbc0d4991b5b759079317b79dcf91f9394b5239604883dff51d6,US,United_States,EE,vless,raw,reality,geo_resolved,fresh_verified,0,,1,http,2175
dec9165e333abfdd516496e4815540c330dbcd67b807f19911aae79b8a05cd72,SC,Seychelles,,vless,xhttp,tls,failed,failed_unverified,0,eof,1,,
deca2acc70d484693fa14cde0c16d3b9c4cab25fba8c614485f08d0d75a504f6,,Unknown,JP,vmess,websocket,tls,geo_resolved,fresh_verified,0,,1,http,2039
dedb8e1e1d476bb0d2f743efc286e05d9cb91e2e0832819c4ecfa142b7007688,GB,United_Kingdom,,vless,raw,reality,failed,failed_unverified,0,reset,1,,
def9dae8ea867b050fc4d9a06b29731e2940de59da34a6aab1ddff36e8d63c01,,Unknown,,vless,websocket,tls,failed,failed_unverified,0,reset,1,,
df21253cfb3e8adbe748cf94ecd1961a4eefec1e6b348462001f9185fb747652,,Unknown,,vless,xhttp,reality,failed,failed_unverified,0,eof,1,,
df2b8e7e12d76d4519ec59478fc456b2699914945311ad378f1de094d54ccb95,US,Us,,vless,websocket,tls,failed,failed_unverified,0,reset,1,,
df3fc9c2b2e6b8cf3fe0bb919b56dac17ab8e76ffc683644b2e2b56c859aaa79,,Unknown,,vless,raw,reality,failed,failed_unverified,0,timeout,2,,
df53583af27af95902272137896d0e1c61a020a8b0e9b9a23d6f1507ba4e0938,CH,Switzerland,,vmess,websocket,tls,failed,failed_unverified,0,reset,1,,
df68fdc0ea58d9123a8986e9a4c19b682681d7e5a0eb51db35261edfa816e958,CA,Canada,,vless,websocket,tls,failed,failed_unverified,0,reset,1,,
df6fe298351c1c66a4e53923aac90a7ce30e74e9a68505be9b1c1cef864ef33a,CZ,Czechia,,vmess,websocket,tls,failed,failed_unverified,0,reset,1,,
df844e3008cb6b220d7f637a0e4d3ecdc7573d6e469eca70cb2bbf078fbdb186,US,United_States,,vless,raw,reality,failed,failed_unverified,0,timeout,2,,
df89b03b3f4858374e8798ddf13d8815b8cf2bc927f1247a20c43329054cf6c4,,Unknown,,vless,xhttp,tls,failed,failed_unverified,0,eof,1,,
df9fb38369c4b37db6fa158ef98d75ce4529e9fb9f69e44bfda8d494f870906e,RU,Russia,,vmess,raw,tls,failed,failed_unverified,0,timeout,2,,
dfac3cd892b5f5d1e202e8f83678fc1b6ecb0148219dc0075d631a2ac07023e1,SE,Sweden,,vmess,websocket,tls,failed,failed_unverified,0,reset,1,,
dfb0039a3ec8e0d8cf575c485d5e092c331287ccf07fa60b61381589a89514e2,US,United_States,US,vless,raw,reality,geo_resolved,fresh_verified,0,,1,https,4069
dfd8e12f2f0038a496a2b4bff7a078e8bad1f44a5478e5e567031976bf974d4f,,Unknown,HK,vmess,websocket,tls,geo_resolved,fresh_verified,0,,1,http,837
dfe0c610020bf10b9d84464ef28e2930ccb65675a10fbedceb3ed9e7652af64e,,Unknown,HK,vmess,websocket,tls,geo_resolved,fresh_verified,0,,1,http,2225
dff6f0f0055505db43a1ca83769a6b4f1b1b1414a124dd8b144de6619937c087,,Unknown,,vmess,websocket,tls,failed,failed_unverified,0,timeout,2,,
e0102fe8a1ef7e66a8e645e6210755e731877ad915199eaab1c8715eb1e65a69,US,United_States,US,vless,raw,reality,geo_resolved,fresh_verified,0,,1,http,2445
e0103b438a75544bcd6413045823bd9e65638e2baeeabf6bed47f0450efd0e55,,Unknown,,vmess,websocket,tls,failed,failed_unverified,0,timeout,2,,
e0218fcab60178366b52fbafbeb562ceb93c2d08408f18430bf466fdaf5fb877,,Unknown,,vless,xhttp,tls,failed,failed_unverified,0,eof,1,,
e02a39423beb0b85fb5a8c820d7797225501a43e8fbe172a81916cb8547f163a,,The_Netherlands,NL,vless,raw,reality,geo_resolved,fresh_verified,0,,1,http,2181
e0303ea7a915eac037ee16a42ad86390f237a9df02bcc247456299ee5ffeab14,DE,Germany,,vless,grpc,reality,failed,failed_unverified,0,eof,1,,
e04fda98ea7cf36a74a6e26dd05d28ad2d3e584419fd8df313d395ca6c4336b2,,Unknown,,vless,websocket,tls,failed,failed_unverified,0,eof,1,,
e0505c4ae3f0e0e285d207ce106ee0b7521ddd041164c9a3e47e83b659e2db82,BR,Brazil,,vless,raw,reality,failed,failed_unverified,0,reset,1,,
e058b43b5c3392643dff84b501232b63596cb9221e1abc8687fd093fa7510267,,The_Netherlands,DE,vless,xhttp,reality,geo_resolved,fresh_verified,0,,1,http,2135
e05ac98a2590cf243989286c4b0a5954955a7d2ce51bbf7d072d457b671b7a9b,CY,Cyprus,FR,vless,raw,reality,geo_resolved,fresh_verified,0,,1,http,2108
e05df66dacae96ec784ef8a408267190f7dfb65326b1ed171a60f57b71b7ac0e,US,United_States,,vless,websocket,tls,failed,failed_unverified,0,reset,1,,
e05f01e8e6cf7feb2bc34c0b05dab9d4cf002831daf8ae8d0cb1baaee63c6834,US,United_States,,vless,raw,reality,failed,expired_after_failures,3,eof,1,,
e0664fd0fdb2377f1a47e5fe3960792f591bca23d04a99f1dba7e933648d116f,HK,Hong_Kong,HK,vmess,websocket,tls,geo_resolved,fresh_verified,0,,1,http,5683
e06e9c365dcc39bc2cd0a043d2a41e74fa1e2b731906896293fae59d1d35b963,,The_Netherlands,IN,vless,raw,reality,geo_resolved,fresh_verified,0,,1,https,2004
e07118725b0ddc15761fe9a3fb35df6651a446a28ab8d4a597dbbe678a2a9743,US,United_States,,vless,websocket,tls,failed,failed_unverified,0,reset,1,,
e0855965773dc45cefb27d1a262f8b798cdee75e1627c7bc9f1b559e3439e47e,,Unknown,,vless,websocket,tls,failed,failed_unverified,0,eof,1,,
e088f99ae6f0be650e4bb97c268d091659dea279c6518f5709e8f4245d85ccab,,Unknown,,vless,raw,reality,failed,failed_unverified,0,reset,1,,
e0898dd1931be34f91df22a0c4de857b25cd1a799b42709b6c5547ef79f9c6bf,RU,Russia,,vless,grpc,reality,failed,failed_unverified,0,timeout,1,,
e0a231aa1fcf778403305901cba90a92dd6f11e0eeccde6867d1c6f772e1e46b,DE,Germany,,vless,xhttp,tls,failed,failed_unverified,0,timeout,2,,
e0b346ba5e0ec4a845cbeed985ead8dd84408f1d8793bdfe71441ea41317c262,,The_Netherlands,,vless,raw,reality,failed,failed_unverified,0,reset,1,,
e0cfe7941b3d0ffd72c0ebe0a8104997f445ef2bb56b13eacb91ba5ff2dd5623,,Unknown,HK,vmess,websocket,tls,geo_resolved,fresh_verified,0,,1,http,2198
e0d64ca35bb281d528df2d036eebdba5f7688d66cd3bbf7855d34f5e134e1fe8,,Unknown,,vless,grpc,tls,failed,failed_unverified,0,timeout,1,,
e0df2660978da985e7c2a7f3715b6dbf876b7d91a4b9c7dd33c0af3b1e8f7c9a,US,United_States,,vless,raw,reality,failed,failed_unverified,0,timeout,2,,
e0dff321cbb7a16d99c99b7d81553a09a8d92aac7aac7b7e523f3e927c811bed,,Unknown,,vless,raw,reality,failed,failed_unverified,0,reset,1,,
e0f80f2bf6184fcc1890a8f36f37fa4f015623f5aef3780b3c4a11f7042a134e,NO,Norway,,vless,raw,reality,failed,failed_unverified,0,timeout,2,,
e0fb5b05f9148cf7023d2e2548bc8cf742f864a070f22eb39011bc3b5be640e6,CA,Canada,,vless,websocket,tls,failed,failed_unverified,0,eof,1,,
e0fd1b0229f709515f8d95550d897faa3b9d3eeed7597fd747bbe3ff4d2d907b,,Unknown,US,vless,raw,reality,geo_resolved,fresh_verified,0,,1,http,2459
e103dae4d253037b191d632aa9968e3b098bf83cb4235fec759ca3598e7075c6,FR,France,FR,vless,raw,tls,geo_resolved,fresh_verified,0,,1,https,6892
e1245a79ffb818a470b40fec603e4e7d303097bcc6fd58e7eb5a93f1af82c80a,GB,United_Kingdom,,vless,xhttp,tls,failed,failed_unverified,0,timeout,2,,
e1317091b16e56591abc9c76bcdb3c1c36d0476aa3894b57ce14885cc9e2fca4,BR,Brazil,,vless,raw,tls,failed,failed_unverified,0,eof,1,,
e13ab962df4ebd52e795c29688c3f0a31fe3e1270f5867b53c1fa58a353102d8,,Unknown,,vless,httpupgrade,tls,failed,failed_unverified,0,reset,1,,
e141f4705b050559324cf2567c1226aacc086201db0a1b7e9be6d6d4b37c24dd,,Unknown,HK,vmess,websocket,tls,geo_resolved,fresh_verified,0,,1,http,2754
e150cbf3ba6956e0c9c9712eeb3f687d60e9e8b8671a5e61e86754d8cfc7228f,US,United_States,FI,vless,websocket,tls,geo_resolved,fresh_verified,0,,1,http,4360
e152155bb35595844559beb348b55e5667b82531daef1fd099931e9c70bbb852,ID,Indonesia,,vless,websocket,tls,failed,failed_unverified,0,timeout,2,,
e167bc56bd4e584fa1dfee8d73f19b9bcc666e2164824289cac386d423884990,US,United_States,,vless,websocket,tls,failed,failed_unverified,0,reset,1,,
e175d2fb24f14cc4cac2c87792bda96e15dd4d6033c2f574e52f027e1345b00a,,Unknown,,vless,httpupgrade,tls,failed,failed_unverified,0,eof,1,,
e17b6d07974540f5fc05a8d8e012717819ea8de8982395f6f31bdb69e3021fac,US,United_States,,vless,raw,reality,failed,failed_unverified,0,eof,1,,
e188156b74094926f27644c91227330b3d2e5b3062f963dea21aedd855f6b328,US,United_States,,vless,websocket,tls,failed,failed_unverified,0,reset,1,,
e189e926e76f2f8c4096ac098aac8dbeafb44c95980d1a4851a8d3950f9c64f3,US,Us,,vless,websocket,tls,failed,failed_unverified,0,eof,1,,
e1cd1d94e6043b3e83dcb88c7c58704dc38e79906c987eebc6fa091d0fb77396,,Unknown,,vless,websocket,tls,failed,failed_unverified,0,reset,1,,
e1e6307d9c40b49204ea89b8eb07072e6584f4323f662e8212ed1793f7c496b5,,Unknown,,vless,xhttp,tls,failed,failed_unverified,0,reset,1,,
e207ab1ae545faf74e306c7887c8b5035ab000ad30ace0d86d972db9000b0823,,Unknown,,vless,httpupgrade,tls,failed,failed_unverified,0,eof,1,,
e22bea9ea7d2e117e6cdae383dff39c9bf48a40e230aa9cfe203b4a138b42be1,CA,Canada,,vless,websocket,tls,failed,failed_unverified,0,reset,1,,
e22f0934022e853f115d76b2d131b06ca6c3138b4e7cd286b32f5fedd2b97bb2,US,United_States,,vless,websocket,tls,failed,failed_unverified,0,reset,1,,
e23d4ef351efd502968caf202752bda8369926effaa875ccefba1eaf5a5d576f,US,United_States,US,vless,raw,reality,geo_resolved,fresh_verified,0,,1,http,2420
e24190210198092582385b3c6cbf375e96adcff30c34e363f297d4fef5682c20,CA,Canada,,vless,websocket,tls,failed,failed_unverified,0,reset,1,,
e245fba7be82e5215a94616ed2315e27e4445ce385cbab16d74003d98e615701,GB,United_Kingdom,FR,vless,raw,reality,geo_resolved,fresh_verified,0,,1,http,4334
e25babac7f96be5a03084fd0cdb78244dbf1b4bc2ac605c86f1b92bc6e145222,,Unknown,HK,vmess,websocket,tls,failed,preserved_last_known,1,reset,1,,
e2a1c742d47bd109228a6d46047c7dacfae7db8aaa3db39da0f064534a6a97e1,US,United_States,,vless,websocket,tls,failed,failed_unverified,0,reset,1,,
e2b49931c875bd3cfaf84228e2d97396c0b184b2b326dd6c1cd3799949534e6b,,Unknown,,vless,raw,reality,failed,failed_unverified,0,reset,1,,
e2bea433bb1ddffd13afa46a40c5b7c12b86aa197feabc37ae7334dc01d781cd,,Unknown,,vless,raw,reality,failed,failed_unverified,0,reset,1,,
e2d5e28d6513dcdfb5aa9bbd2e83b0361dcddd945cf527a32cf1bc55c91a5469,DE,Germany,,vless,raw,reality,failed,failed_unverified,0,eof,1,,
e2e732107095ffb2fcbd7dc1c52fe2ea3ba0e8f84ed028141ed3a220509bc015,HK,Hong_Kong,,vmess,websocket,tls,failed,failed_unverified,0,timeout,2,,
e2e915975316c4ea3fa61be1f1d59a9f1b6bde438a03b84cb523060189dfa503,FR,France,,vless,raw,tls,failed,failed_unverified,0,timeout,2,,
e2f27bc95d89281fb9eb25f55000a99433ad52b22fa6e345523085129e1cd81d,,Unknown,,vless,xhttp,tls,failed,failed_unverified,0,eof,1,,
e2f6f713f1680c26b61fed74a26be23edff00614cfebc8826d5d392ad2660d0b,US,United_States,,vless,websocket,tls,failed,failed_unverified,0,reset,1,,
e3085da58a7ed7316b2ad55a9f4eead719bd925ad036e4cd34f7783669a30d18,US,United_States,US,vless,raw,reality,geo_resolved,fresh_verified,0,,1,http,2527
e30a747fb81095e0d51e41581931c35604c64ad5401fc90b330306c5ae74fa62,,Unknown,,vless,websocket,tls,failed,failed_unverified,0,reset,1,,
e316cadea4e919dd274fd71b100e3b6a2daa07eb230d71ed570abca3e76dd281,GB,United_Kingdom,,vless,raw,reality,failed,failed_unverified,0,timeout,2,,
e32236d4dcee932c4ad94d0b6bc69b3722ddbafbbe600672fec23fafa52fb002,SC,Seychelles,,vless,raw,reality,failed,failed_unverified,0,timeout,2,,
e331a23b50b2df4084522501fa20d7fc947fee88d0522521e9dc8a2408c11a04,,Unknown,,vless,raw,reality,failed,failed_unverified,0,reset,1,,
e33486ace8ba48f48bf9f9a57eacc37127b5b050fb64240e671cbf4fa543d8d3,DE,Germany,DE,vless,raw,reality,geo_resolved,fresh_verified,0,,1,https,6352
e33cae9176fd400eaef00a76ea621ee2ce9eb009b5fcc38d80af6d4c310c27e2,,Unknown,,vless,xhttp,tls,failed,failed_unverified,0,eof,1,,
e34064499d2a2a2ab0b2603c2e241cc135014f341c2227448ddd4daee838c6d0,FR,France,,vless,raw,reality,failed,failed_unverified,0,reset,1,,
e34c0c1e9e9655c5a698b9e0b8d91e463ef5491e4d5df90e696b477d5642fc1e,RU,Russia,,vless,grpc,reality,failed,failed_unverified,0,timeout,1,,
e350084d713f2b3d171186a30da21cb9c6b2da94dd611bb3fdc508828356258d,,Unknown,,vless,websocket,tls,failed,failed_unverified,0,eof,1,,
e35634b8923b8e9e1ca6ae974eb56de49a7668f262971fbe7cbadda50f842f1c,US,United_States,,vless,websocket,tls,failed,failed_unverified,0,reset,1,,
e36e8bfd4948551e88943335f1575c78d95fd3c7f4b16dd6fd6664f70d71caa5,,Unknown,,vmess,websocket,tls,failed,failed_unverified,0,reset,1,,
e378b8c44980fe6bdd8a7229ad5ba1c62692a892f1162db1db4167359de9a25b,,Unknown,,vless,raw,reality,failed,failed_unverified,0,eof,1,,
e381b9ee0948043e185ffea25db7bc74f831afcc2c8d11224522201d69cb6591,,Unknown,,vless,raw,reality,failed,failed_unverified,0,reset,1,,
e39683bf02fc9a243a6862bd13beb8a5fb5e53831888fb4db0bfb86bb09f4af8,US,Us,,vless,websocket,tls,failed,failed_unverified,0,reset,1,,
e3971e28cf036f0761179bdbee2955835889271301315f3e6a7270c409429485,,Unknown,,vmess,websocket,tls,failed,failed_unverified,0,reset,1,,
e3aa9c73e4405511011f659605130f3e32b505ac5ea1fe0c4e6ff0e862721e5a,,Unknown,,vless,raw,reality,failed,failed_unverified,0,reset,1,,
e3ae4329efb53c97dfe579ab6fcb34df94795f3caa4c523775307eaf8abf67af,US,United_States,,vless,websocket,tls,failed,failed_unverified,0,reset,1,,
e3d326d5440e6ef91c6c89f1207784069622a21f2c8142aa2aabde072efe55d1,US,United_States,,vless,websocket,tls,failed,failed_unverified,0,reset,1,,
e3e5bb226183c0364b99be75e3c5974c24d976faaa405de7019cd63657d02011,CZ,Czechia,,vless,raw,reality,failed,failed_unverified,0,reset,1,,
e42bb600a292481a0a5623632ec5a85ea8c477c980d0552607a0dd2027008142,DE,Germany,,vmess,websocket,tls,failed,failed_unverified,0,timeout,2,,
e43055addf6bc59695e26bbc57a7d1507a05a84bcf4028fa7887e362d589fb08,HU,Hungary,RS,vless,grpc,reality,geo_resolved,fresh_verified,0,,1,http,2174
e434af329b99575c611393f9239c3e8c926ae1e2d583f3ac46979dfa2a6e4607,,Unknown,,vmess,websocket,tls,failed,failed_unverified,0,timeout,2,,
e4376c9cb05c58569d6c13daa3df4de658a4e9e803790af98aaa18918ec6ab06,US,United_States,,vless,websocket,tls,failed,failed_unverified,0,eof,1,,
e4388db1cb139d82fd834385890acded15ada66de659adfc72776e4181c9dacb,,Unknown,,vmess,websocket,tls,failed,failed_unverified,0,reset,1,,
e438de34ec766cd7094b133773ad800ac008b67a802c4d065f61c14408781c32,CN,China,,vless,grpc,reality,failed,failed_unverified,0,eof,1,,
e45d02053d0dda389212d76ea8d161729e37c72904db3fc4022699596f800f25,,The_Netherlands,NL,vless,raw,reality,geo_resolved,fresh_verified,0,,1,http,2107
e45dd79c5e185239fdd87e7d0cefc4f77e0bea9416050621c665994441400c60,,Unknown,,vless,websocket,tls,failed,failed_unverified,0,reset,1,,
e45f13049c4f4de6069928302985157d43d279d741f0dd3a61bce40a43b3bae2,LT,Lithuania,,vmess,websocket,tls,failed,failed_unverified,0,reset,1,,
e4765736509d05db695546e64ca6ca948baf04a308fb4e4f913c2ab35392a991,GB,United_Kingdom,,vless,raw,reality,failed,failed_unverified,0,timeout,1,,
e47c846776497e4dd3a58adbe2751a65482cd92751abbc25a25fc3b5bd4cf300,,Unknown,,vmess,websocket,tls,failed,failed_unverified,0,eof,1,,
e4896acdc1d476d25930c8f181f2a3fe38eeda1aa7416aa6ba97e5a684264779,BE,Belgium,,vmess,websocket,tls,failed,failed_unverified,0,reset,1,,
e4987b45fc3b6b6cc2820210d061140f77cae7aa8a1a6dfe20f830d3b57093cb,US,United_States,,vmess,websocket,tls,failed,failed_unverified,0,reset,1,,
e4a172e00f0142ae8e42a5de55252df0fe7c45e9ea92f6c2ccc940f6206e0e07,,Unknown,,vmess,websocket,tls,failed,failed_unverified,0,eof,1,,
e4ad0ad65e150389919a8197ad6b46e0d32991e3b0e461d6aafbc9e37dffdb91,FR,France,,vless,xhttp,reality,failed,failed_unverified,0,reset,1,,
e4b65e9c28c34465584e92ab61a5fccb16e70592cf5634bfb5cd787826742572,DE,Germany,,vless,raw,tls,failed,failed_unverified,0,reset,1,,
e4c9584866a36af3c38e20ede4346853ed90409b01e709ae1e7e1100bb268d05,US,United_States,,vless,websocket,tls,failed,failed_unverified,0,reset,1,,
e4caaf8c3bbcd1039827c9fd68e6e3e50c81e0c57619114355670af2bf8b9c5f,,Unknown,,vmess,websocket,tls,failed,failed_unverified,0,timeout,2,,
e4d6d229bd7d87101f6fc4f7a7287336b67f507b06439c63606d9cbee7d48058,,Unknown,,vless,raw,reality,failed,failed_unverified,0,eof,1,,
e4d829da44b8059edbae8e4d68bdc7b541a01cf2cb363491bd741f0743f578e0,US,United_States,GR,vless,raw,reality,geo_resolved,fresh_verified,0,,1,http,2187
e4dcf2bed05bc43b5c08c14fa0ae8070ef59f30692b65a5ad06fc431a73e401f,US,United_States,US,vless,raw,reality,geo_resolved,fresh_verified,0,,1,http,2889
e4dcff7cbc9f0ff772e98ff7fcbbac051bc7cae8830acc2a3881ca0687003f66,CA,Canada,,vless,xhttp,tls,failed,failed_unverified,0,eof,1,,
e4f449b01437ff6bf2c4d4148be722245671ea8da60d984fb16a463b3d5e3e02,,The_Netherlands,,vless,raw,reality,failed,failed_unverified,0,timeout,2,,
e50353ec8455829c2e169d8c9ae4a03abd1d3d967b52e3f5711c9d23d5efd7a0,US,United_States,EE,vless,raw,reality,geo_resolved,fresh_verified,0,,1,https,397
e516ebe7904196dfad4d075bd220e41876632b2c99d5f387cef7487cb00a5e41,US,United_States,,vless,websocket,tls,failed,failed_unverified,0,reset,1,,
e533e44cc4c4fe598b223b1cc9c89ccc84225452ab2a8790d14d4ef87940a31e,,Unknown,,vless,xhttp,tls,failed,failed_unverified,0,eof,1,,
e56dad145244568df6818fa8aa3501676814097edaa1f6a7104978eed8c9c52a,,Unknown,,vless,websocket,tls,failed,failed_unverified,0,reset,1,,
e56ddaf831d790bda77367ccd882f4645fdebde8d1b68e7ac55ed257aaceee2e,RU,Russia,,vless,grpc,reality,failed,failed_unverified,0,reset,1,,
e585c6d2c64304e0c8210d40194db78c5867d6b2e123792b16e1c5bd665bb488,US,United_States,,vless,websocket,tls,failed,failed_unverified,0,eof,1,,
e59406f21c0036c1e5973b56f1d60da4c9fb41c3d0f9ea49ab9c2cd50023a2c9,CA,Canada,,vless,websocket,tls,failed,failed_unverified,0,reset,1,,
e5b4263719e6cf3eb85322c0f7179e7de6069ee6bc38be4fbf327ede6b11cbd0,,Unknown,,vmess,websocket,tls,failed,failed_unverified,0,timeout,2,,
e60ac0148d2bdd15d53a2af1d3d2f570233431727cf52cb3f63511f26f3412e5,US,United_States,,vless,raw,reality,failed,expired_after_failures,3,eof,1,,
e6138e3002027015325dab8a0f9ee29476ff8f7985fad37b17ee410f4b3e3bda,,Unknown,,vless,xhttp,reality,failed,failed_unverified,0,timeout,2,,
e64fbf78854d4e3fb4e6b4e63f1c0c160a5f10eca106da2878a7be13774db543,,Unknown,,vless,websocket,tls,failed,expired_after_failures,3,reset,1,,
e6510247bd6b6971d4f4925577022fd0d295a31d23e4a622bf499b0320e169c0,US,United_States,,vless,websocket,tls,failed,failed_unverified,0,reset,1,,
e65d02ec36102e1dea6dd209026f50411265b5891505d3843769a4f665f8fc7a,RU,Russia,,vless,raw,reality,failed,failed_unverified,0,eof,1,,
e66b13fa36492d9616e496625ec11e9e3e4bee7444150d678ddf6bb8e4e90df9,,Unknown,DE,vless,raw,reality,geo_resolved,fresh_verified,0,,1,http,2048
e673dcb69383cff509c7c8bb9535cc32646cb1102707d786062a6baad59f089d,GB,United_Kingdom,FR,vless,raw,reality,geo_resolved,fresh_verified,0,,1,https,5606
e6797a6390bfb988cdfcf2470e9e2866b004b587c50eedff62e16b75ad7eeb8f,US,United_States,EE,vless,raw,reality,geo_resolved,fresh_verified,0,,1,https,2168
e67a29d27d2110865be94e86f3fbfce5f7dafba0393ae3a48252dd66e8da274d,FR,France,,vless,raw,reality,failed,failed_unverified,0,eof,1,,
e682750747cae7fc3dafa8659faac0c3028dee7a9beddeba9712f9bb35ce7aec,IN,India,,vless,grpc,tls,failed,failed_unverified,0,reset,1,,
e6a7ce2f4e87b8786d3743de1f5eada98a484932674d96680b180af0599e0781,,Unknown,,vmess,websocket,tls,failed,failed_unverified,0,reset,1,,
e6be5e6088b1a879bb5ac0e013c91a1ceba184d21fb254c302ba4759a940a3e4,,Unknown,,vless,xhttp,tls,failed,failed_unverified,0,eof,1,,
e6c20c571d7ec7585f365392c6a12f1e74c55a312dac549568953ba4810ac86e,SG,Singapore,,vless,raw,reality,failed,failed_unverified,0,timeout,2,,
e6c5b047e8af4e9164e5527c11b3c208842c46b3e53f8175d39a9bd155014fd2,US,Us,,vless,websocket,tls,failed,expired_after_failures,3,reset,1,,
e6d0dcc72f900c079d695178ec91cf55f6afe4d81244587ba65af7b01ad3da3b,,Unknown,DE,vless,websocket,tls,failed,preserved_last_known,2,reset,1,,
e6d109f99337d9867518800037d8b2e6ec34171d1984af497600b02acc929c01,CH,Switzerland,,vmess,websocket,tls,failed,failed_unverified,0,reset,1,,
e70975dd092e655557128c0fbcd013f56787f32a4e7de1d54112296dd3ccaee1,,Unknown,,vless,raw,reality,failed,failed_unverified,0,eof,1,,
e70f86d439c6b0ab0086ffc983f979eb74745c586ead3e583dab7632f266d05a,FR,France,FR,vless,raw,tls,geo_resolved,fresh_verified,0,,1,http,2081
e7371af288e8e207f7c8642eebf31ec092a683855b9967355a2f5976732696e7,,Unknown,,vmess,websocket,tls,failed,failed_unverified,0,reset,1,,
e758b3ebeb0cc2768e88b2ab328b270ae8ae92794d4e864c8237eadaa6543e55,RU,Russia,,vless,raw,reality,failed,failed_unverified,0,eof,1,,
e76e3af0805694d5369c32a6e0b32be5fbc2581227d565a84c1de7a37bb51d23,DE,Germany,,vless,xhttp,tls,failed,failed_unverified,0,reset,1,,
e7759097ca85cbdc276d92a0f12652038c862f77339429c8fc312a57724033cf,GB,United_Kingdom,NL,vless,raw,reality,geo_resolved,fresh_verified,0,,1,http,3093
e78de3753f4dae707fe9cc98ce326ae442b3dfd35f3806e26cb13c5dac68b55c,US,United_States,,vless,websocket,tls,failed,failed_unverified,0,reset,1,,
e7915162014c57cc38d07006edae8c81eb7af7de56f06b6887432adebb78d568,,Unknown,,vless,raw,reality,failed,failed_unverified,0,eof,1,,
e79b6f609116c82be69b5fe1d5f00b433671fdb5cc76aa498a3acef7635a6cf8,,Unknown,,vless,websocket,tls,failed,failed_unverified,0,reset,1,,
e79dc6361c9f20a95b1a443bc812f5a5a9681520a013673570b612c0ba95afe9,,Unknown,,vless,xhttp,tls,failed,failed_unverified,0,eof,1,,
e7c89096f84e68403d757e9e0fdd7479770103a82a4179c33d22a2d21a74dfd6,IN,India,,vless,websocket,tls,failed,failed_unverified,0,eof,1,,
e7cfb039c93ff19c263c80cd151e149cdfeb78824c588cc74e212ec421e646d6,BR,Brazil,,vless,raw,reality,failed,failed_unverified,0,eof,1,,
e7d1db463ae27184a05091fd540482152a2ea99e0322113ed4de1631966e58b0,,Unknown,,vmess,websocket,tls,failed,failed_unverified,0,reset,1,,
e7d2102b2bf3ea0cfce5db8acdbcec94a37ec2da38745b3274904a147d9a37b9,EE,Estonia,,vless,raw,reality,failed,failed_unverified,0,timeout,2,,
e7d488d8f00766cf5574bdec4b0d4e38b4395300fbf1833f6a3500e47c004bd8,,Unknown,HK,vmess,websocket,tls,geo_resolved,fresh_verified,0,,1,http,2522
e7d890b6379986f0af4d471c54da58ef8772fbe51f7d206ee23926cad1a5ddff,US,United_States,,vless,grpc,reality,failed,failed_unverified,0,timeout,1,,
e7e6e123d0c6230b962b041a1f7295f5a1932d31acd4a95dc8fa08af95d8ffcb,,The_Netherlands,,vmess,websocket,tls,failed,failed_unverified,0,reset,1,,
e7f0219b02aebbaa50050fed35a0e702f5cbb7ca18c5bab8d8e1e73314b323cb,SC,Seychelles,,vless,raw,reality,failed,failed_unverified,0,eof,1,,
e804b58c08410356b3baf4be9c0e01959923c7f2b5a6d31b24e1f20032e54a8f,,Unknown,,vmess,websocket,tls,failed,failed_unverified,0,reset,1,,
e8090ca20b8c473584d661a8aefa96c915211bf70b9cd4928b265b390bf8842b,IR,Iran,,vless,raw,reality,failed,failed_unverified,0,eof,1,,
e80c8303ffc274b7771f5e4885950f8d89a60e3f0983956ac09a3b64f6a9f806,CA,Canada,,vless,xhttp,tls,failed,failed_unverified,0,timeout,2,,
e8211576e05713174b71ca4f099a3eead42bc60246cc2d4e6bc1546dcf847a73,US,United_States,,vless,websocket,tls,failed,failed_unverified,0,eof,1,,
e8225694de1677084d36f5f11ba451b88c089586e68c4a3fb5abe8bd13524cf2,US,United_States,,vless,websocket,tls,failed,failed_unverified,0,reset,1,,
e828134c42b6a6c4c28a5a1079df3d515fb94c8133fc58beaed2ef005417fbce,,Unknown,,vless,xhttp,tls,failed,failed_unverified,0,eof,1,,
e82ff9e29bd6290d65398f3f828093a3e34e175979420b1fc2e5c4ba4febef4c,,Unknown,,vless,websocket,tls,failed,failed_unverified,0,eof,1,,
e83ebd10611d26f0a058c6d925b257d77b83ef6ea9991ca476f717cd800663ad,,Unknown,,vmess,websocket,tls,failed,failed_unverified,0,timeout,2,,
e84d5c00ef67e695861f95262f9d4686a7a59bf8f6b3ccf3c6711d912fecb891,US,United_States,,vless,websocket,tls,failed,failed_unverified,0,timeout,2,,
e8560c2d8c7f6982ef006b6b3ce209f61a60e4f762a63fbfc36d3aadc5cb7c3e,,Unknown,US,vless,raw,reality,geo_resolved,fresh_verified,0,,1,http,2429
e85c0bc549da2676cdf0af02374ee318f04b2480d4da459e73a8c7e892ec1c81,,Unknown,,vmess,websocket,tls,failed,failed_unverified,0,timeout,2,,
e85d90476b595355806ab772d8a69d07ed8ef75eccb7cf535be4e977163de7e7,US,United_States,,vless,websocket,tls,failed,failed_unverified,0,eof,1,,
e8719689ff20b5cf357c2aa2baa790ad0c7c35dcc5df2086fb12e45241907863,IT,Italy,IT,vless,raw,reality,failed,preserved_last_known,1,timeout,2,,
e89750873e850c3cc5f9a55230b1d2ef625de9c70eb76732cdd141975fb67e43,,Unknown,,vless,websocket,tls,failed,failed_unverified,0,reset,1,,
e8eee54e530bad877bea475cd75fd8c4f17b2462ad55ff068d4feb39331ca6ac,US,United_States,,vless,websocket,tls,failed,failed_unverified,0,reset,1,,
e92e9bfbc0d5f5cfe6601f92122de2ee43d80d9f91f6b2e8a32b9a6fec0f7256,RU,Russia,,vless,raw,tls,failed,failed_unverified,0,eof,1,,
e93a94015ee2be8a1a0151aa16ad3e67ca1badb41ebe39bf6ccf1aec14319350,CA,Canada,,vless,websocket,tls,failed,failed_unverified,0,reset,1,,
e94e2dd2d592264c88e67c0f552a0f77a8ff6cbf68c9e900cee170ab08df7a9c,,Unknown,,vmess,websocket,tls,failed,failed_unverified,0,eof,1,,
e9585aa5f5f7be6f2d6fa0620137d8ddd376351a62382ca5188156c8602dae22,,Unknown,DE,vless,websocket,tls,failed,preserved_last_known,1,eof,1,,
e95b7bdbf179e5f934f209be2af97f22eb1c2f3db2384d1bc403ada53143f899,US,United_States,,vless,websocket,tls,failed,failed_unverified,0,eof,1,,
e996c39c913c1b30aee8bdb4b8ea741930fd1570d3f8aaffdd83e09515f23728,US,Us,,vless,websocket,tls,failed,failed_unverified,0,reset,1,,
e9a0c65789bd4c5c8d53d5eba22040eb6ffc864e16fb48666541a432ad7b2273,,Unknown,,vless,raw,reality,failed,failed_unverified,0,timeout,2,,
e9cb67f21060ea2d4075f6ea4f79cd7288a8fddcb7951c6ea3c52649c34ff288,US,United_States,,vmess,websocket,tls,failed,failed_unverified,0,reset,1,,
e9cd2be306314728a1483915ae469b40930fcca4fdf6966456fac0e5ba279f55,,Unknown,,vmess,websocket,tls,failed,failed_unverified,0,reset,1,,
e9dba8a3765a05c5969180b32e82bd7422d2e1e993e243125f0fee3de0a87965,US,United_States,,vless,websocket,tls,failed,failed_unverified,0,eof,1,,
e9f4ea58401cc4d0434a82ea1d278d26a31e94a2974ed356fcb0f9c077e0decf,,Unknown,,vless,raw,reality,failed,failed_unverified,0,timeout,2,,
e9fe92e4c50cc35291a1b85f4483258b5d75703c4475eca255e6cbfcf1373215,RU,Russia,,vless,raw,reality,failed,failed_unverified,0,eof,1,,
e9fec2fc8596a066479d7083cdb3587dc0dbfb4bd4c97a84a238de9439dc90d9,US,United_States,,vless,websocket,tls,failed,failed_unverified,0,eof,1,,
ea056b70fb29ca40c968d807fed08d51843b6d2064d38eb2355162a949bbe700,CO,Colombia,,vmess,raw,tls,failed,failed_unverified,0,timeout,2,,
ea2096f0d5d0c96b419f9ca55090bafc651553eab86287945c057f92501a4ecc,US,United_States,,vless,websocket,tls,failed,failed_unverified,0,reset,1,,
ea35d5b5a99719f774a2befc41e41e739254e825c5487d9a102871a3257f1a69,,Unknown,,vless,websocket,tls,failed,failed_unverified,0,reset,1,,
ea49efc7753a9d1f7d6223efe541abeb734f00d2cb9d9e85909610f3f4939159,IE,Ireland,,vless,raw,reality,failed,failed_unverified,0,timeout,2,,
ea4bad61853c31f513f679869c90f6a4d1cd9d9317815214ef87d3b61a52bdc3,US,Us,,vless,websocket,tls,failed,failed_unverified,0,reset,1,,
ea4f0d0838a7a3ee2b3bbe08d947c56eae8cd2df7e391f8d2a7f1fbc349c15ad,FI,Finland,,vless,raw,reality,failed,failed_unverified,0,timeout,2,,
ea5613c7d90a41b94fa181758c7f54f5c51cd2452ac6d2012b68c2b78ec7dec1,US,United_States,DE,vless,raw,reality,geo_resolved,fresh_verified,0,,1,https,5683
ea67d531497e1a2f2ba7f13c151d02a0fea4abcffa4a35baf157738769478b1a,,Unknown,,vless,websocket,tls,failed,failed_unverified,0,reset,1,,
ea723c3f8e8e9267e9eaf4ac4fb8d6cecdcffbb716253b99ed9f04913a57142f,,Unknown,,vmess,websocket,tls,failed,failed_unverified,0,reset,1,,
ea7342f6be443b0fd7a263e3af1620a84b550d09699de1b13828cbf73bef6960,US,United_States,NL,vless,raw,reality,geo_resolved,fresh_verified,0,,1,http,3089
ea77be313272a459be1acd5fba5d43fe1f007f81028e6e86d42daa2cb4a4bc8a,GB,United_Kingdom,RO,vless,raw,reality,geo_resolved,fresh_verified,0,,1,http,2127
ea7827705e950fd9a46757a58dea42ead64fba737154bcc6de49f481fa494be7,US,United_States,,vmess,websocket,tls,failed,failed_unverified,0,reset,1,,
ea90f11e8fe0a561dcea1b5c45542ed09fd443474d26ec2a7c3cb9591f29876d,,Unknown,,vmess,websocket,tls,failed,failed_unverified,0,reset,1,,
eaa8bfb2518ee8960d2e9179f75afe3504caaf1fdc935edaa30c6904002225e1,GB,United_Kingdom,DE,vless,raw,reality,geo_resolved,fresh_verified,0,,1,http,2090
eab44ec55b1191ca25325fa9c073d5abf7e79d6c051d7a48885e8434f5203b5f,US,United_States,,vless,websocket,tls,failed,failed_unverified,0,reset,1,,
ead3b7d966f50bc21db0438c4140ea1ff887615d75ca94bb1ce109fb2229222a,GB,United_Kingdom,DE,vless,raw,reality,geo_resolved,fresh_verified,0,,1,http,2072
eadf3aa98b71bcd6265e3278b0889840e56a5e9307eb76605f59cb8bcfdce4e7,,Unknown,,vless,xhttp,tls,failed,failed_unverified,0,eof,1,,
eaf32a8ba0700e3e2df55af77bf6d1c70fb14cbb955aec927ef73cebde98e757,DE,Germany,,vmess,raw,tls,failed,failed_unverified,0,timeout,2,,
eb066fcd625c27e7cf25092a0912ebfccb76d81c20fe80a4f7970f9aefdf0868,IE,Ireland,PL,vless,raw,reality,geo_resolved,fresh_verified,0,,1,http,2310
eb0b94a539ac9dc15a38873c1759c34d0a8179eb3d7bc533296a9bfdd44da8bc,US,Us,,vless,websocket,tls,failed,failed_unverified,0,reset,1,,
eb10d46d01e4edde639561f1ee9778891e46eb03a43271a79eec3336551d8e48,MD,Moldova,MD,vless,grpc,reality,geo_resolved,fresh_verified,0,,1,http,2202
eb1ff902a7935e8b44e0367d8bbd692db69914acadc3eddb0a737edc70be8e0e,BG,Bulgaria,,vmess,xhttp,tls,failed,failed_unverified,0,timeout,2,,
eb3d22e30b90ef659822cc1239e89e8e491d070852114588c680625ed52f4e1a,CA,Canada,,vless,websocket,tls,failed,failed_unverified,0,eof,1,,
eb3dc2ad46e5591b97a7561e02e509f86061c80177aac88eca7e4c2782417c85,US,United_States,,vless,websocket,tls,failed,failed_unverified,0,eof,1,,
eb57d7808af9a412dc00b31921e72630da2de9b200086515f99f5bba6bc582b2,CZ,Czechia,,vless,raw,reality,failed,failed_unverified,0,reset,1,,
eb68d7aa175537eb94f2976dde0acd2df899d7b5e8beb5005a95d9d3cd1c360f,US,United_States,,vless,websocket,tls,failed,failed_unverified,0,eof,1,,
eb6c527ed103653e3de54192526b4aff0b9cee39059db536fc579e36fcaca094,,Unknown,,vless,raw,reality,failed,failed_unverified,0,reset,1,,
eb7345eba9168a7736f5c1b9eeb0af34d0a54e3c31f5b68ead6355631251b1a3,US,United_States,,vless,websocket,tls,failed,failed_unverified,0,eof,1,,
eb73dba8fd7ccf35372c65133abdcbfd8ac14fe36c59393880bceae9515486a8,CA,Canada,,vless,websocket,tls,failed,failed_unverified,0,reset,1,,
eb8374574b50ee80de4df062a7d2bc5bb36ab6d60e026e633fdf78ca1e7d5a7c,FR,France,FR,vless,raw,reality,geo_resolved,fresh_verified,0,,1,https,2200
eba618500b877a35923e7694132afd4f7077c713cd0eda6fce8b62546021a9af,US,United_States,,vless,xhttp,reality,failed,failed_unverified,0,timeout,2,,
ebc7aa808cbe43b0096bc02f5fd2e6d2931f3db2863dde21dfb24b4321330e34,MD,Moldova,MD,vless,grpc,reality,geo_resolved,fresh_verified,0,,1,http,2322
ebd0ac6a9c1dcc2d39d197da164b1d4060894c760e1dccf5fbc044dda64a2e39,US,United_States,,vmess,websocket,tls,failed,failed_unverified,0,reset,1,,
ebfec0ad312e3ad8ebf2a1bece22c2a3e6edb88b7ef139db564640c96c92a308,RU,Russia,,vless,raw,reality,failed,failed_unverified,0,eof,1,,
ec06a0324a6335f69f0f73b937e4e91707bda3e0cbcb644462758a3efafe3ac0,RO,Romania,,vless,websocket,tls,failed,failed_unverified,0,timeout,2,,
ec0b828601b0b8dae0c078f88d3d51eed09a4ee75c06fedbad6f926db566fd08,,Unknown,,vless,raw,reality,failed,failed_unverified,0,eof,1,,
ec13891c6af2cb1006e82ce1ce6fb4ae1d1db002ed2e15e938c7d28f20caf83a,MD,Moldova,MD,vless,grpc,reality,geo_resolved,fresh_verified,0,,1,http,2440
ec1dc1ef614736c9b0fd10f5d2aad6dd091f5c2691206919bae6a55f7382599b,,Unknown,,vless,raw,tls,failed,failed_unverified,0,reset,1,,
ec5653e6549cbc0e760d4ad32f647e6d49c8453efbdffec62f86ddd7466c6594,US,United_States,,vmess,websocket,tls,failed,failed_unverified,0,eof,1,,
ec7689216fd7c2059da2f6b661473f911bb21045da7b8bc465bbb9828c59525c,,Unknown,,vless,websocket,tls,failed,failed_unverified,0,reset,1,,
ec86fdb47d4945fff4bc90357056e933dec2d7064bded14deed48ec28f19c7bc,GB,United_Kingdom,,vless,raw,reality,failed,failed_unverified,0,timeout,2,,
ec9c6cdc8e8de5b9d6c53b85e2c9311ef2cafd37faa281e54f23876000676281,US,United_States,US,vless,raw,reality,geo_resolved,fresh_verified,0,,1,http,5970
eca25998d23fd9cef79c38d256e3814426941c375dc679966b5a7df54f4faed8,GB,United_Kingdom,,vless,raw,reality,failed,failed_unverified,0,reset,1,,
ecb2f4d18d99f4e909bae81ae12980dc5df1a454625077d1b3e060e9e3a8e3f2,,Unknown,,vless,websocket,tls,failed,failed_unverified,0,reset,1,,
ecc00781ee45945bd7a87218ce92257bdc53b13c9030a8f4ba2f19261a4e3dbe,US,United_States,,vless,websocket,tls,failed,failed_unverified,0,eof,1,,
ecc628c64e510f65f1df0b56cfa34986204931d12cbc6fa94b68109f5715dcd0,US,United_States,,vless,xhttp,tls,failed,failed_unverified,0,eof,1,,
ecd0db044592daaf12e5484f1d7e35585f9a2e107ab3d2fbdbcc8a61519d9fed,DE,Germany,,vless,raw,reality,failed,failed_unverified,0,eof,1,,
ecd187a97b115024704d3751e8df4c3c542e50780d3b66ab8a64fa3cb417bf22,,Unknown,,vless,websocket,tls,failed,failed_unverified,0,reset,1,,
ecd333937db6265388180917ac7f8cdf76fd8e126b4345aca133fb926d9ef601,CA,Canada,,vless,websocket,tls,failed,failed_unverified,0,reset,1,,
ecdce1c88f69bf61d03df39fceb47f723af12100cfa225640c8ebb7ae2146cac,DE,Germany,,vless,xhttp,reality,failed,failed_unverified,0,eof,1,,
ecde935f26501a3fffcd05899420309a4ef059ee988db49dec109807033d209e,,Unknown,,vless,grpc,reality,failed,failed_unverified,0,reset,1,,
ece10a018a1d6107c7f43b0e27297c662149012f8d95f836b9dd844c858a9d93,US,United_States,FI,vless,raw,reality,geo_resolved,fresh_verified,0,,1,http,4596
ece57236c1123ab28919b30ab72ca41692f20caaf5109779a99e6880de480ba6,TR,Turkiye,,vless,raw,tls,failed,failed_unverified,0,timeout,2,,
ece8e8040a52c1eb91f4d0669c79c1ca3c48a23cb7ffc23c6c0933d95af54aa1,US,United_States,,vless,xhttp,reality,failed,failed_unverified,0,timeout,2,,
ecf288d44012a5546e188bdf9da08d0b0b2c1709b43796a51acad2091cf62335,,Unknown,DE,vless,xhttp,tls,failed,preserved_last_known,2,eof,1,,
ecf3f75f0c1cad7a3857f3c4ac355af56a8c8819eda74621cce2dbf6635791cd,GB,United_Kingdom,,vless,raw,tls,failed,failed_unverified,0,eof,1,,
ed0212d072e1055f875128124b1da9b23658f10deb68efb8af175b4afd86c4cd,HK,Hong_Kong,HK,vmess,websocket,tls,geo_resolved,fresh_verified,0,,1,http,1896
ed06bfac0f611e7061ed63464005b521e1fffb0442140447608bf933902391dc,,Unknown,,vless,raw,reality,failed,failed_unverified,0,eof,1,,
ed08d276d249debee40c9dae53bc31f2ff636bce16a0b0083b67800348b75f0e,FR,France,,vless,xhttp,reality,failed,failed_unverified,0,reset,1,,
ed167914aeeb0a559c7efb4b690d16715998a8317127fa12ec83163221623767,US,United_States,FI,vless,raw,reality,geo_resolved,fresh_verified,0,,1,http,2269
ed1b79dad27db2ebc02decbdae6e26141ce47b1004ec357d2a3224114e4d83b8,US,United_States,,vless,raw,reality,failed,failed_unverified,0,reset,1,,
ed1dff77e2058e39af9e61fe1992c7735db41408bbd6b868bd1da78f79d7a83c,US,United_States,,vless,websocket,tls,failed,failed_unverified,0,reset,1,,
ed424963dcb73bddd6b7ff1567544ca5fc66d491984ebd5a959c52ff42684f3e,CA,Canada,,vless,websocket,tls,failed,failed_unverified,0,reset,1,,
ed6073cc24412a67104b3c28917786f44f146b85d44771992fb257902fd69bf7,,Unknown,ES,vless,raw,reality,geo_resolved,fresh_verified,0,,1,http,2147
ed6a9716599e37744ccb1ed4856fd73fe9dfe8c14ab673235ef4dcb4a08e48d1,,Unknown,,vmess,websocket,tls,failed,failed_unverified,0,timeout,2,,
ed72c2fec2d5551154910c948250e34e0bedaa12c2f3698ba9ae7ed633aa8884,,Unknown,,vless,grpc,tls,failed,failed_unverified,0,reset,1,,
eda9892dae80a0290bea2854dd39a6fd96ff45ed8ae70776d278477dde97911f,DE,Germany,,vless,grpc,reality,failed,failed_unverified,0,eof,1,,
edaaeb2ac7cf49efb051cd271299c8f94846e2e0684f89cd647ccf8f0750051f,,Unknown,,vless,websocket,tls,failed,failed_unverified,0,reset,1,,
edb0f4e362416e98a7f855d6741585906c06fc46726afd6f6ac194cc4b26c98e,UA,Ukraine,,vless,grpc,tls,failed,failed_unverified,0,eof,1,,
edc3b469879cf5f40eb653b38147ee3441b0e4cd8c651815b9a7215a3a8c4bba,DE,Germany,,vmess,httpupgrade,tls,failed,failed_unverified,0,reset,1,,
edc6a03326334ea08729875fe0b3174dd39b30befae0fbbc2e33cbbdc1b2d3c3,US,United_States,,vless,websocket,tls,failed,failed_unverified,0,reset,1,,
edccd30097df1652d05c7891be5518a67bdad9909b178031870cb9a660da50a1,US,United_States,,vless,websocket,tls,failed,failed_unverified,0,reset,1,,
edd267232548b4a4edfb7a5c28c46e285c38880bf26c829e4b967f07e8743e9a,,Unknown,,vless,httpupgrade,tls,failed,failed_unverified,0,eof,1,,
edef6c05c02503c40fdfe7ceae4a8599fa35d5d7f1a0e81caffd77e0540e7408,,Unknown,,vmess,websocket,tls,failed,failed_unverified,0,reset,1,,
edf1f22240b7bfb9725f5c8361004527aa2cbfd2f1fec22ee7e7917906ed588d,US,United_States,,vless,websocket,tls,failed,failed_unverified,0,reset,1,,
edf32cf0ca49019bc22018a47f343d53d607af8f214b2455e6f3c94d760c4645,US,United_States,DE,vless,grpc,tls,failed,preserved_last_known,2,eof,1,,
edf59b4ccfa539d4d82fccbdbbddfde4252f4de03168421ac68214fad5d0eea9,,Unknown,,vless,raw,reality,failed,failed_unverified,0,reset,1,,
ee0b50ac71dac204e44c753e720363d27750ac3dd62e5d43c6012ba0661ec240,US,United_States,,vmess,websocket,tls,failed,failed_unverified,0,reset,1,,
ee125ae0cf0f47b3e91e95ac19fa47a7a7ff0cac2430addb1d1df6f3c0d982b9,GB,United_Kingdom,,vless,raw,reality,failed,failed_unverified,0,timeout,2,,
ee3279bcdff591bdc4ea942f251f635476c6c635f4d24a78f11a34bb74d7e61d,DE,Germany,,vmess,raw,tls,failed,failed_unverified,0,timeout,2,,
ee36bc289cd46f4a260104f8ffa96ff91de55022a2709133894bf0396be62d96,US,United_States,US,vless,raw,reality,geo_resolved,fresh_verified,0,,1,http,1293
ee37b91826c085d4066128fdcbb2148a610461e10eaf2568a7dbda078fb7e1df,,Unknown,,vless,websocket,tls,failed,expired_after_failures,3,reset,1,,
ee3bd48a265441e4758c02c82b175894ba3d118624773a21696323f85ef44321,,Unknown,HK,vmess,websocket,tls,geo_resolved,fresh_verified,0,,1,http,2219
ee445f9c485f9be441ea3891f55469b1c55a0c460e9e162619918e0654a1ccd7,,Unknown,,vless,raw,reality,failed,failed_unverified,0,timeout,2,,
ee57c1ccfee13a7fa4c93fbe197dd62d699f6d12526911519f13b7221f41e218,RO,Romania,,vless,raw,tls,failed,failed_unverified,0,timeout,2,,
ee9ff4a89509a29455b2bf573dc48bb07ae3d4f81a6279316b632b7cb7485c00,US,Us,,vless,websocket,tls,failed,failed_unverified,0,reset,1,,
eea4f4d735b552fa4f6954caf4f9097a1fca6ddac41db6dccf0cbf2d0ee76820,US,United_States,,vmess,websocket,tls,failed,failed_unverified,0,reset,1,,
eeccbf81de3ff94603ae16fe4387dbaa9b3738df8acc928aceb5ac6a1a30b796,US,United_States,US,vless,raw,reality,geo_resolved,fresh_verified,0,,1,http,2752
eed42b2b91a11328715b3336bb7b8b4fc5261f3d39792521ca443046d9653b42,,Unknown,,vmess,raw,tls,failed,failed_unverified,0,eof,1,,
eed4c18cf8a209cc4abf84f324594d8fd336f4048e5f598e887377224a7f922c,US,Us,,vless,websocket,tls,failed,failed_unverified,0,reset,1,,
eed7a1aea052968b35dfc1ab2260b089a4d6dcdd3962a8829734ebb3811db026,RU,Russia,,vless,raw,reality,failed,failed_unverified,0,timeout,2,,
eed80fc216f636549d8e75ae93a5d80093cd1075e3ee14d2b071c39030041970,,Unknown,,vless,xhttp,tls,failed,failed_unverified,0,reset,1,,
eee4e895f9376db2b2d46948a90bb58bdd8ff7ba0ce79e6e2c8fe5b7f1f00036,SG,Singapore,SG,vless,raw,reality,geo_resolved,fresh_verified,0,,1,http,3449
eeef5ac9f31fd52947835d5d3f489c6a17b776e9718b0b5d16e906668b3a2f66,,Unknown,,vless,raw,reality,failed,failed_unverified,0,eof,1,,
eef5bc5d95c3be0c5a471da84b638ccb90be193d2a3a8e2b62b824b7c50295e4,RU,Russia,RU,vless,raw,reality,geo_resolved,fresh_verified,0,,1,http,2231
eef8f1dcfd138b4ec107dabf7916748f09be7c9ee44366eeb44252abde981f72,US,United_States,,vless,websocket,tls,failed,failed_unverified,0,reset,1,,
ef061a3adb60bd6e868481b91fdab1c9ac977a432ec549f163f6920727ad06c0,,Unknown,DE,vless,websocket,tls,failed,preserved_last_known,2,timeout,2,,
ef0b843e8c98814203090311ad231525a9392483a47ac4c242c14e427a2f4e54,,Unknown,,vless,raw,tls,failed,failed_unverified,0,reset,1,,
ef0e4577a3f595c9b601f4ad81bbe40266af2ee8de936edf37ba9041d55096ac,IR,Iran,,vless,raw,reality,failed,failed_unverified,0,reset,1,,
ef1d031247c3bdf5d0fc35f7238ecd4bd9bee0fe13c397a5aa078750e0c4f60a,,Unknown,,vless,websocket,tls,failed,failed_unverified,0,reset,1,,
ef301811b075770dd2222225b8671987cd2ac1ace1368c664258eece9e336b9a,PK,Pakistan,,vless,raw,reality,failed,failed_unverified,0,timeout,2,,
ef32c5e0e74cde4a81f88e4d8b1d11233e6a58268dba67cf4ce3cc91236e6a02,,Unknown,,vmess,websocket,tls,failed,failed_unverified,0,reset,1,,
ef39318c020de9bfffcbc465223fc76739ef430a0e046d7967adfc8f1fba634b,DE,Germany,FR,vless,websocket,tls,geo_resolved,fresh_verified,0,,1,http,870
ef3bb2688215f9bd6a04719f1857365161f7210cd36cf2cee96abaf6fe226dc8,GB,United_Kingdom,,vless,raw,tls,failed,failed_unverified,0,eof,1,,
ef42643b6e1a83c4fc507b869a042d4ba338bdb91a53d016ceb1d0ead56a51f1,,Unknown,,vmess,websocket,tls,failed,failed_unverified,0,reset,1,,
ef53cc22dff62213f0dad6578b59447cb39f68c768e45c8ab09ffd40566f1226,GB,United_Kingdom,DE,vless,raw,reality,geo_resolved,fresh_verified,0,,1,http,2317
ef6804823a7056b874c104069ecd31c0e0fd038c88be0addad10dc7aa99dc7b3,US,United_States,,vless,websocket,tls,failed,failed_unverified,0,eof,1,,
ef859b910eacb11b9301648adf9f81c5d723ef8ab965dd1ba6f1801feb918760,,Unknown,JP,vmess,websocket,tls,geo_resolved,fresh_verified,0,,1,http,3722
ef9fcfea61cf9892f3c80a47f1f7cb6b924b43e12b3883bc1733844444ac1f36,HK,Hong_Kong,,vmess,websocket,tls,failed,failed_unverified,0,reset,1,,
efaa0fb257cb12f2a2f05f1fd2601d842d3caee951e2b0e5e40823b2c3af99a3,GB,United_Kingdom,,vless,raw,reality,failed,failed_unverified,0,eof,1,,
efc6f469a082980f306679d926be0ea1d02bebfbd554128a9ac1f3b4918f9dc5,CA,Canada,,vless,websocket,tls,failed,failed_unverified,0,eof,1,,
efc8cadd3f0b3c12c46c9d0e77da17536c871d1cad6e6ffe66c2f6568a18d793,CA,Canada,NL,vless,raw,reality,geo_resolved,fresh_verified,0,,1,http,2084
efecd0a9776afb7ea7c4db04dc8c7f740dd5dd344affeff073707b376d3841dc,CA,Canada,,vmess,websocket,tls,failed,failed_unverified,0,reset,1,,
f0029b5d9e84243ef193994a0d75372868094752716ddb065fa368cb51f597dc,,Unknown,,vless,websocket,tls,failed,failed_unverified,0,reset,1,,
f00733552d3d741921768f23f91c3e7c678b29c3f785d3ae0b550fb962361ddc,,Unknown,,vless,websocket,tls,failed,failed_unverified,0,reset,1,,
f018c59f09ec57a18cc65afaf144b7d7930e8b11b046b3b458a815d462f789cd,NO,Norway,,vless,raw,reality,failed,failed_unverified,0,timeout,2,,
f022759e5fce5c45a27dafdaac0e3b9e2f8062e1658d23d31545f4af082660ca,CY,Cyprus,DE,vless,raw,reality,geo_resolved,fresh_verified,0,,1,https,1256
f026c86335db78b7fcf2738074aa5a786810f223a8fdee26f4222a4a3c0bb7af,,The_Netherlands,,vmess,raw,tls,failed,failed_unverified,0,timeout,2,,
f03860d63572caf05dbb8a05dc7f11eff75a2cf37522b0a08bee085eecd5a276,GB,United_Kingdom,,vless,raw,reality,failed,failed_unverified,0,eof,1,,
f03e167fbd5d551f36f75a7b5db673258f210a0870ecff2a4bf644a793f7c6d5,US,United_States,,vless,websocket,tls,failed,failed_unverified,0,eof,1,,
f061653eb6039c17b3cac038e872e845bbdb3fd21b0e8b187aedf49f834f3b7b,,Unknown,,vless,websocket,tls,failed,failed_unverified,0,timeout,2,,
f06ee6f71160eb18eec83303f0abe5453eeac0ad5c762a488e86ff4ce5bd1b1d,DE,Germany,,vless,raw,reality,failed,failed_unverified,0,eof,1,,
f09c82da27178984d110fe55c126f61b55f52f72e347cdfdf0d1301054090eb4,HK,Hong_Kong,,vmess,websocket,tls,failed,failed_unverified,0,timeout,2,,
f0a3201afefdd16588ed400fdf172470b23cb9a7b190dd829a0d77e4f090372a,,Unknown,,vmess,websocket,tls,failed,failed_unverified,0,reset,1,,
f0ac449e99593b0fa3187ef200eebe56c60200230d446ad51066408c51a39087,,The_Netherlands,,vless,raw,reality,failed,failed_unverified,0,timeout,2,,
f0b5f4539f7bae2ab32b7ee2e5f0d5bd2ea59f789b87632ead5cc66c4af32ba9,,Unknown,,vmess,websocket,tls,failed,failed_unverified,0,reset,1,,
f0bbc5276e4a14b26c47f35370b21d4cae5b27ef857d2d10bcab2dcb0e4f8b16,PL,Poland,PL,vless,grpc,reality,geo_resolved,fresh_verified,0,,1,http,2626
f0cd7abb768fd51d146d60ce68c76db699732e3bd772562a32d738291f86f30c,,Unknown,,vmess,websocket,tls,failed,failed_unverified,0,reset,1,,
f0d79133236471bb29ff8983c8eee6ed6a1c87c1847cf4eba4d7ebb6a50df1b5,,Unknown,,vmess,websocket,tls,failed,failed_unverified,0,reset,1,,
f0eb25023992442f129c7d05fcd0f7cc8e23716286cee7ff779fbb6a8717b98b,RU,Russia,,vless,grpc,reality,failed,failed_unverified,0,eof,1,,
f0f3bec563b47fdad55ac9c2b43be0d00c2846759b6b915c8f44dd4d77974d1e,JP,Japan,,vmess,websocket,tls,failed,failed_unverified,0,reset,1,,
f0fabbf2f6e993e40d8958a18441ecec06482dd2c9715e0da55b72a3eb5e5faf,US,Us,,vless,websocket,tls,failed,failed_unverified,0,reset,1,,
f104149ade28becb1dd7eaf37fec0e67f817b56e5833238e5b74280cddcb6b09,,Unknown,,vmess,websocket,tls,failed,failed_unverified,0,reset,1,,
f11590a02d711fa42cb8e702c52061c1dfdfa9c5b47ce0cdf97988511e512594,GB,United_Kingdom,FI,vless,raw,reality,geo_resolved,fresh_verified,0,,1,http,3169
f127435109fd7fd8b286f47a9fe776d7d20f9dd58359f1ab848091afaf9ba216,RU,Russia,,vless,raw,reality,failed,failed_unverified,0,reset,1,,
f13462f89ad8d3f2ea824c3f6480b58386ff1804826ea5f0e0738b39c43f979c,NO,Norway,NO,vless,raw,reality,failed,preserved_last_known,1,timeout,2,,
f15c140089c3e2090eead487e008fccf90f0bdd6ac692327d1dce7e48a1420f8,,Unknown,IN,vless,raw,reality,geo_resolved,fresh_verified,0,,1,http,2465
f164bfffc07f384106d4b79613a4f5876dc4779bcde962c6bcf322fb8f207e75,DE,Germany,,vless,raw,reality,failed,failed_unverified,0,reset,1,,
f16ac3515cb8189bfe9532d8d806760e41344e90cff7adec37974f802e171374,US,United_States,,vless,raw,reality,failed,failed_unverified,0,timeout,2,,
f16edb4b62eb1c8ca324430832c57633a071959ff41af872a96c17b34d69dd0d,,Unknown,,vless,websocket,tls,failed,failed_unverified,0,reset,1,,
f18365d7e04b0c8fe6dbadd85d2bc34e801db1abb1c0ca045497fc717a378f62,,Unknown,,vless,websocket,tls,failed,failed_unverified,0,reset,1,,
f18761179f6e3dc10fa674c84863fecd024bc143f691b0268825480b6297dc08,,Unknown,,vless,raw,reality,failed,failed_unverified,0,eof,1,,
f1a23a3474857dff65275db61f0a718c1f3114e9b5e3988af75266937ba5c43c,GB,United_Kingdom,,vless,raw,reality,failed,failed_unverified,0,eof,1,,
f1a2432948e93d839c355682281d4304c491b5d11163108bca4347f0ae24e6ce,US,United_States,,vless,websocket,tls,failed,failed_unverified,0,reset,1,,
f1a4c93b487c51d300fe53bc14b608e5bd871ea8de528d25d67cf9166e2ee393,,The_Netherlands,,vmess,websocket,tls,failed,failed_unverified,0,reset,1,,
f1b1a78ee1cab45f2abcaa7c4a42e40f44bbe96ac33ea3874a60cfe6d2c6dfac,,Unknown,,vless,websocket,tls,failed,failed_unverified,0,reset,1,,
f1ded480e0ce94a5cdb66186ef505823a4b5f713367f3a91eb8cced75bb5da82,,Unknown,RS,vless,grpc,reality,geo_resolved,fresh_verified,0,,1,http,2175
f1e3fdd7381cb31638b92e8397b4d9c2e78ade561e6494c93a9d49b34d95b11f,US,United_States,FI,vless,raw,reality,geo_resolved,fresh_verified,0,,1,http,3381
f1f1bf71bde3eef64dfd5ef9173bbe77efadec65b9c8a069ccf2e70ed15015b1,,Unknown,,vless,websocket,tls,failed,failed_unverified,0,reset,1,,
f1f95f0655d9cb8fd3500b284c183732e3beeed3f06ec04e7420b0eb923e74d6,,Unknown,,vmess,websocket,tls,failed,failed_unverified,0,timeout,2,,
f1fc0ea28f608732d1f95d0a609e0a3b48c341a515051202179b83ec41fcd839,US,United_States,,vless,raw,reality,failed,failed_unverified,0,eof,1,,
f20c2df0bd200a49274d2fe62af39aca4bb3b1c08cc3d2ce05ee3861ed58f4b7,,Unknown,,vmess,grpc,tls,failed,failed_unverified,0,reset,1,,
f219cfe8c053fb88b0f9b8c4e7a4138e70b0902f3cdf9a8663c07197ac9d1d9a,,Unknown,,vless,raw,reality,failed,failed_unverified,0,reset,1,,
f22322d3e950d3575dcbd71dd731ccb50bcedf9f09c8a3e85d04098e5908a462,,Unknown,,vless,xhttp,tls,failed,failed_unverified,0,eof,1,,
f2419c38cbe153fe02e807d86ab7d63c77d939df4978ac18ac554907c4cef314,BR,Brazil,,vless,websocket,tls,failed,failed_unverified,0,eof,1,,
f245884f11bbc3ca5fd23b326b513577a515e27dfa9b0bd39d3b716ff8b82193,,Unknown,,vmess,grpc,tls,failed,failed_unverified,0,reset,1,,
f256646015408caab52030fe1392869138240a2349c1aab46b0b1a84e5712513,HK,Hong_Kong,,vmess,websocket,tls,failed,failed_unverified,0,timeout,1,,
f277774d53419ae22a86afc2d17101a21d9d6bb7f6605c2bf44b2a3ffab55dc4,CA,Canada,JP,vless,websocket,tls,geo_resolved,fresh_verified,0,,1,http,2154
f2781d07093fe0a462e6b7a1329fc225bc097dc40e8528266ab88a2184cb7be2,,Unknown,,vmess,websocket,tls,failed,failed_unverified,0,reset,1,,
f291eeff67ff8e622ffb19b5fd2e76bc1b95a4010ab4a8ed301a924791df3f0a,SG,Singapore,,vless,raw,reality,failed,failed_unverified,0,eof,1,,
f2a5d5a9291b129fb64064f708943b1a76ec8450939d2a028d7672ed3842ed6d,,Unknown,,vless,websocket,tls,failed,failed_unverified,0,reset,1,,
f2b0f7b384190feaf32d6064c2e49ec7297e6c48fd54acb371596527a9fc850d,,Unknown,,vless,raw,reality,failed,failed_unverified,0,eof,1,,
f2b6e152a8088742e374b33ef53957866aae04792ed2c3b9ac770e22ab6b7707,,Unknown,,vless,websocket,tls,failed,failed_unverified,0,reset,1,,
f2db199bf491f4fa2aaf7c15d60c05e72f7f4ea2418007532b5f4f4345e7efae,,Unknown,,vmess,websocket,tls,failed,failed_unverified,0,timeout,2,,
f2dcb5fb3139533d99ada354693c84df1e5a8ab1973017193bde4963cf1fbbb4,CH,Switzerland,,vless,raw,reality,failed,failed_unverified,0,timeout,2,,
f2f49857d4a72af69171c4a3778a0436feec46f65c175ea283cb2ae839916fe8,DE,Germany,,vmess,websocket,tls,failed,failed_unverified,0,reset,1,,
f2fbcae51262ff7733a414fa007210df24fd1a8f29eee36430fa490c92d56c37,GB,United_Kingdom,,vless,raw,reality,failed,failed_unverified,0,timeout,2,,
f2ff69b6033990603992f44e5100fb61e464f2c62646b885c45675d937a54111,US,United_States,,vless,raw,reality,failed,failed_unverified,0,timeout,2,,
f303c5f48b459eeea6ce808a0e453897bc1214100ab57183cc683b7de3acb4c5,GB,United_Kingdom,,vless,raw,reality,failed,failed_unverified,0,eof,1,,
f30b7e628d4fded433f1944fbaa1349e0afc3a4f9b494aa020e31483a17b70bc,,Unknown,,vmess,websocket,tls,failed,failed_unverified,0,reset,1,,
f310079e7e3900cfd5083424020874f603c7a7ea0c6f68f34d1d2567b717c398,GB,United_Kingdom,NL,vless,raw,reality,geo_resolved,fresh_verified,0,,1,https,809
f32e36fbbb28758ddc9f3226f8563da91750ca7ea86dd5f6c89de0c2e276352a,GB,United_Kingdom,,vless,raw,tls,failed,failed_unverified,0,timeout,2,,
f33073d40a6b578c2ff9fc3e89c5d5946d054f22c33fe98f6c1a3784677909b8,US,Us,,vless,websocket,tls,failed,failed_unverified,0,reset,1,,
f335e4dff063a942adb13057c49f37db39e7fe8b9c8390758a3c22ef95eb0c16,LT,Lithuania,,vmess,websocket,tls,failed,failed_unverified,0,reset,1,,
f335f4ba56026349c3d140afd3578d77f852b614e4310bffa70509cc8b73cc06,US,United_States,US,vless,raw,reality,geo_resolved,fresh_verified,0,,1,http,2416
f3595125601fa36c70c95093cf17de546ff1f23769171c4fea097415fdb89d5f,US,United_States,,vless,websocket,tls,failed,failed_unverified,0,eof,1,,
f361062f0c55d984015d24565de8f3ed42f323e3e95d98566304520ebf8e83d8,JP,Japan,JP,vless,raw,reality,geo_resolved,fresh_verified,0,,1,http,3318
f372027219e16e74dbd7afc317c537709916a3afe6db48d8e0816bc8d5be31f2,,Unknown,,vless,websocket,tls,failed,failed_unverified,0,eof,1,,
f37d90179d9f258244f7f5763eabd344c8fe318a9883ef10cbe1cb550a1253a3,,Unknown,,vless,xhttp,tls,failed,failed_unverified,0,reset,1,,
f38b9db0f1b9743524eed20cef15b2b8bfa603b868fc08824392785f85cb61d8,,The_Netherlands,NL,vless,raw,reality,geo_resolved,fresh_verified,0,,1,http,2165
f38c5113f889e7d1f406668d4cb57aaf4fd71fb40bd326150cc3479355c089dd,US,United_States,,vless,websocket,tls,failed,failed_unverified,0,timeout,2,,
f38d9f86b303ecfa82f8f9bf05bfa53d43fb8cf2b9cafc97e113c30cc95ee751,US,United_States,,vless,websocket,tls,failed,failed_unverified,0,timeout,2,,
f390c9cf77681e2ebedb8b1d0c3d49b96a94f8e8e16e53522acfeaf43aa01b14,,Unknown,NL,vless,xhttp,tls,geo_resolved,fresh_verified,0,,1,http,4480
f3a2eda1c26b586406aa4ce2c21a2649151bf0342ebde01fcfa6d3e602731a8a,,Unknown,DE,vless,xhttp,tls,geo_resolved,fresh_verified,0,,1,http,2075
f3e09d15ffeacec9473e7c4b537139d05532637bcd957fc4c40265056e12d43b,,Unknown,BG,vless,grpc,reality,geo_resolved,fresh_verified,0,,1,http,2157
f3edbe5c7537f8cf538cc853a5506ba7b267786d8698443a5c91a7efa6e5a110,DE,Germany,,vmess,websocket,tls,failed,failed_unverified,0,reset,1,,
f3f8cf2a32a18709451a4c222b2dd64fa3466c7049dd0f4a6a79cb5032c9ab12,KZ,Kazakhstan,,vless,xhttp,tls,failed,failed_unverified,0,reset,1,,
f402126bf2b27279602bece22341166ffc9d99ee334ebd5ccc5ccf53193333a9,US,United_States,NL,vless,websocket,tls,geo_resolved,fresh_verified,0,,1,https,984
f4303f1982f20dba7716fc33423f6f40e61738aa9355e6f1a41290a2e2af1526,,Unknown,ES,vless,raw,reality,geo_resolved,fresh_verified,0,,1,http,2144
f433a2e90560278b943ba0fca308367c7911e5b2024373a3362e05ed373ba999,RU,Russia,,vless,grpc,reality,failed,failed_unverified,0,reset,1,,
f4343e955eb9128f0b9adc32046ae0df1b08edc9de414bbdbb7853e98a0577f0,CA,Canada,,vless,httpupgrade,tls,failed,failed_unverified,0,timeout,2,,
f43eed8f15fec779b11680598edbc41be55d9eb6da16a199df45588e33c2baaf,,Unknown,,vless,raw,reality,failed,failed_unverified,0,eof,1,,
f44aeb68f7f33e131c3885488f9abb6fb458af2d1f9959012a16272451bcdf09,,Unknown,,vmess,websocket,tls,failed,failed_unverified,0,reset,1,,
f46eb537d0660c5979e3b0df61bd512f6c27a2f818abed67718d87fd52ddd937,US,United_States,,vless,websocket,tls,failed,failed_unverified,0,eof,1,,
f470309503ea59ba83b45e4eb17dd20aa54bd96cafc1f46af2d10e88248d543e,US,United_States,,vless,websocket,tls,failed,failed_unverified,0,eof,1,,
f47df6787429f0cfab37f249c6bb2a7f080ff63aa4568546bfec2a86de02cb17,DE,Germany,,vless,raw,reality,failed,failed_unverified,0,timeout,2,,
f48925095309f588ba81aae55124f3b794d89356bc9c7a3d0014b7148f93795a,GB,United_Kingdom,,vless,raw,reality,failed,failed_unverified,0,timeout,2,,
f48f05ebaed24f5f73cda867232d6f77bcb22fb4a6c4bcd95672b1960e0886af,,Unknown,,vless,xhttp,reality,failed,failed_unverified,0,timeout,2,,
f4989f534a95f534eba0df1e2a6492cc7ac921555da2201f68869ac6d660ef44,,Unknown,,vmess,websocket,tls,failed,failed_unverified,0,reset,1,,
f49a3064c9ffe329acfab9ae73516226c81536e9c5a5a766dfd51852e7a68bdf,,Unknown,,vless,websocket,tls,failed,failed_unverified,0,timeout,2,,
f4aeb47fc7828188a302a77c1e1ff493ca0ed5c2f695005e1c08c4c4fc2d9f36,,The_Netherlands,,vless,grpc,reality,failed,failed_unverified,0,reset,1,,
f4b0128d92c88c86f75a90033a5b80df7c61eb4ae3d964d589805718bf56b37c,,Unknown,,vless,raw,reality,failed,failed_unverified,0,reset,1,,
f4be6d84a087f6810298300e18a0a8c903c246b5e5c8ba21aefacd33110e7039,,Unknown,,vless,raw,reality,failed,failed_unverified,0,eof,1,,
f4caa38b3c208b50e64aff58f501259be7d741fdc9887f6f5c8cf0b0b6cca928,US,United_States,,vless,websocket,tls,failed,failed_unverified,0,reset,1,,
f4cd7e4f651887cd0c06fc24da939ba6b91ec97b20e7b13a20cefbc79cd9eb12,GB,United_Kingdom,,vless,grpc,reality,failed,failed_unverified,0,timeout,1,,
f4e92e7d7249f22102cd19f941200502bbadd826c5d99123797e80fb58ae3ece,,Unknown,US,vless,raw,reality,geo_resolved,fresh_verified,0,,1,http,2530
f4ee002657c20f68f10d9d620f43b3f1e4b07d41b55433e6e7e3abae086d2e0a,RO,Romania,,vless,raw,tls,failed,failed_unverified,0,timeout,2,,
f4ef2350072db63c37117944bbac1a2a2690442ca16b099741554380edc45736,US,United_States,US,vless,raw,reality,geo_resolved,fresh_verified,0,,1,http,3085
f4fb29e7240a897ceec6c619503ea8ab40e9cee830f80bb2c98367db180902c2,CZ,Czechia,,vmess,websocket,tls,failed,failed_unverified,0,reset,1,,
f4fe9a6cafdc8dad43441527cd63323db576be9e461c567284f6d71ef6f8f543,GB,United_Kingdom,,vmess,websocket,tls,failed,failed_unverified,0,eof,1,,
f51894385ea3bf41139aa358247d4fe08382aed328b6349c66d359c577125f3e,UA,Ukraine,,vless,raw,reality,failed,failed_unverified,0,reset,1,,
f51e8921898fbddafd9e0e48b1101e4986a04918961a519fd2199f91c062dadf,,Unknown,,vmess,grpc,tls,failed,failed_unverified,0,reset,1,,
f5370c8a7b11a4fcdc49220feee945445f37ee29469b54e2a2a0d277c1840e7d,AU,Australia,,vless,raw,reality,failed,failed_unverified,0,timeout,2,,
f53e18f07f6a8fa95d18575f7c99da0e36e035d0c9e7ade748d12a8fd172cc4c,CA,Canada,,vless,websocket,tls,failed,failed_unverified,0,reset,1,,
f542fbe5ce395cd48debcd55bdfda17838a715f8bb49379f673a006a8bdbad4b,,Unknown,,vmess,grpc,tls,failed,failed_unverified,0,reset,1,,
f5472a600ffb92942022643702974dd0847b9875eb4ff4ca8498950e276a5cf6,GB,United_Kingdom,,vless,websocket,tls,failed,failed_unverified,0,eof,1,,
f54c24c9272454d17401b4184b65b38aa21dc094c0166d784e79271637e0ba66,SE,Sweden,,vless,raw,reality,failed,failed_unverified,0,timeout,2,,
f552b11bdf6bd5e76b9610d577c050616110bfcd2d3a629f02d3d701a670c85b,US,United_States,,vless,xhttp,tls,failed,failed_unverified,0,reset,1,,
f56114119b1bde0c819685f368738a96fd5d5d3586838711b085f632f8744235,RU,Russia,,vless,raw,reality,failed,failed_unverified,0,timeout,2,,
f5727e42927d4aeb543068e3277fd944f49ad805e8d3f678b0ddb9e0a4990d80,US,United_States,,vless,raw,reality,failed,failed_unverified,0,reset,1,,
f596846e5d671f4ffdb28d11875bad95f15c6342acc15cf9d6cc10d2a8a4af6d,EE,Estonia,,vmess,websocket,tls,failed,failed_unverified,0,timeout,2,,
f59da3e1e29545965fd70e81fd246a1b1bb7efcb671e05e37e43f310ffa7be59,US,United_States,,vless,websocket,tls,failed,failed_unverified,0,reset,1,,
f5a311988f04ce2e922b25391bf89f55fe542275cab18d8e2de7a1397a4e78c3,SK,Slovakia,,vless,websocket,tls,failed,failed_unverified,0,reset,1,,
f5a8e5876207f24c9203d1e7bf69eb78d640effa6e1efc5ebb287334d14429c4,DE,Germany,,vless,raw,tls,failed,failed_unverified,0,eof,1,,
f5c06fb93ccff92ff52760d6fbff8dc13b2ab12b98595f2615b4dbd1502c474f,US,United_States,PL,vless,raw,reality,failed,preserved_last_known,1,reset,1,,
f5c85c905c98919558fad809565d03eb801fece7c27856cd5c35ae4e0242fb1c,CA,Canada,,vless,xhttp,tls,failed,failed_unverified,0,eof,1,,
f5d3d9c99874d4fef316b5b79eaec42a3e1f3ff317c61c851087308fc9ce356d,US,Us,,vless,websocket,tls,failed,expired_after_failures,3,eof,1,,
f5dc4eb685135c845e147e443f4d0b24baa34c41b08294e7904bb7fe1f1399da,FI,Finland,,vmess,websocket,tls,failed,failed_unverified,0,reset,1,,
f5e31463430146cc2c3868eddabbea8b0223d64dd56e11664fd1a8890b251879,RU,Russia,RU,vless,raw,reality,geo_resolved,fresh_verified,0,,1,http,2242
f5eac8591123d0e29a63515def0f7ff0ec12779d9523aa0c73ed282d101fc1f0,RO,Romania,,vless,raw,reality,failed,failed_unverified,0,timeout,2,,
f61b4351d3545ed302b8688a5d1f9442661923bd4c2b7c6e29edfc23494ea616,,The_Netherlands,IN,vless,grpc,reality,geo_resolved,fresh_verified,0,,1,http,5945
f6226dcf53a933a209580eec01ae5ca8d3f6c88ea68541bf6ee6612399e9f9d6,IE,Ireland,BY,vless,websocket,tls,geo_resolved,fresh_verified,0,,1,http,4767
f62527963a0e7d6928a914b1a7ddc7e5eb4af07b63ee7becd6720917afbbd502,GB,United_Kingdom,FI,vless,raw,reality,geo_resolved,fresh_verified,0,,1,http,2638
f633cb73aa5c39b4270f53864a521c08952d838f8a7e46f2882eee2fa8dc7689,US,United_States,,vless,websocket,tls,failed,failed_unverified,0,reset,1,,
f63e166aadac1a73aeb7d704259f2d511a1077f191118de9af26b18b7070cded,US,Us,,vless,websocket,tls,failed,failed_unverified,0,reset,1,,
f64888192f25240708c69cf4a570d926480b8a47324cc1d2faff06fa9f7efefb,RU,Russia,,vless,grpc,reality,failed,failed_unverified,0,timeout,1,,
f6532c1ab600d6fdbb70ca323554582676c232cd4041783e7c1ed0cbf807c9e0,GB,United_Kingdom,,vless,grpc,reality,failed,failed_unverified,0,timeout,1,,
f66bb455c398aed60e9b70e31794a21aa4ac8cdbfecd3ac2ceae8214ad96fdd0,PL,Poland,,vless,raw,reality,failed,expired_after_failures,3,eof,1,,
f66e092d2d4fec6737d7c52ba84aa9b8ae7aa8e98b4a7d9b3c0fa071fb178e30,US,United_States,,vless,websocket,tls,failed,failed_unverified,0,reset,1,,
f67077b352489c3a33f269bb7319ad2463fe2afdcbff16d0cab879e86bdea8d4,RU,Russia,,vless,websocket,tls,failed,failed_unverified,0,reset,1,,
f67aa90a116724952ca240c630758535b12042d2bc1e3cb2eca906d020a926fa,,Unknown,,vmess,websocket,tls,failed,failed_unverified,0,reset,1,,
f68e4bb199fd6e6cc6614028dc647eebf4c75b660e9caec40a34ff2014140687,,Unknown,,vmess,websocket,tls,failed,failed_unverified,0,reset,1,,
f69f91930d00cc7e99d0fc2cbeccdf7b3b4b812f002461e827a04538146e5576,SE,Sweden,,vless,raw,reality,failed,failed_unverified,0,timeout,2,,
f69fac8f0752f05af07832e644b0d6d6fdca221018655f6e62a8e2230d8aaafa,RU,Russia,,vless,websocket,tls,failed,failed_unverified,0,timeout,2,,
f6aba2221095ba269bfe1497d1ac18230d434bdb94bbf316051ea0656f162347,CA,Canada,,vless,websocket,tls,failed,failed_unverified,0,reset,1,,
f6b695914d05253b6b9546c2685ef59d3e377b2f702cb478c0e2893859a7d6ab,TR,Turkiye,,vless,xhttp,tls,failed,failed_unverified,0,eof,1,,
f6d85ce547cc902edc45c4dbd167ec3e46b925aacf9b06bd50454685a0ae2b8b,,Unknown,,vless,websocket,tls,failed,failed_unverified,0,reset,1,,
f6e52e777d0fdc85c95139553cc36cee5dc03680fac1b2cefa3d7a544b57479b,DE,Germany,,vless,raw,reality,failed,failed_unverified,0,eof,1,,
f6e75ecebc9e1716b5c09d554f95500b2a92b9931f912ef199f92a7fb7077ec7,US,United_States,US,vless,raw,reality,geo_resolved,fresh_verified,0,,1,http,2511
f6e76046cdcbc7511c5fb950f485a08c1e2e75df7192e6c9e970b33f6d795307,,Unknown,,vmess,websocket,tls,failed,failed_unverified,0,eof,1,,
f6ebd5e9b9bd9072f0bc8885d1cf1259b71ea1c51132c053628870fad7dc2bd8,US,United_States,,vless,raw,reality,failed,failed_unverified,0,timeout,2,,
f6f5d4e1c31e25d32a58b0dabb6df274a64bd0831c80ef28ec3883a7b932c83a,GB,United_Kingdom,,vless,raw,reality,failed,failed_unverified,0,reset,1,,
f6f69d3b0167872779ecdd25e5bca0a659c1d33ea46b1c2785e91d6da0dc5b53,BG,Bulgaria,BG,vless,grpc,reality,geo_resolved,fresh_verified,0,,1,http,2134
f7188dc8e838c78f3926bf9247e0bf591fd83eeda89f3f915d218d544c427b69,,Unknown,,vmess,websocket,tls,failed,failed_unverified,0,timeout,2,,
f728f33b716997625347d7f112bcb1492b58160956493da21975fa77f10c4c50,,Unknown,,vmess,websocket,tls,failed,failed_unverified,0,timeout,2,,
f72dc0a782c14e95b36bbfedfde240201c1e5fb2a19ec958778abde13cd12418,IR,Iran,,vless,raw,reality,failed,failed_unverified,0,timeout,2,,
f733465b0b185381e4903edf9cc3bb70d4a9b35854eae4cf650b209ebcf5aa76,CA,Canada,,vmess,websocket,tls,failed,failed_unverified,0,reset,1,,
f73f11ade41f856fe17a8e5ed3fe8e7e9acbd4f41561c52070893c959893545c,BR,Brazil,PL,vless,raw,tls,failed,preserved_last_known,1,eof,1,,
f743861b6d79d3046e7f83b32a466522505ec54f72e45bd2ae56ee5bd5bddd9f,US,Us,,vless,websocket,tls,failed,failed_unverified,0,reset,1,,
f748757d74f4605bb99e7ef0cea94b98b1fa569ee6ab53055d88982569c94ab8,CA,Canada,,vless,websocket,tls,failed,failed_unverified,0,reset,1,,
f748b6d3e2d6a5c45f2a78340ec2b274024cbfbe65af0f71dbd49475ad3a001d,,Unknown,,vless,websocket,tls,failed,failed_unverified,0,reset,1,,
f76ba13b908842b2617d1fbd28178fb46a36f3ecd0976e61f43cb181d448a414,,Unknown,,vless,xhttp,reality,failed,failed_unverified,0,timeout,1,,
f7737c6b55dab13d94664b3e902e45372782077db95fe2c17f383c59c27d6001,,Unknown,,vless,websocket,tls,failed,failed_unverified,0,reset,1,,
f778078920698e7cacf7be7b6f0cfec5d708bd063bcb8f2618f45e9becde1fee,GB,United_Kingdom,,vless,raw,reality,failed,failed_unverified,0,timeout,2,,
f780ff7fc1311421c19435eeb55ca24d530e23e6c8219008a25498c873f5eb50,US,United_States,,vless,raw,reality,failed,expired_after_failures,3,eof,1,,
f7831520bf87ba4d7a94edc5f5451fc424a918feb1a435ae0b8163d6f6c0924b,,"Cn,Unknown",,vmess,websocket,tls,failed,failed_unverified,0,reset,1,,
f78d0d80a4fb53481fc413afdcaa0e7d676117feebe61ecd8fd8576ff26608f0,US,United_States,,vless,raw,reality,failed,failed_unverified,0,timeout,2,,
f78d766c145e0e03391e0b78b2cff8b0d5e8d29e1b331b2bb21c925657c06429,BG,Bulgaria,,vmess,httpupgrade,tls,failed,failed_unverified,0,timeout,2,,
f799fdb437631cc497bafaa6c1a2b7335542226495007a902cf98b0c443ab203,,Unknown,,vmess,websocket,tls,failed,failed_unverified,0,reset,1,,
f7b6dfad8b363b5ee3fc5f0de39c7500a5acfe5a008296b981ba2238ad5f1f26,RU,Russia,,vless,raw,reality,failed,failed_unverified,0,reset,1,,
f7c05e1d630143c17b278a8101d6fceccb7a04f57e0ba6a80d1abd56d7abbce5,BG,Bulgaria,,vmess,xhttp,tls,failed,failed_unverified,0,timeout,2,,
f7c1f54d2f7a492f154d3dde0a2c8899775767e92d5f862d742a7ad0655bf974,,Unknown,,vmess,websocket,tls,failed,failed_unverified,0,reset,1,,
f7cc670a5b50da12b9e09bccb5a5db0d1a61313b51115e6a1d6f2609a5ef812d,US,United_States,,vless,websocket,tls,failed,failed_unverified,0,timeout,2,,
f7ccba7142df8c67daadd8cdf614595de405c1b325dc74b9dd68c2db35201e4d,,Unknown,,vless,websocket,tls,failed,failed_unverified,0,eof,1,,
f7ce49fb10c147032466218c188c91799bf36c6b7752150f012c5fd6967028fd,BR,Brazil,,vless,raw,reality,failed,failed_unverified,0,eof,1,,
f7dd7cd3872575cd1a7018ffa2607f036ea06ffbea32d39017b1a3df4df6ff96,FR,France,,vless,websocket,tls,failed,failed_unverified,0,reset,1,,
f7e0e7cf862e0b551e44c04eba6a469fc48de0ca4d907395dcf58cd68d35c7b2,,Unknown,FI,vless,raw,reality,geo_resolved,fresh_verified,0,,1,http,3600
f7e599b4edc09040c0ca06a66541142322e5cc453f86982d1fc8f5f6b31e5efa,US,United_States,,vless,grpc,tls,failed,failed_unverified,0,timeout,2,,
f7e82c74a87ba58581b35c1b6bd596d76d735b29559cc5a7030a44891d42121e,US,United_States,,vless,xhttp,tls,failed,failed_unverified,0,reset,1,,
f7f0e707f866d7cb8b7467e693ad3d44189f82873901d5413acb7e81e3a094b4,,Unknown,,vless,raw,reality,failed,failed_unverified,0,eof,1,,
f7f8763bd3785b53764b5c88d5602ceb47c94b765fbade483a80bf952d95773a,SC,Seychelles,DE,vless,raw,reality,geo_resolved,fresh_verified,0,,1,http,3993
f8181b3208efeda2df0cf965e49e7fd9404eb26d1d1ff0864b566987c75832ef,US,United_States,,vless,xhttp,tls,failed,failed_unverified,0,reset,1,,
f82e482aef73dce49cb75b07bcf15fc2d2bb99ab096957eafe02e2c30ee0d68b,,Unknown,,vless,raw,reality,failed,failed_unverified,0,timeout,1,,
f82f5243474546acc523994878f105d3cebc12f089ce3d114754cde196fbbd68,US,Us,,vless,websocket,tls,failed,failed_unverified,0,eof,1,,
f8378dd73da2229e54fe379cfee3b132c60e08e837deb7bd48d78ad115458a29,,Unknown,,vmess,websocket,tls,failed,failed_unverified,0,eof,1,,
f838983623fe1414f09b701fe4a751c945cd9e9e2e9f288219a6c90447c033ee,,Unknown,HK,vmess,websocket,tls,geo_resolved,fresh_verified,0,,1,https,2678
f84258e43b6388392ecc77dd2ec7c4cca60e3801c2f11f08732272920da98d18,,Unknown,DE,vless,websocket,tls,geo_resolved,fresh_verified,0,,1,http,1193
f8692f8784abf6411e74a67ca6ae2f97fd91002e458e439d3c33f7b7e9e1825f,,Unknown,,vless,raw,reality,failed,failed_unverified,0,reset,1,,
f880413a0032a14310fd1e8dc0851b3d47693a36152ef34e7bc541befa83fbc2,CH,Switzerland,,vmess,websocket,tls,failed,failed_unverified,0,reset,1,,
f88e1996e9c73132e407526bf29b4011e4bd8f177d6bb386cfe5339476405172,SG,Singapore,,vless,raw,reality,failed,failed_unverified,0,eof,1,,
f8b521d9a0747e11874d2955d69e584ea374dc80638e244ea2b7ba8001bf4ae0,,Unknown,,vless,xhttp,tls,failed,failed_unverified,0,eof,1,,
f8c5c9ee98750ec5c8b8ee6e306c658b59ab7d6b04d5a3676661ef9a40909378,,Unknown,,vless,raw,reality,failed,failed_unverified,0,eof,1,,
f8cb77a51e25d495e86b4af4da6e240c33b601d0bd38a5db9d897c3a6dd53cee,,Unknown,,vless,raw,reality,failed,failed_unverified,0,eof,1,,
f8dc61c8aebe23b84d89cc0d15e49c0ac6b568894a808fdc3bb3410bab0821c2,US,United_States,,vless,xhttp,reality,failed,failed_unverified,0,timeout,2,,
f8dd53856576478a25574f0b479227bdad03bc81266cfad5dd3d567b8c28d071,LV,Latvia,,vmess,websocket,tls,failed,failed_unverified,0,timeout,2,,
f8e50e8b29a05f21cf215c3c162db67e393bd60f011aae880cbd19d28437655a,,Unknown,DE,vless,xhttp,tls,failed,preserved_last_known,2,eof,1,,
f8e6665e82f6dcad87d400bec89ab7fc20a0fcf530b2067de2275aceec07c492,MU,Mauritius,,vless,raw,reality,failed,failed_unverified,0,timeout,2,,
f8f290868e4497a6ee607f59d7b4a911bd93bbe690a8442e65a08c75d444187e,US,United_States,,vless,websocket,tls,failed,failed_unverified,0,eof,1,,
f9005faf042d4c779d35843efaa0a183fc31a56ec845a69ab529a4316c11f61d,PL,Poland,FR,vless,websocket,tls,geo_resolved,fresh_verified,0,,1,http,815
f90ec5aa09597289f4c5bc12fe8ecfabe4cf12c02ff249f5521204a8dfee0178,,The_Netherlands,,vmess,websocket,tls,failed,failed_unverified,0,reset,1,,
f918f0918c7a34d475561c9f1c6e73b95c35be0ddf80c2565a3079d75d522e8b,LT,Lithuania,LT,vless,raw,reality,failed,preserved_last_known,2,eof,1,,
f91f90f934fe20c04822e84bb28493dfbe4c3dda758f58855111bef346044cc1,,The_Netherlands,NL,vless,raw,reality,geo_resolved,fresh_verified,0,,1,http,2100
f92c03f6362cd25c7f55f6825f696ce6acf4eafe7f9dc80f7325aac8f11affd6,CH,Switzerland,,vless,grpc,reality,failed,failed_unverified,0,reset,1,,
f935946f243186ee38276e49c1c43fced6374fe9e2051e79e271807f37eb7f51,CN,China,,vless,grpc,reality,failed,failed_unverified,0,eof,1,,
f9453dcd061ef9fcf292071a43ae7257e155012a4770635f54b5542f9fe40ffc,US,United_States,NL,vless,websocket,tls,geo_resolved,fresh_verified,0,,1,http,1511
f94a37e190e7c512e5323379011a45773786c53d432802aa359157b11aefd1e5,BZ,Belize,,vless,grpc,reality,failed,failed_unverified,0,timeout,1,,
f959a0a6b13eaaa28586d762bcde3ab89460b90015de9b339c74628863db4a3f,DE,Germany,,vless,raw,reality,failed,failed_unverified,0,eof,1,,
f961bb1e028327779f99cf3aeea3006f78abdc58660f3a99783e2776a20d03d1,US,United_States,,vless,xhttp,reality,failed,failed_unverified,0,eof,1,,
f97b43f6442e96c7a57821ec107ddb56082b0968f752ab58e862c306ab111b45,TR,Turkiye,,vless,xhttp,tls,failed,failed_unverified,0,reset,1,,
f98222d4faadf002aaade466f8361a3aff53a345b9ed35251e5cbf81a855eeb5,US,United_States,,vless,grpc,reality,failed,failed_unverified,0,eof,1,,
f99f1ce0175fd6ccadf70b13d51dc4c8fbc9ff25c160c480bc839f7832e18f66,IE,Ireland,,vless,raw,reality,failed,failed_unverified,0,reset,1,,
f9c562c551f354b0fe026d253ce872b536a4f1eb130f4227404aa783550a744a,GB,United_Kingdom,,vless,raw,reality,failed,failed_unverified,0,reset,1,,
f9f5a6d22e22ee6b3f24fb7c89d3873aebf6d192d7900f460c44918d27363c2a,US,United_States,,vless,raw,reality,failed,failed_unverified,0,reset,1,,
fa1e2c94f927c652ee07b8a94d78ae5e9f7f86420d90484d329c2b5b005809d0,,Unknown,,vless,raw,reality,failed,failed_unverified,0,eof,1,,
fa2aa0241e5136903dd142cd514c33ddc8b77addc631b8cb8ae09aa45b5b9738,US,United_States,US,vless,raw,reality,geo_resolved,fresh_verified,0,,1,http,2337
fa3a13b1bb47da46753e1e5df6c5c251229a2ad74d6741140ae43694c9ce9d97,,Unknown,,vless,raw,reality,failed,failed_unverified,0,reset,1,,
fa4c698e59e675fffc3bbfe1724fbe770dbd7bb23d2bf0fa95c2c734af8c706b,HK,Hong_Kong,,vmess,websocket,tls,failed,failed_unverified,0,timeout,2,,
fa51447f02f6bd71619f382ebd71bf29240a3eec2f9051fb3b8290c97eee9f84,US,United_States,,vless,websocket,tls,failed,failed_unverified,0,reset,1,,
fa592db72e9568377a364790c291db481737cf410d19f7492d45e3be95d6af54,SE,Sweden,,vmess,websocket,tls,failed,failed_unverified,0,reset,1,,
fa6d74b74d5bc83e05635fa4b79926576bab035dca69372ac246ffbe4c9b3c74,RU,Russia,,vless,raw,reality,failed,failed_unverified,0,eof,1,,
fa6ecc54cfa4e197ca7a3821e5d4899a80acf4d7c8620ac149e5150c12225c3f,TR,Turkiye,,vless,raw,tls,failed,failed_unverified,0,timeout,2,,
fa8623a4a9dea5d6b362d0ff4b2abe5747f17ccf9792d3dac40dbf8d1add04f0,US,United_States,US,vless,raw,reality,geo_resolved,fresh_verified,0,,1,http,2379
fa9860a0363e8f8c0b25e8781ad64ed287eaceebd162e4b7669651a9378b21d2,US,United_States,,vless,websocket,tls,failed,failed_unverified,0,reset,1,,
fad16af05dc6afc1ef474fa189e8026efb112ad1bdea2e0f43beffcd27f8d735,,Unknown,,vmess,websocket,tls,failed,failed_unverified,0,timeout,2,,
fadb93725a06007c7c3f33b17f0cd4d4859e114a3b2bbca12e886c97b95905b2,,Unknown,,vless,xhttp,tls,failed,failed_unverified,0,eof,1,,
fadf9fd516449d1c831cb2c685399a5c5b96d8620fda2b0638fdc00a21ba684c,US,United_States,NL,vless,websocket,tls,geo_resolved,fresh_verified,0,,1,http,1378
faf036053c31bada355f37dde1d6c3dc50ff6c2d71a9a4a1130ae1faf517828b,US,United_States,,vmess,websocket,tls,failed,failed_unverified,0,timeout,2,,
faf201fc76656b8612d535572be2090069af44258d8667de75bf8148678e3457,ES,Spain,,vless,raw,reality,failed,failed_unverified,0,timeout,2,,
faf3069b4762d8f2fd9eadce05e4f8ab1d74677ab27f2b99d8cff1a351b0d80b,IR,Iran,,vless,raw,reality,failed,failed_unverified,0,timeout,2,,
fb00471bfcc0cadfa9c7bdddb027fe4ada81f8875a246625d2a3bc9a7e48ccb6,,Unknown,,vmess,websocket,tls,failed,failed_unverified,0,timeout,2,,
fb232c5cc557b4c0b5edd160647aa2dabf6550a2745ba0f6f9327396eebc4358,RU,Russia,,vless,raw,reality,failed,failed_unverified,0,eof,1,,
fb3386e48816de1b970a9af477949e5543419940c799f52d79787cecb9c2d8ba,,The_Netherlands,,vmess,websocket,tls,failed,failed_unverified,0,reset,1,,
fb415066c88221aa6207047955b649714a25a26bd9445a43903e3ada6b9c71fd,US,United_States,,vless,websocket,tls,failed,failed_unverified,0,reset,1,,
fb4a4bad03ea5ad85bab344159e9c27f1b2e6ef6d92140c0e22ca6c684d291e0,US,Us,,vless,websocket,tls,failed,failed_unverified,0,eof,1,,
fb4ccb5853f05842b4821be1cd42c2b4b2ff512efdb734f87d8220801960f15b,PL,Poland,,vless,websocket,tls,failed,failed_unverified,0,eof,1,,
fb5730fca6955d94cc4dd731c6c184a56f4604c3f8439dc59edef8e57681891b,,Unknown,,vless,xhttp,tls,failed,failed_unverified,0,reset,1,,
fb584f574c88d38a62e1740bcd9cdb101c7fbc01a4392811526de047abeabe79,US,Us,,vmess,websocket,tls,failed,failed_unverified,0,timeout,2,,
fb65fb8f2ff1e358171c9ada7a0bc6c5e61e63b7719557f0e89af59f75e82cc1,GB,United_Kingdom,,vless,raw,reality,failed,failed_unverified,0,eof,1,,
fb7564d14025e4dd1e8ecccc787a8bf763f6f8b6ba58e5dea1c336a35291355d,BR,Brazil,,vless,raw,reality,failed,failed_unverified,0,reset,1,,
fb8edb7d153c34a2939bb0ed1f4689983e0f533703c73694983e1731ff4ecc16,,Unknown,,vless,websocket,tls,failed,failed_unverified,0,reset,1,,
fb9e6af191613ff823db3042e73e112e060e09dbb2406eb98dede8e832f35294,DE,Germany,,vless,raw,reality,failed,failed_unverified,0,eof,1,,
fba03e36d966d70e4e32388d9ed04f1aedc7556b35969873f9216ce8e269fca3,SG,Singapore,,vless,raw,reality,failed,failed_unverified,0,eof,1,,
fbade50ac687a1dde0b587416c6856739421e8e0ed5d08e8dfb997007a69e1b6,,Unknown,,vless,xhttp,tls,failed,failed_unverified,0,reset,1,,
fbc977f8c1fd180ce295f613999536402b1dc08540d5176b8b779ab6261bbfb1,US,Us,,vless,websocket,tls,failed,failed_unverified,0,reset,1,,
fbec60152d4af4306cdaa5949e7a3462287ce1a03597e3fa619191a0bc0c9e97,GB,United_Kingdom,,vmess,xhttp,tls,failed,failed_unverified,0,reset,1,,
fbff6309cc52e114b51babc31106dec5e8276002bbfbcb3b12dc4df6ff109d49,US,United_States,,vless,websocket,tls,failed,failed_unverified,0,eof,1,,
fc10e42838e0dea27f6c9d13dc429457ff12c189737799825892e3b72ff6e7cd,,Unknown,,vless,raw,reality,failed,failed_unverified,0,timeout,2,,
fc180ed5db86310ebdc2987d1a9cb00c87aed092db39d0e04c18374769213cbe,GB,United_Kingdom,GB,vless,raw,reality,geo_resolved,fresh_verified,0,,1,http,3101
fc1dfd4ae84de012fb05498ee9fdc4ab2c5c5c2127440f22d043c169a7a21df9,RU,Russia,,vless,raw,reality,failed,failed_unverified,0,eof,1,,
fc26ed31dca38eab7576f8c581574cca94a1756af41f7f547d5d039b45036451,ES,Spain,,vmess,websocket,tls,failed,failed_unverified,0,reset,1,,
fc2c0e37bc27abaf589f3214fbfa3ffa3b47946e3f2543705058a34b3a2e5a17,HK,Hong_Kong,,vmess,websocket,tls,failed,failed_unverified,0,reset,1,,
fc2e0b501cdc73b5bdbf2b0d5c350f028c6c0f1efff5676db30e2837dbb876de,,Unknown,,vless,xhttp,tls,failed,failed_unverified,0,reset,1,,
fc31e7cd9d04d0f4c316b75c4494ab0a63a14988a255e3165d69eb4daf6e357b,US,United_States,,vless,websocket,tls,failed,failed_unverified,0,eof,1,,
fc36d54bed4a781eef2c4ce2abfbc1e6f65606216ce7b82ef46ec4d946fa178a,,Unknown,,vmess,websocket,tls,failed,failed_unverified,0,timeout,2,,
fc3a93bdd989f1620140b405ea2d3dbb1583dd57c3f3d732bc1a0286b44014ef,,The_Netherlands,NL,vless,raw,reality,geo_resolved,fresh_verified,0,,1,http,2111
fc3bfe7c3ee9ab68c764ee7d714988b9b6ce8d659540ead84726f4e7ea0bb9c3,HK,Hong_Kong,,vmess,websocket,tls,failed,failed_unverified,0,timeout,2,,
fc425445c7d038afeae0455b6328ee90b6e86afdfc866824c448974ff7c2bcd0,,Unknown,,vmess,websocket,tls,failed,failed_unverified,0,eof,1,,
fc8274a95872fa311809e157927da16639051210e83cc81904aa72f2656dd9ec,FR,France,FR,vless,raw,reality,geo_resolved,fresh_verified,0,,1,http,2128
fc91c32e156717a81b9d3dc5e363291a6e0cf8a50e2fda172587961bb90e0349,,Unknown,,vless,grpc,tls,failed,failed_unverified,0,eof,1,,
fcacea1ac2d928ad5d78f8335a21ffd37eaeb32583b164b3a8bbd5cf851c469d,,Unknown,,vless,raw,reality,failed,failed_unverified,0,timeout,2,,
fcb42bd80bcbb6d919cb9940fadb5911e0df01cae036a88fba802427ac2a203a,US,United_States,,vless,raw,reality,failed,failed_unverified,0,eof,1,,
fcb4302615e20fdb1b97903f49c7a771335ca39b259ad1b04367e5439f4cd65a,US,United_States,,vless,xhttp,reality,failed,failed_unverified,0,timeout,2,,
fccbead270088b9d157f47a39a323ce8018b83cd2ac0d20eaced67fc5dc43f22,PL,Poland,PL,vless,raw,reality,geo_resolved,fresh_verified,0,,1,http,2362
fcf9d38c3301e70735e1cbb0a831e12026e2cdf7bc115ae9b003361676584e18,CO,Colombia,,vmess,raw,tls,failed,failed_unverified,0,reset,1,,
fd098ef6c306c1434d57fe72a8762bd04177f63c01ad1014de8bfbfbe38462b8,IR,Iran,,vless,raw,tls,failed,failed_unverified,0,timeout,2,,
fd1558d641fed64619f47a4a50c2628e9722de9983aaf2dc7dcf8f08a62b12f0,RU,Russia,RU,vless,xhttp,tls,geo_resolved,fresh_verified,0,,1,http,2287
fd2c640b13a99eb7f5da98ea6516daef78b95a272b7457761bd6bd0b817b70c9,,Unknown,,vmess,websocket,tls,failed,failed_unverified,0,timeout,2,,
fd51ba0e07c3fac7ace0fd03b5a7b0843be0d99750506a92ddd3af721981f4f0,,Unknown,,vmess,websocket,tls,failed,failed_unverified,0,timeout,2,,
fd617c58f0b6dd81bfe9996ffaef2219602a02002127241439fb96182b670be0,,Unknown,,vless,websocket,tls,failed,failed_unverified,0,reset,1,,
fd64e7b60af7fdeb854e3595906afa1a8f34b4c273120174e969d09f79294d6d,,Unknown,,vless,websocket,tls,failed,failed_unverified,0,reset,1,,
fd6d3a5de9334dc5c5a0a5701dd5295de6d08438876afa24225db637baa5da6d,EE,Estonia,,vless,raw,reality,failed,failed_unverified,0,reset,1,,
fd761d36841b4284262806b591d65ac27c9bc64a6b5119a77f180264317b4979,,Unknown,,vmess,websocket,tls,failed,failed_unverified,0,eof,1,,
fd8cf3bf2b1d51c127c06ebf71124f6ff33f212f5a3703631793dcb57144d73c,GB,United_Kingdom,,vmess,websocket,tls,failed,failed_unverified,0,reset,1,,
fd901e1765da5d60127bf9050d55025c7df9c5399259f3ac560a2a7d28ecc54b,,Unknown,,vless,websocket,tls,failed,failed_unverified,0,reset,1,,
fda768c4731f502cc440d36638a9d4c378372b600c2afc99b001cbddb165e253,DE,Germany,,vmess,xhttp,tls,failed,failed_unverified,0,timeout,2,,
fdc747e61052384acc8e2690cfa149b699eb9a8c29647ec0e2c88b96077bca85,US,Us,,vless,websocket,tls,failed,failed_unverified,0,reset,1,,
fdd5909396e130324c13b6095b0d47dc7efb54a159ac13e31a68cfeae9e9ce05,HU,Hungary,RS,vless,grpc,reality,geo_resolved,fresh_verified,0,,1,http,2173
fddfa6fd6c6f0c2b59d3e39f55efd1c44dbf45730c8b7bda01be06ef9f710edd,,Unknown,,vmess,websocket,tls,failed,failed_unverified,0,timeout,2,,
fdf6bccfc95a24933c9642dc693ac0cfd68af38fe2f3a693c32ad77fdabcfd0d,,Unknown,HK,vmess,websocket,tls,geo_resolved,fresh_verified,0,,1,http,1819
fe01d884366a36a3eab41eb146b338b18c73d250fbe2519275cc52bd78197e23,,The_Netherlands,,vless,raw,reality,failed,failed_unverified,0,eof,1,,
fe282657535f78d273e894bdbd8863a74876633f852fcf98f55ba04e38eb96ad,DE,Germany,DE,vless,raw,reality,failed,preserved_last_known,1,timeout,2,,
fe2a28f0ebc9905db7868c0155d1ac4088091dc01cbc0b574a227bd2e73bb525,,Unknown,,vless,raw,reality,failed,failed_unverified,0,reset,1,,
fe2fe26a0aa82ed0e67a8153da8f922f842fd469fa7e419bcde562de709eff0e,,Unknown,,vmess,websocket,tls,failed,failed_unverified,0,reset,1,,
fe4a5d86488b9475f194220ed93b33d2ea56fe828e513fe888bc3d05da55844e,US,United_States,,vless,websocket,tls,failed,failed_unverified,0,reset,1,,
fe5ac076dece4d4c3e5f1b162fd9a74198d256ef1d673a7791129b0a525f15db,AT,Austria,,vless,xhttp,reality,failed,failed_unverified,0,timeout,2,,
fe5ddf379a85db4432ce00c0e5cd33edf270a03a6c04c4b5d9c9b50195cf119a,US,United_States,,vless,websocket,tls,failed,failed_unverified,0,eof,1,,
fe86183ad5b80936ae78d221d1202b28ba543065ad69ff5a062b881432b9c0a9,,Unknown,,vless,websocket,tls,failed,failed_unverified,0,reset,1,,
fea101ed665e90dab7bfd084cb33b2c896f2b63f1018373b879e7b0e360bede8,US,United_States,,vless,raw,tls,failed,failed_unverified,0,eof,1,,
fea81258705b125adda42165f432e61dcdd24003ad16d3f68ffb5f84917dbd56,BR,Brazil,US,vless,raw,reality,failed,preserved_last_known,2,eof,1,,
fec1500e7b81b872a81acaa8b9f393db4b7f1d566638008f32bb612ced7347e3,,Unknown,,vless,raw,tls,failed,failed_unverified,0,timeout,2,,
fec77f33827919286063922861666884aac800ef4e286016076651f8848e58d5,US,Us,,vmess,websocket,tls,failed,failed_unverified,0,reset,1,,
fed28e3b4df8c335ccc510235702ceab7c2bfa32a7b79b4e14bde989cfb7317e,,Unknown,,vless,xhttp,tls,failed,failed_unverified,0,eof,1,,
fee0dd14c0dfdd07fdfda31ee6cc26be22d137bbce29b9bc25c33f4c2008e963,,Unknown,,vmess,websocket,tls,failed,failed_unverified,0,reset,1,,
fee373fdeacfb838a206a69eb50f498ab0d880ea424dc1e65f2666cdb243b20d,,Unknown,,vmess,grpc,tls,failed,failed_unverified,0,reset,1,,
ff08526eb9893492d08caeca247558a942a524fe2fe5464014d39fb0e022cde4,US,United_States,LV,vless,raw,reality,geo_resolved,fresh_verified,0,,1,http,1464
ff25d4b2f3b6c088fc8e1507d8f427ccddfc19e7f698c81b5f6631ab74cfa303,,The_Netherlands,,vless,raw,reality,failed,failed_unverified,0,timeout,2,,
ff314567b813dbb36f5acc244eeca0232280b0056dad4d85a24cc1df8ee22e44,,The_Netherlands,,vmess,websocket,tls,failed,failed_unverified,0,timeout,2,,
ff4288533e9c05427d819f2a63d340e563b60a2c9918f26ecf115c1c422242d8,RU,Russia,,vless,grpc,reality,failed,failed_unverified,0,timeout,1,,
ff43def25a37e1c558b7edf3452f97acadc4af79a5e8fb48565ba47197dc61ef,,Unknown,,vless,websocket,tls,failed,failed_unverified,0,reset,1,,
ff7a2ceb4416faa0bd4ab8e25d6bc18021207c12745b5f24575e7af6ff2dd81d,ID,Indonesia,ID,vless,raw,reality,geo_resolved,fresh_verified,0,,1,http,1646
ff8bae0552e59eb664e07e7ea7cbd214f8cff8e6ad7ec42f465cf20a38fb7a6f,,Unknown,,vless,websocket,tls,failed,failed_unverified,0,timeout,2,,
ff924db52b6db94c88630d26a70081390c6e730ba4c4f1fe48bfcbe284495561,,Unknown,,vmess,grpc,tls,failed,failed_unverified,0,reset,1,,
ff9fc3808908dc70f2dc9ef294a82bf534f541f3f7b156ac5e5f0f1030e74b04,IN,India,,vless,websocket,tls,failed,failed_unverified,0,eof,1,,
ffa26d7f52a5f1bf8f97f792860aa65a80b7fd48e7f76e14fee318f24c4b609a,US,Us,,vmess,websocket,tls,failed,failed_unverified,0,timeout,2,,
ffabfbdc4c6a8d01eedd9d64c124f5e0742d391a0b9f647d209c23fce995887c,IN,India,,vless,websocket,tls,failed,failed_unverified,0,eof,1,,
ffaf4b3c1b3fe43179af8f8d989ab9a1eb620303d26eb3d5dcc3bc24f5a8deb4,,Unknown,FR,vless,raw,tls,failed,preserved_last_known,1,reset,1,,
ffaff780ed66e928c631609e4a6b04bf06199300faf66f9faebcf40b203782af,HK,Hong_Kong,,vmess,websocket,tls,failed,failed_unverified,0,timeout,2,,
ffc5e9121ab4b15fb3ae9f2942c011a54d7ff37fb012d07ee47a9c76f1196002,,The_Netherlands,,vmess,websocket,tls,failed,failed_unverified,0,reset,1,,
ffd665c6c6a12b942a280bfb33027fb725394ceca371ed4a958bf3e06fa251dd,GB,United_Kingdom,FI,vless,raw,reality,geo_resolved,fresh_verified,0,,1,http,2139
ffe1ca131763420a6da6a0cd3cf16fa1d5a15029dafa9a3dd1857945af9fe25c,GB,United_Kingdom,,vless,raw,reality,failed,failed_unverified,0,eof,1,,
